ISO-10303-21;
HEADER;
/* Generated by software containing ST-Developer
 * from STEP Tools, Inc. (www.steptools.com) 
 */
/* OPTION: using custom renumber hook */

FILE_DESCRIPTION(
/* description */ ('STEP AP242 Edition 2',
'CAx-IF Rec.Pracs.---Representation and Presentation of Product Manufa
cturing Information (PMI)---4.0---2014-10-13',
'CAx-IF Rec.Pracs.---3D Tessellated Geometry---0.4---2014-09-14','2;1',
'CAx-IF Rec.Pracs.---User Defined Attributes---1.5---2016-08-15'),
/* implementation_level */ '2;1');

FILE_NAME(
/* name */ 'Part Studio 1 - Part 1',
/* time_stamp */ '2026-09-27T12:11:53Z',
/* author */ (''),
/* organization */ (''),
/* preprocessor_version */ 'ST-DEVELOPER v20',
/* originating_system */ 'ONSHAPE BY PTC INC, 1.221',
/* authorisation */ '  ');

FILE_SCHEMA (('AP242_MANAGED_MODEL_BASED_3D_ENGINEERING_MIM_LF { 1 0 10303 442 3 1 4 }'));
ENDSEC;

DATA;
#10=SHAPE_REPRESENTATION_RELATIONSHIP('','',#5316,#11);
#11=ADVANCED_BREP_SHAPE_REPRESENTATION('',(#5314),#8546);
#12=B_SPLINE_SURFACE_WITH_KNOTS('',3,1,((#7352,#7353),(#7354,#7355),(#7356,
#7357),(#7358,#7359)),.SURF_OF_LINEAR_EXTRUSION.,.F.,.F.,.F.,(4,4),(2,2),
(0.,1.),(0.,1.),.PIECEWISE_BEZIER_KNOTS.);
#13=B_SPLINE_SURFACE_WITH_KNOTS('',3,1,((#7367,#7368),(#7369,#7370),(#7371,
#7372),(#7373,#7374)),.SURF_OF_LINEAR_EXTRUSION.,.F.,.F.,.F.,(4,4),(2,2),
(0.,1.),(0.,1.),.PIECEWISE_BEZIER_KNOTS.);
#14=B_SPLINE_SURFACE_WITH_KNOTS('',3,1,((#7396,#7397),(#7398,#7399),(#7400,
#7401),(#7402,#7403)),.SURF_OF_LINEAR_EXTRUSION.,.F.,.F.,.F.,(4,4),(2,2),
(0.,1.),(0.,1.),.PIECEWISE_BEZIER_KNOTS.);
#15=B_SPLINE_SURFACE_WITH_KNOTS('',3,1,((#7409,#7410),(#7411,#7412),(#7413,
#7414),(#7415,#7416)),.SURF_OF_LINEAR_EXTRUSION.,.F.,.F.,.F.,(4,4),(2,2),
(0.,1.),(0.,1.),.PIECEWISE_BEZIER_KNOTS.);
#16=B_SPLINE_SURFACE_WITH_KNOTS('',3,1,((#7430,#7431),(#7432,#7433),(#7434,
#7435),(#7436,#7437)),.SURF_OF_LINEAR_EXTRUSION.,.F.,.F.,.F.,(4,4),(2,2),
(0.,1.),(0.,1.),.PIECEWISE_BEZIER_KNOTS.);
#17=B_SPLINE_SURFACE_WITH_KNOTS('',3,1,((#7443,#7444),(#7445,#7446),(#7447,
#7448),(#7449,#7450)),.SURF_OF_LINEAR_EXTRUSION.,.F.,.F.,.F.,(4,4),(2,2),
(0.,1.),(0.,1.),.PIECEWISE_BEZIER_KNOTS.);
#18=B_SPLINE_SURFACE_WITH_KNOTS('',3,1,((#7456,#7457),(#7458,#7459),(#7460,
#7461),(#7462,#7463)),.SURF_OF_LINEAR_EXTRUSION.,.F.,.F.,.F.,(4,4),(2,2),
(0.,1.),(0.,1.),.PIECEWISE_BEZIER_KNOTS.);
#19=B_SPLINE_SURFACE_WITH_KNOTS('',3,1,((#7469,#7470),(#7471,#7472),(#7473,
#7474),(#7475,#7476)),.SURF_OF_LINEAR_EXTRUSION.,.F.,.F.,.F.,(4,4),(2,2),
(0.,1.),(0.,1.),.PIECEWISE_BEZIER_KNOTS.);
#20=B_SPLINE_SURFACE_WITH_KNOTS('',3,1,((#7482,#7483),(#7484,#7485),(#7486,
#7487),(#7488,#7489)),.SURF_OF_LINEAR_EXTRUSION.,.F.,.F.,.F.,(4,4),(2,2),
(0.,1.),(0.,1.),.PIECEWISE_BEZIER_KNOTS.);
#21=B_SPLINE_SURFACE_WITH_KNOTS('',3,1,((#7502,#7503),(#7504,#7505),(#7506,
#7507),(#7508,#7509)),.SURF_OF_LINEAR_EXTRUSION.,.F.,.F.,.F.,(4,4),(2,2),
(0.,1.),(0.,1.),.PIECEWISE_BEZIER_KNOTS.);
#22=B_SPLINE_SURFACE_WITH_KNOTS('',3,1,((#7519,#7520),(#7521,#7522),(#7523,
#7524),(#7525,#7526)),.SURF_OF_LINEAR_EXTRUSION.,.F.,.F.,.F.,(4,4),(2,2),
(0.,1.),(0.,1.),.PIECEWISE_BEZIER_KNOTS.);
#23=B_SPLINE_SURFACE_WITH_KNOTS('',3,1,((#7542,#7543),(#7544,#7545),(#7546,
#7547),(#7548,#7549)),.SURF_OF_LINEAR_EXTRUSION.,.F.,.F.,.F.,(4,4),(2,2),
(0.,1.),(0.,1.),.PIECEWISE_BEZIER_KNOTS.);
#24=B_SPLINE_SURFACE_WITH_KNOTS('',3,1,((#7556,#7557),(#7558,#7559),(#7560,
#7561),(#7562,#7563)),.SURF_OF_LINEAR_EXTRUSION.,.F.,.F.,.F.,(4,4),(2,2),
(0.,1.),(0.,1.),.PIECEWISE_BEZIER_KNOTS.);
#25=B_SPLINE_SURFACE_WITH_KNOTS('',3,1,((#7569,#7570),(#7571,#7572),(#7573,
#7574),(#7575,#7576)),.SURF_OF_LINEAR_EXTRUSION.,.F.,.F.,.F.,(4,4),(2,2),
(0.,1.),(0.,1.),.PIECEWISE_BEZIER_KNOTS.);
#26=B_SPLINE_SURFACE_WITH_KNOTS('',3,1,((#7584,#7585),(#7586,#7587),(#7588,
#7589),(#7590,#7591)),.SURF_OF_LINEAR_EXTRUSION.,.F.,.F.,.F.,(4,4),(2,2),
(0.,1.),(0.,1.),.PIECEWISE_BEZIER_KNOTS.);
#27=B_SPLINE_SURFACE_WITH_KNOTS('',3,1,((#7597,#7598),(#7599,#7600),(#7601,
#7602),(#7603,#7604)),.SURF_OF_LINEAR_EXTRUSION.,.F.,.F.,.F.,(4,4),(2,2),
(0.,1.),(0.,1.),.PIECEWISE_BEZIER_KNOTS.);
#28=B_SPLINE_SURFACE_WITH_KNOTS('',3,1,((#7610,#7611),(#7612,#7613),(#7614,
#7615),(#7616,#7617)),.SURF_OF_LINEAR_EXTRUSION.,.F.,.F.,.F.,(4,4),(2,2),
(0.,1.),(0.,1.),.PIECEWISE_BEZIER_KNOTS.);
#29=B_SPLINE_SURFACE_WITH_KNOTS('',3,1,((#7623,#7624),(#7625,#7626),(#7627,
#7628),(#7629,#7630)),.SURF_OF_LINEAR_EXTRUSION.,.F.,.F.,.F.,(4,4),(2,2),
(0.,1.),(0.,1.),.PIECEWISE_BEZIER_KNOTS.);
#30=B_SPLINE_SURFACE_WITH_KNOTS('',3,1,((#7636,#7637),(#7638,#7639),(#7640,
#7641),(#7642,#7643)),.SURF_OF_LINEAR_EXTRUSION.,.F.,.F.,.F.,(4,4),(2,2),
(0.,1.),(0.,1.),.PIECEWISE_BEZIER_KNOTS.);
#31=B_SPLINE_SURFACE_WITH_KNOTS('',3,1,((#7649,#7650),(#7651,#7652),(#7653,
#7654),(#7655,#7656)),.SURF_OF_LINEAR_EXTRUSION.,.F.,.F.,.F.,(4,4),(2,2),
(0.,1.),(0.,1.),.PIECEWISE_BEZIER_KNOTS.);
#32=B_SPLINE_SURFACE_WITH_KNOTS('',3,1,((#7662,#7663),(#7664,#7665),(#7666,
#7667),(#7668,#7669)),.SURF_OF_LINEAR_EXTRUSION.,.F.,.F.,.F.,(4,4),(2,2),
(0.,1.),(0.,1.),.PIECEWISE_BEZIER_KNOTS.);
#33=B_SPLINE_SURFACE_WITH_KNOTS('',3,1,((#7675,#7676),(#7677,#7678),(#7679,
#7680),(#7681,#7682)),.SURF_OF_LINEAR_EXTRUSION.,.F.,.F.,.F.,(4,4),(2,2),
(0.,1.),(0.,1.),.PIECEWISE_BEZIER_KNOTS.);
#34=B_SPLINE_SURFACE_WITH_KNOTS('',3,1,((#7688,#7689),(#7690,#7691),(#7692,
#7693),(#7694,#7695)),.SURF_OF_LINEAR_EXTRUSION.,.F.,.F.,.F.,(4,4),(2,2),
(0.,1.),(0.,1.),.PIECEWISE_BEZIER_KNOTS.);
#35=B_SPLINE_SURFACE_WITH_KNOTS('',3,1,((#7708,#7709),(#7710,#7711),(#7712,
#7713),(#7714,#7715)),.SURF_OF_LINEAR_EXTRUSION.,.F.,.F.,.F.,(4,4),(2,2),
(0.,1.),(0.,1.),.PIECEWISE_BEZIER_KNOTS.);
#36=B_SPLINE_SURFACE_WITH_KNOTS('',3,1,((#7725,#7726),(#7727,#7728),(#7729,
#7730),(#7731,#7732)),.SURF_OF_LINEAR_EXTRUSION.,.F.,.F.,.F.,(4,4),(2,2),
(0.,1.),(0.,1.),.PIECEWISE_BEZIER_KNOTS.);
#37=B_SPLINE_SURFACE_WITH_KNOTS('',3,1,((#7742,#7743),(#7744,#7745),(#7746,
#7747),(#7748,#7749)),.SURF_OF_LINEAR_EXTRUSION.,.F.,.F.,.F.,(4,4),(2,2),
(0.,1.),(0.,1.),.PIECEWISE_BEZIER_KNOTS.);
#38=B_SPLINE_SURFACE_WITH_KNOTS('',3,1,((#7759,#7760),(#7761,#7762),(#7763,
#7764),(#7765,#7766)),.SURF_OF_LINEAR_EXTRUSION.,.F.,.F.,.F.,(4,4),(2,2),
(0.,1.),(0.,1.),.PIECEWISE_BEZIER_KNOTS.);
#39=B_SPLINE_SURFACE_WITH_KNOTS('',3,1,((#7776,#7777),(#7778,#7779),(#7780,
#7781),(#7782,#7783)),.SURF_OF_LINEAR_EXTRUSION.,.F.,.F.,.F.,(4,4),(2,2),
(0.,1.),(0.,1.),.PIECEWISE_BEZIER_KNOTS.);
#40=B_SPLINE_SURFACE_WITH_KNOTS('',3,1,((#7793,#7794),(#7795,#7796),(#7797,
#7798),(#7799,#7800)),.SURF_OF_LINEAR_EXTRUSION.,.F.,.F.,.F.,(4,4),(2,2),
(0.,1.),(0.,1.),.PIECEWISE_BEZIER_KNOTS.);
#41=B_SPLINE_SURFACE_WITH_KNOTS('',3,1,((#7810,#7811),(#7812,#7813),(#7814,
#7815),(#7816,#7817)),.SURF_OF_LINEAR_EXTRUSION.,.F.,.F.,.F.,(4,4),(2,2),
(0.,1.),(0.,1.),.PIECEWISE_BEZIER_KNOTS.);
#42=B_SPLINE_SURFACE_WITH_KNOTS('',3,1,((#7824,#7825),(#7826,#7827),(#7828,
#7829),(#7830,#7831)),.SURF_OF_LINEAR_EXTRUSION.,.F.,.F.,.F.,(4,4),(2,2),
(0.,1.),(0.,1.),.PIECEWISE_BEZIER_KNOTS.);
#43=B_SPLINE_SURFACE_WITH_KNOTS('',3,1,((#7870,#7871),(#7872,#7873),(#7874,
#7875),(#7876,#7877)),.SURF_OF_LINEAR_EXTRUSION.,.F.,.F.,.F.,(4,4),(2,2),
(0.,1.),(0.,1.),.PIECEWISE_BEZIER_KNOTS.);
#44=B_SPLINE_SURFACE_WITH_KNOTS('',3,1,((#7885,#7886),(#7887,#7888),(#7889,
#7890),(#7891,#7892)),.SURF_OF_LINEAR_EXTRUSION.,.F.,.F.,.F.,(4,4),(2,2),
(0.,1.),(0.,1.),.PIECEWISE_BEZIER_KNOTS.);
#45=B_SPLINE_SURFACE_WITH_KNOTS('',3,1,((#7914,#7915),(#7916,#7917),(#7918,
#7919),(#7920,#7921)),.SURF_OF_LINEAR_EXTRUSION.,.F.,.F.,.F.,(4,4),(2,2),
(0.,1.),(0.,1.),.PIECEWISE_BEZIER_KNOTS.);
#46=B_SPLINE_SURFACE_WITH_KNOTS('',3,1,((#7927,#7928),(#7929,#7930),(#7931,
#7932),(#7933,#7934)),.SURF_OF_LINEAR_EXTRUSION.,.F.,.F.,.F.,(4,4),(2,2),
(0.,1.),(0.,1.),.PIECEWISE_BEZIER_KNOTS.);
#47=B_SPLINE_SURFACE_WITH_KNOTS('',3,1,((#7952,#7953),(#7954,#7955),(#7956,
#7957),(#7958,#7959)),.SURF_OF_LINEAR_EXTRUSION.,.F.,.F.,.F.,(4,4),(2,2),
(0.,1.),(0.,1.),.PIECEWISE_BEZIER_KNOTS.);
#48=B_SPLINE_SURFACE_WITH_KNOTS('',3,1,((#7965,#7966),(#7967,#7968),(#7969,
#7970),(#7971,#7972)),.SURF_OF_LINEAR_EXTRUSION.,.F.,.F.,.F.,(4,4),(2,2),
(0.,1.),(0.,1.),.PIECEWISE_BEZIER_KNOTS.);
#49=B_SPLINE_SURFACE_WITH_KNOTS('',3,1,((#7978,#7979),(#7980,#7981),(#7982,
#7983),(#7984,#7985)),.SURF_OF_LINEAR_EXTRUSION.,.F.,.F.,.F.,(4,4),(2,2),
(0.,1.),(0.,1.),.PIECEWISE_BEZIER_KNOTS.);
#50=B_SPLINE_SURFACE_WITH_KNOTS('',3,1,((#8005,#8006),(#8007,#8008),(#8009,
#8010),(#8011,#8012)),.SURF_OF_LINEAR_EXTRUSION.,.F.,.F.,.F.,(4,4),(2,2),
(0.,1.),(0.,1.),.PIECEWISE_BEZIER_KNOTS.);
#51=B_SPLINE_SURFACE_WITH_KNOTS('',3,1,((#8022,#8023),(#8024,#8025),(#8026,
#8027),(#8028,#8029)),.SURF_OF_LINEAR_EXTRUSION.,.F.,.F.,.F.,(4,4),(2,2),
(0.,1.),(0.,1.),.PIECEWISE_BEZIER_KNOTS.);
#52=B_SPLINE_SURFACE_WITH_KNOTS('',3,1,((#8039,#8040),(#8041,#8042),(#8043,
#8044),(#8045,#8046)),.SURF_OF_LINEAR_EXTRUSION.,.F.,.F.,.F.,(4,4),(2,2),
(0.,1.),(0.,1.),.PIECEWISE_BEZIER_KNOTS.);
#53=B_SPLINE_SURFACE_WITH_KNOTS('',3,1,((#8056,#8057),(#8058,#8059),(#8060,
#8061),(#8062,#8063)),.SURF_OF_LINEAR_EXTRUSION.,.F.,.F.,.F.,(4,4),(2,2),
(0.,1.),(0.,1.),.PIECEWISE_BEZIER_KNOTS.);
#54=B_SPLINE_SURFACE_WITH_KNOTS('',3,1,((#8087,#8088),(#8089,#8090),(#8091,
#8092),(#8093,#8094)),.SURF_OF_LINEAR_EXTRUSION.,.F.,.F.,.F.,(4,4),(2,2),
(0.,1.),(0.,1.),.PIECEWISE_BEZIER_KNOTS.);
#55=B_SPLINE_SURFACE_WITH_KNOTS('',3,1,((#8100,#8101),(#8102,#8103),(#8104,
#8105),(#8106,#8107)),.SURF_OF_LINEAR_EXTRUSION.,.F.,.F.,.F.,(4,4),(2,2),
(0.,1.),(0.,1.),.PIECEWISE_BEZIER_KNOTS.);
#56=B_SPLINE_SURFACE_WITH_KNOTS('',3,1,((#8113,#8114),(#8115,#8116),(#8117,
#8118),(#8119,#8120)),.SURF_OF_LINEAR_EXTRUSION.,.F.,.F.,.F.,(4,4),(2,2),
(0.,1.),(0.,1.),.PIECEWISE_BEZIER_KNOTS.);
#57=B_SPLINE_SURFACE_WITH_KNOTS('',3,1,((#8130,#8131),(#8132,#8133),(#8134,
#8135),(#8136,#8137)),.SURF_OF_LINEAR_EXTRUSION.,.F.,.F.,.F.,(4,4),(2,2),
(0.,1.),(0.,1.),.PIECEWISE_BEZIER_KNOTS.);
#58=B_SPLINE_SURFACE_WITH_KNOTS('',3,1,((#8143,#8144),(#8145,#8146),(#8147,
#8148),(#8149,#8150)),.SURF_OF_LINEAR_EXTRUSION.,.F.,.F.,.F.,(4,4),(2,2),
(0.,1.),(0.,1.),.PIECEWISE_BEZIER_KNOTS.);
#59=B_SPLINE_SURFACE_WITH_KNOTS('',3,1,((#8164,#8165),(#8166,#8167),(#8168,
#8169),(#8170,#8171)),.SURF_OF_LINEAR_EXTRUSION.,.F.,.F.,.F.,(4,4),(2,2),
(0.,1.),(0.,1.),.PIECEWISE_BEZIER_KNOTS.);
#60=B_SPLINE_SURFACE_WITH_KNOTS('',3,1,((#8177,#8178),(#8179,#8180),(#8181,
#8182),(#8183,#8184)),.SURF_OF_LINEAR_EXTRUSION.,.F.,.F.,.F.,(4,4),(2,2),
(0.,1.),(0.,1.),.PIECEWISE_BEZIER_KNOTS.);
#61=B_SPLINE_SURFACE_WITH_KNOTS('',3,1,((#8190,#8191),(#8192,#8193),(#8194,
#8195),(#8196,#8197)),.SURF_OF_LINEAR_EXTRUSION.,.F.,.F.,.F.,(4,4),(2,2),
(0.,1.),(0.,1.),.PIECEWISE_BEZIER_KNOTS.);
#62=B_SPLINE_SURFACE_WITH_KNOTS('',3,1,((#8203,#8204),(#8205,#8206),(#8207,
#8208),(#8209,#8210)),.SURF_OF_LINEAR_EXTRUSION.,.F.,.F.,.F.,(4,4),(2,2),
(0.,1.),(0.,1.),.PIECEWISE_BEZIER_KNOTS.);
#63=B_SPLINE_SURFACE_WITH_KNOTS('',3,1,((#8216,#8217),(#8218,#8219),(#8220,
#8221),(#8222,#8223)),.SURF_OF_LINEAR_EXTRUSION.,.F.,.F.,.F.,(4,4),(2,2),
(0.,1.),(0.,1.),.PIECEWISE_BEZIER_KNOTS.);
#64=B_SPLINE_SURFACE_WITH_KNOTS('',3,1,((#8229,#8230),(#8231,#8232),(#8233,
#8234),(#8235,#8236)),.SURF_OF_LINEAR_EXTRUSION.,.F.,.F.,.F.,(4,4),(2,2),
(0.,1.),(0.,1.),.PIECEWISE_BEZIER_KNOTS.);
#65=B_SPLINE_SURFACE_WITH_KNOTS('',3,1,((#8244,#8245),(#8246,#8247),(#8248,
#8249),(#8250,#8251)),.SURF_OF_LINEAR_EXTRUSION.,.F.,.F.,.F.,(4,4),(2,2),
(0.,1.),(0.,1.),.PIECEWISE_BEZIER_KNOTS.);
#66=B_SPLINE_SURFACE_WITH_KNOTS('',3,1,((#8292,#8293),(#8294,#8295),(#8296,
#8297),(#8298,#8299)),.SURF_OF_LINEAR_EXTRUSION.,.F.,.F.,.F.,(4,4),(2,2),
(0.,1.),(0.,1.),.PIECEWISE_BEZIER_KNOTS.);
#67=B_SPLINE_SURFACE_WITH_KNOTS('',3,1,((#8307,#8308),(#8309,#8310),(#8311,
#8312),(#8313,#8314)),.SURF_OF_LINEAR_EXTRUSION.,.F.,.F.,.F.,(4,4),(2,2),
(0.,1.),(0.,1.),.PIECEWISE_BEZIER_KNOTS.);
#68=B_SPLINE_SURFACE_WITH_KNOTS('',3,1,((#8336,#8337),(#8338,#8339),(#8340,
#8341),(#8342,#8343)),.SURF_OF_LINEAR_EXTRUSION.,.F.,.F.,.F.,(4,4),(2,2),
(0.,1.),(0.,1.),.PIECEWISE_BEZIER_KNOTS.);
#69=B_SPLINE_SURFACE_WITH_KNOTS('',3,1,((#8349,#8350),(#8351,#8352),(#8353,
#8354),(#8355,#8356)),.SURF_OF_LINEAR_EXTRUSION.,.F.,.F.,.F.,(4,4),(2,2),
(0.,1.),(0.,1.),.PIECEWISE_BEZIER_KNOTS.);
#70=B_SPLINE_SURFACE_WITH_KNOTS('',3,1,((#8374,#8375),(#8376,#8377),(#8378,
#8379),(#8380,#8381)),.SURF_OF_LINEAR_EXTRUSION.,.F.,.F.,.F.,(4,4),(2,2),
(0.,1.),(0.,1.),.PIECEWISE_BEZIER_KNOTS.);
#71=B_SPLINE_SURFACE_WITH_KNOTS('',3,1,((#8387,#8388),(#8389,#8390),(#8391,
#8392),(#8393,#8394)),.SURF_OF_LINEAR_EXTRUSION.,.F.,.F.,.F.,(4,4),(2,2),
(0.,1.),(0.,1.),.PIECEWISE_BEZIER_KNOTS.);
#72=B_SPLINE_SURFACE_WITH_KNOTS('',3,1,((#8400,#8401),(#8402,#8403),(#8404,
#8405),(#8406,#8407)),.SURF_OF_LINEAR_EXTRUSION.,.F.,.F.,.F.,(4,4),(2,2),
(0.,1.),(0.,1.),.PIECEWISE_BEZIER_KNOTS.);
#73=B_SPLINE_SURFACE_WITH_KNOTS('',3,1,((#8429,#8430),(#8431,#8432),(#8433,
#8434),(#8435,#8436)),.SURF_OF_LINEAR_EXTRUSION.,.F.,.F.,.F.,(4,4),(2,2),
(0.,1.),(0.,1.),.PIECEWISE_BEZIER_KNOTS.);
#74=B_SPLINE_SURFACE_WITH_KNOTS('',3,1,((#8444,#8445),(#8446,#8447),(#8448,
#8449),(#8450,#8451)),.SURF_OF_LINEAR_EXTRUSION.,.F.,.F.,.F.,(4,4),(2,2),
(0.,1.),(0.,1.),.PIECEWISE_BEZIER_KNOTS.);
#75=B_SPLINE_SURFACE_WITH_KNOTS('',3,1,((#8457,#8458),(#8459,#8460),(#8461,
#8462),(#8463,#8464)),.SURF_OF_LINEAR_EXTRUSION.,.F.,.F.,.F.,(4,4),(2,2),
(0.,1.),(0.,1.),.PIECEWISE_BEZIER_KNOTS.);
#76=B_SPLINE_SURFACE_WITH_KNOTS('',3,1,((#8470,#8471),(#8472,#8473),(#8474,
#8475),(#8476,#8477)),.SURF_OF_LINEAR_EXTRUSION.,.F.,.F.,.F.,(4,4),(2,2),
(0.,1.),(0.,1.),.PIECEWISE_BEZIER_KNOTS.);
#77=B_SPLINE_SURFACE_WITH_KNOTS('',3,1,((#8483,#8484),(#8485,#8486),(#8487,
#8488),(#8489,#8490)),.SURF_OF_LINEAR_EXTRUSION.,.F.,.F.,.F.,(4,4),(2,2),
(0.,1.),(0.,1.),.PIECEWISE_BEZIER_KNOTS.);
#78=DRAUGHTING_PRE_DEFINED_COLOUR('black');
#79=CYLINDRICAL_SURFACE('',#5377,0.003048);
#80=CYLINDRICAL_SURFACE('',#5380,0.003048);
#81=CYLINDRICAL_SURFACE('',#5383,0.003048);
#82=CYLINDRICAL_SURFACE('',#5386,0.003048);
#83=CYLINDRICAL_SURFACE('',#5390,0.003048);
#84=CYLINDRICAL_SURFACE('',#5393,0.003048);
#85=CYLINDRICAL_SURFACE('',#5396,0.003048);
#86=CYLINDRICAL_SURFACE('',#5399,0.003048);
#87=CYLINDRICAL_SURFACE('',#5403,0.003048);
#88=CYLINDRICAL_SURFACE('',#5406,0.003048);
#89=CYLINDRICAL_SURFACE('',#5409,0.003048);
#90=CYLINDRICAL_SURFACE('',#5412,0.003048);
#91=CYLINDRICAL_SURFACE('',#5416,0.003048);
#92=CYLINDRICAL_SURFACE('',#5419,0.003048);
#93=CYLINDRICAL_SURFACE('',#5422,0.003048);
#94=CYLINDRICAL_SURFACE('',#5425,0.003048);
#95=CYLINDRICAL_SURFACE('',#5429,0.003048);
#96=CYLINDRICAL_SURFACE('',#5432,0.003048);
#97=CYLINDRICAL_SURFACE('',#5435,0.003048);
#98=CYLINDRICAL_SURFACE('',#5438,0.003048);
#99=CYLINDRICAL_SURFACE('',#5442,0.003048);
#100=CYLINDRICAL_SURFACE('',#5445,0.003048);
#101=CYLINDRICAL_SURFACE('',#5448,0.003048);
#102=CYLINDRICAL_SURFACE('',#5451,0.003048);
#103=CYLINDRICAL_SURFACE('',#5455,0.003048);
#104=CYLINDRICAL_SURFACE('',#5458,0.003048);
#105=CYLINDRICAL_SURFACE('',#5461,0.003048);
#106=CYLINDRICAL_SURFACE('',#5464,0.003048);
#107=CYLINDRICAL_SURFACE('',#5468,0.003048);
#108=CYLINDRICAL_SURFACE('',#5471,0.003048);
#109=CYLINDRICAL_SURFACE('',#5474,0.003048);
#110=CYLINDRICAL_SURFACE('',#5477,0.003048);
#111=CYLINDRICAL_SURFACE('',#5481,0.003048);
#112=CYLINDRICAL_SURFACE('',#5484,0.003048);
#113=CYLINDRICAL_SURFACE('',#5487,0.003048);
#114=CYLINDRICAL_SURFACE('',#5490,0.003048);
#115=CYLINDRICAL_SURFACE('',#5494,0.003048);
#116=CYLINDRICAL_SURFACE('',#5497,0.003048);
#117=CYLINDRICAL_SURFACE('',#5500,0.003048);
#118=CYLINDRICAL_SURFACE('',#5503,0.003048);
#119=CYLINDRICAL_SURFACE('',#5506,0.00452321938838913);
#120=CYLINDRICAL_SURFACE('',#5509,0.0060056740459296);
#121=CYLINDRICAL_SURFACE('',#5511,0.00530013363819669);
#122=CYLINDRICAL_SURFACE('',#5529,0.00310494668258523);
#123=CYLINDRICAL_SURFACE('',#5532,0.00368276147462454);
#124=CYLINDRICAL_SURFACE('',#5534,0.00342643415867534);
#125=CYLINDRICAL_SURFACE('',#5536,0.00271160865559236);
#126=CYLINDRICAL_SURFACE('',#5538,0.00972494950357191);
#127=CYLINDRICAL_SURFACE('',#5561,0.00310494668258489);
#128=CYLINDRICAL_SURFACE('',#5564,0.00368276147463127);
#129=CYLINDRICAL_SURFACE('',#5566,0.00342643415867553);
#130=CYLINDRICAL_SURFACE('',#5568,0.00271160865559236);
#131=CYLINDRICAL_SURFACE('',#5570,0.00972494950357261);
#132=CYLINDRICAL_SURFACE('',#5590,0.002);
#133=CYLINDRICAL_SURFACE('',#5593,0.002);
#134=CYLINDRICAL_SURFACE('',#5596,0.002);
#135=CYLINDRICAL_SURFACE('',#5599,0.002);
#136=OVER_RIDING_STYLED_ITEM('',(#4435),#4197,#4433);
#137=OVER_RIDING_STYLED_ITEM('',(#4436),#4205,#4433);
#138=OVER_RIDING_STYLED_ITEM('',(#4437),#4214,#4433);
#139=OVER_RIDING_STYLED_ITEM('',(#4438),#4223,#4433);
#140=OVER_RIDING_STYLED_ITEM('',(#4439),#4232,#4433);
#141=OVER_RIDING_STYLED_ITEM('',(#4440),#4241,#4433);
#142=OVER_RIDING_STYLED_ITEM('',(#4441),#4250,#4433);
#143=OVER_RIDING_STYLED_ITEM('',(#4442),#4259,#4433);
#144=OVER_RIDING_STYLED_ITEM('',(#4443),#4268,#4433);
#145=OVER_RIDING_STYLED_ITEM('',(#4444),#4277,#4433);
#146=OVER_RIDING_STYLED_ITEM('',(#4445),#4286,#4433);
#147=OVER_RIDING_STYLED_ITEM('',(#4446),#4287,#4433);
#148=OVER_RIDING_STYLED_ITEM('',(#4447),#4288,#4433);
#149=OVER_RIDING_STYLED_ITEM('',(#4448),#4289,#4433);
#150=OVER_RIDING_STYLED_ITEM('',(#4449),#4290,#4433);
#151=OVER_RIDING_STYLED_ITEM('',(#4450),#4291,#4433);
#152=OVER_RIDING_STYLED_ITEM('',(#4451),#4292,#4433);
#153=OVER_RIDING_STYLED_ITEM('',(#4452),#4293,#4433);
#154=OVER_RIDING_STYLED_ITEM('',(#4453),#4294,#4433);
#155=OVER_RIDING_STYLED_ITEM('',(#4454),#4295,#4433);
#156=OVER_RIDING_STYLED_ITEM('',(#4455),#4296,#4433);
#157=OVER_RIDING_STYLED_ITEM('',(#4456),#4297,#4433);
#158=OVER_RIDING_STYLED_ITEM('',(#4457),#4298,#4433);
#159=OVER_RIDING_STYLED_ITEM('',(#4458),#4299,#4433);
#160=OVER_RIDING_STYLED_ITEM('',(#4459),#4300,#4433);
#161=OVER_RIDING_STYLED_ITEM('',(#4460),#4301,#4433);
#162=OVER_RIDING_STYLED_ITEM('',(#4461),#4302,#4433);
#163=OVER_RIDING_STYLED_ITEM('',(#4462),#4303,#4433);
#164=OVER_RIDING_STYLED_ITEM('',(#4463),#4304,#4433);
#165=OVER_RIDING_STYLED_ITEM('',(#4464),#4305,#4433);
#166=OVER_RIDING_STYLED_ITEM('',(#4465),#4306,#4433);
#167=OVER_RIDING_STYLED_ITEM('',(#4466),#4307,#4433);
#168=OVER_RIDING_STYLED_ITEM('',(#4467),#4309,#4433);
#169=OVER_RIDING_STYLED_ITEM('',(#4468),#4310,#4433);
#170=OVER_RIDING_STYLED_ITEM('',(#4469),#4311,#4433);
#171=OVER_RIDING_STYLED_ITEM('',(#4470),#4312,#4433);
#172=OVER_RIDING_STYLED_ITEM('',(#4471),#4313,#4433);
#173=OVER_RIDING_STYLED_ITEM('',(#4472),#4314,#4433);
#174=OVER_RIDING_STYLED_ITEM('',(#4473),#4315,#4433);
#175=OVER_RIDING_STYLED_ITEM('',(#4474),#4316,#4433);
#176=OVER_RIDING_STYLED_ITEM('',(#4475),#4317,#4433);
#177=OVER_RIDING_STYLED_ITEM('',(#4476),#4318,#4433);
#178=OVER_RIDING_STYLED_ITEM('',(#4477),#4319,#4433);
#179=OVER_RIDING_STYLED_ITEM('',(#4478),#4320,#4433);
#180=OVER_RIDING_STYLED_ITEM('',(#4479),#4321,#4433);
#181=OVER_RIDING_STYLED_ITEM('',(#4480),#4322,#4433);
#182=OVER_RIDING_STYLED_ITEM('',(#4481),#4323,#4433);
#183=OVER_RIDING_STYLED_ITEM('',(#4482),#4324,#4433);
#184=OVER_RIDING_STYLED_ITEM('',(#4483),#4325,#4433);
#185=OVER_RIDING_STYLED_ITEM('',(#4484),#4326,#4433);
#186=OVER_RIDING_STYLED_ITEM('',(#4485),#4327,#4433);
#187=OVER_RIDING_STYLED_ITEM('',(#4486),#4329,#4433);
#188=OVER_RIDING_STYLED_ITEM('',(#4487),#4330,#4433);
#189=OVER_RIDING_STYLED_ITEM('',(#4488),#4331,#4433);
#190=OVER_RIDING_STYLED_ITEM('',(#4489),#4332,#4433);
#191=OVER_RIDING_STYLED_ITEM('',(#4490),#4333,#4433);
#192=OVER_RIDING_STYLED_ITEM('',(#4491),#4334,#4433);
#193=OVER_RIDING_STYLED_ITEM('',(#4492),#4335,#4433);
#194=OVER_RIDING_STYLED_ITEM('',(#4493),#4336,#4433);
#195=OVER_RIDING_STYLED_ITEM('',(#4494),#4337,#4433);
#196=OVER_RIDING_STYLED_ITEM('',(#4495),#4338,#4433);
#197=OVER_RIDING_STYLED_ITEM('',(#4496),#4339,#4433);
#198=OVER_RIDING_STYLED_ITEM('',(#4497),#4340,#4433);
#199=OVER_RIDING_STYLED_ITEM('',(#4498),#4341,#4433);
#200=OVER_RIDING_STYLED_ITEM('',(#4499),#4342,#4433);
#201=OVER_RIDING_STYLED_ITEM('',(#4500),#4343,#4433);
#202=OVER_RIDING_STYLED_ITEM('',(#4501),#4344,#4433);
#203=OVER_RIDING_STYLED_ITEM('',(#4502),#4345,#4433);
#204=OVER_RIDING_STYLED_ITEM('',(#4503),#4346,#4433);
#205=OVER_RIDING_STYLED_ITEM('',(#4504),#4347,#4433);
#206=OVER_RIDING_STYLED_ITEM('',(#4505),#4348,#4433);
#207=OVER_RIDING_STYLED_ITEM('',(#4506),#4349,#4433);
#208=OVER_RIDING_STYLED_ITEM('',(#4507),#4350,#4433);
#209=OVER_RIDING_STYLED_ITEM('',(#4508),#4351,#4433);
#210=OVER_RIDING_STYLED_ITEM('',(#4509),#4352,#4433);
#211=OVER_RIDING_STYLED_ITEM('',(#4510),#4353,#4433);
#212=OVER_RIDING_STYLED_ITEM('',(#4511),#4354,#4433);
#213=OVER_RIDING_STYLED_ITEM('',(#4512),#4355,#4433);
#214=OVER_RIDING_STYLED_ITEM('',(#4513),#4356,#4433);
#215=OVER_RIDING_STYLED_ITEM('',(#4514),#4357,#4433);
#216=OVER_RIDING_STYLED_ITEM('',(#4515),#4358,#4433);
#217=OVER_RIDING_STYLED_ITEM('',(#4516),#4359,#4433);
#218=OVER_RIDING_STYLED_ITEM('',(#4517),#4360,#4433);
#219=OVER_RIDING_STYLED_ITEM('',(#4518),#4361,#4433);
#220=OVER_RIDING_STYLED_ITEM('',(#4519),#4362,#4433);
#221=OVER_RIDING_STYLED_ITEM('',(#4520),#4363,#4433);
#222=OVER_RIDING_STYLED_ITEM('',(#4521),#4364,#4433);
#223=OVER_RIDING_STYLED_ITEM('',(#4522),#4365,#4433);
#224=OVER_RIDING_STYLED_ITEM('',(#4523),#4366,#4433);
#225=OVER_RIDING_STYLED_ITEM('',(#4524),#4367,#4433);
#226=OVER_RIDING_STYLED_ITEM('',(#4525),#4368,#4433);
#227=OVER_RIDING_STYLED_ITEM('',(#4526),#4369,#4433);
#228=OVER_RIDING_STYLED_ITEM('',(#4527),#4370,#4433);
#229=OVER_RIDING_STYLED_ITEM('',(#4528),#4371,#4433);
#230=OVER_RIDING_STYLED_ITEM('',(#4529),#4372,#4433);
#231=OVER_RIDING_STYLED_ITEM('',(#4530),#4373,#4433);
#232=OVER_RIDING_STYLED_ITEM('',(#4531),#4374,#4433);
#233=OVER_RIDING_STYLED_ITEM('',(#4532),#4375,#4433);
#234=OVER_RIDING_STYLED_ITEM('',(#4533),#4376,#4433);
#235=OVER_RIDING_STYLED_ITEM('',(#4534),#4377,#4433);
#236=OVER_RIDING_STYLED_ITEM('',(#4535),#4378,#4433);
#237=OVER_RIDING_STYLED_ITEM('',(#4536),#4379,#4433);
#238=OVER_RIDING_STYLED_ITEM('',(#4537),#4380,#4433);
#239=OVER_RIDING_STYLED_ITEM('',(#4538),#4381,#4433);
#240=OVER_RIDING_STYLED_ITEM('',(#4539),#4382,#4433);
#241=OVER_RIDING_STYLED_ITEM('',(#4540),#4383,#4433);
#242=OVER_RIDING_STYLED_ITEM('',(#4541),#4384,#4433);
#243=OVER_RIDING_STYLED_ITEM('',(#4542),#4385,#4433);
#244=OVER_RIDING_STYLED_ITEM('',(#4543),#4386,#4433);
#245=OVER_RIDING_STYLED_ITEM('',(#4544),#4387,#4433);
#246=OVER_RIDING_STYLED_ITEM('',(#4545),#4388,#4433);
#247=OVER_RIDING_STYLED_ITEM('',(#4546),#4389,#4433);
#248=OVER_RIDING_STYLED_ITEM('',(#4547),#4390,#4433);
#249=OVER_RIDING_STYLED_ITEM('',(#4548),#4391,#4433);
#250=OVER_RIDING_STYLED_ITEM('',(#4549),#4392,#4433);
#251=OVER_RIDING_STYLED_ITEM('',(#4550),#4393,#4433);
#252=OVER_RIDING_STYLED_ITEM('',(#4551),#4394,#4433);
#253=OVER_RIDING_STYLED_ITEM('',(#4552),#4395,#4433);
#254=OVER_RIDING_STYLED_ITEM('',(#4553),#4396,#4433);
#255=OVER_RIDING_STYLED_ITEM('',(#4554),#4397,#4433);
#256=OVER_RIDING_STYLED_ITEM('',(#4555),#4398,#4433);
#257=OVER_RIDING_STYLED_ITEM('',(#4556),#4399,#4433);
#258=OVER_RIDING_STYLED_ITEM('',(#4557),#4400,#4433);
#259=OVER_RIDING_STYLED_ITEM('',(#4558),#4401,#4433);
#260=OVER_RIDING_STYLED_ITEM('',(#4559),#4402,#4433);
#261=OVER_RIDING_STYLED_ITEM('',(#4560),#4403,#4433);
#262=OVER_RIDING_STYLED_ITEM('',(#4561),#4404,#4433);
#263=OVER_RIDING_STYLED_ITEM('',(#4562),#4405,#4433);
#264=OVER_RIDING_STYLED_ITEM('',(#4563),#4406,#4433);
#265=OVER_RIDING_STYLED_ITEM('',(#4564),#4407,#4433);
#266=OVER_RIDING_STYLED_ITEM('',(#4565),#4408,#4433);
#267=OVER_RIDING_STYLED_ITEM('',(#4566),#4409,#4433);
#268=OVER_RIDING_STYLED_ITEM('',(#4567),#4410,#4433);
#269=OVER_RIDING_STYLED_ITEM('',(#4568),#4411,#4433);
#270=OVER_RIDING_STYLED_ITEM('',(#4569),#4412,#4433);
#271=OVER_RIDING_STYLED_ITEM('',(#4570),#4413,#4433);
#272=OVER_RIDING_STYLED_ITEM('',(#4571),#4414,#4433);
#273=OVER_RIDING_STYLED_ITEM('',(#4572),#4415,#4433);
#274=OVER_RIDING_STYLED_ITEM('',(#4573),#4416,#4433);
#275=OVER_RIDING_STYLED_ITEM('',(#4574),#4417,#4433);
#276=OVER_RIDING_STYLED_ITEM('',(#4575),#4418,#4433);
#277=OVER_RIDING_STYLED_ITEM('',(#4576),#4419,#4433);
#278=OVER_RIDING_STYLED_ITEM('',(#4577),#4420,#4433);
#279=OVER_RIDING_STYLED_ITEM('',(#4578),#4421,#4433);
#280=OVER_RIDING_STYLED_ITEM('',(#4579),#4422,#4433);
#281=CIRCLE('',#5319,0.00972494950357261);
#282=CIRCLE('',#5320,0.00271160865559236);
#283=CIRCLE('',#5321,0.00342643415867553);
#284=CIRCLE('',#5322,0.00368276147463127);
#285=CIRCLE('',#5323,0.00310494668258489);
#286=CIRCLE('',#5324,0.00530013363819669);
#287=CIRCLE('',#5325,0.0060056740459296);
#288=CIRCLE('',#5326,0.00452321938838913);
#289=CIRCLE('',#5327,0.00972494950357191);
#290=CIRCLE('',#5328,0.00271160865559236);
#291=CIRCLE('',#5329,0.00342643415867534);
#292=CIRCLE('',#5330,0.00368276147462454);
#293=CIRCLE('',#5331,0.00310494668258523);
#294=CIRCLE('',#5333,0.002);
#295=CIRCLE('',#5334,0.002);
#296=CIRCLE('',#5335,0.002);
#297=CIRCLE('',#5336,0.002);
#298=CIRCLE('',#5337,0.003048);
#299=CIRCLE('',#5338,0.003048);
#300=CIRCLE('',#5339,0.003048);
#301=CIRCLE('',#5340,0.003048);
#302=CIRCLE('',#5341,0.003048);
#303=CIRCLE('',#5342,0.003048);
#304=CIRCLE('',#5343,0.003048);
#305=CIRCLE('',#5344,0.003048);
#306=CIRCLE('',#5345,0.003048);
#307=CIRCLE('',#5346,0.003048);
#308=CIRCLE('',#5347,0.003048);
#309=CIRCLE('',#5348,0.003048);
#310=CIRCLE('',#5349,0.003048);
#311=CIRCLE('',#5350,0.003048);
#312=CIRCLE('',#5351,0.003048);
#313=CIRCLE('',#5352,0.003048);
#314=CIRCLE('',#5353,0.003048);
#315=CIRCLE('',#5354,0.003048);
#316=CIRCLE('',#5355,0.003048);
#317=CIRCLE('',#5356,0.003048);
#318=CIRCLE('',#5357,0.003048);
#319=CIRCLE('',#5358,0.003048);
#320=CIRCLE('',#5359,0.003048);
#321=CIRCLE('',#5360,0.003048);
#322=CIRCLE('',#5361,0.003048);
#323=CIRCLE('',#5362,0.003048);
#324=CIRCLE('',#5363,0.003048);
#325=CIRCLE('',#5364,0.003048);
#326=CIRCLE('',#5365,0.003048);
#327=CIRCLE('',#5366,0.003048);
#328=CIRCLE('',#5367,0.003048);
#329=CIRCLE('',#5368,0.003048);
#330=CIRCLE('',#5369,0.003048);
#331=CIRCLE('',#5370,0.003048);
#332=CIRCLE('',#5371,0.003048);
#333=CIRCLE('',#5372,0.003048);
#334=CIRCLE('',#5373,0.003048);
#335=CIRCLE('',#5374,0.003048);
#336=CIRCLE('',#5375,0.003048);
#337=CIRCLE('',#5376,0.003048);
#338=CIRCLE('',#5378,0.003048);
#339=CIRCLE('',#5381,0.003048);
#340=CIRCLE('',#5384,0.003048);
#341=CIRCLE('',#5387,0.003048);
#342=CIRCLE('',#5391,0.003048);
#343=CIRCLE('',#5394,0.003048);
#344=CIRCLE('',#5397,0.003048);
#345=CIRCLE('',#5400,0.003048);
#346=CIRCLE('',#5404,0.003048);
#347=CIRCLE('',#5407,0.003048);
#348=CIRCLE('',#5410,0.003048);
#349=CIRCLE('',#5413,0.003048);
#350=CIRCLE('',#5417,0.003048);
#351=CIRCLE('',#5420,0.003048);
#352=CIRCLE('',#5423,0.003048);
#353=CIRCLE('',#5426,0.003048);
#354=CIRCLE('',#5430,0.003048);
#355=CIRCLE('',#5433,0.003048);
#356=CIRCLE('',#5436,0.003048);
#357=CIRCLE('',#5439,0.003048);
#358=CIRCLE('',#5443,0.003048);
#359=CIRCLE('',#5446,0.003048);
#360=CIRCLE('',#5449,0.003048);
#361=CIRCLE('',#5452,0.003048);
#362=CIRCLE('',#5456,0.003048);
#363=CIRCLE('',#5459,0.003048);
#364=CIRCLE('',#5462,0.003048);
#365=CIRCLE('',#5465,0.003048);
#366=CIRCLE('',#5469,0.003048);
#367=CIRCLE('',#5472,0.003048);
#368=CIRCLE('',#5475,0.003048);
#369=CIRCLE('',#5478,0.003048);
#370=CIRCLE('',#5482,0.003048);
#371=CIRCLE('',#5485,0.003048);
#372=CIRCLE('',#5488,0.003048);
#373=CIRCLE('',#5491,0.003048);
#374=CIRCLE('',#5495,0.003048);
#375=CIRCLE('',#5498,0.003048);
#376=CIRCLE('',#5501,0.003048);
#377=CIRCLE('',#5504,0.003048);
#378=CIRCLE('',#5507,0.00452321938838913);
#379=CIRCLE('',#5510,0.0060056740459296);
#380=CIRCLE('',#5512,0.00530013363819669);
#381=CIRCLE('',#5530,0.00310494668258523);
#382=CIRCLE('',#5533,0.00368276147462454);
#383=CIRCLE('',#5535,0.00342643415867534);
#384=CIRCLE('',#5537,0.00271160865559236);
#385=CIRCLE('',#5539,0.00972494950357191);
#386=CIRCLE('',#5562,0.00310494668258489);
#387=CIRCLE('',#5565,0.00368276147463127);
#388=CIRCLE('',#5567,0.00342643415867553);
#389=CIRCLE('',#5569,0.00271160865559236);
#390=CIRCLE('',#5571,0.00972494950357261);
#391=CIRCLE('',#5591,0.002);
#392=CIRCLE('',#5594,0.002);
#393=CIRCLE('',#5597,0.002);
#394=CIRCLE('',#5600,0.002);
#395=B_SPLINE_CURVE_WITH_KNOTS('',2,(#6564,#6565,#6566),.UNSPECIFIED.,.F.,
 .F.,(3,3),(0.,1.),.PIECEWISE_BEZIER_KNOTS.);
#396=B_SPLINE_CURVE_WITH_KNOTS('',2,(#6569,#6570,#6571),.UNSPECIFIED.,.F.,
 .F.,(3,3),(0.,1.),.PIECEWISE_BEZIER_KNOTS.);
#397=B_SPLINE_CURVE_WITH_KNOTS('',2,(#6573,#6574,#6575),.UNSPECIFIED.,.F.,
 .F.,(3,3),(0.,1.),.PIECEWISE_BEZIER_KNOTS.);
#398=B_SPLINE_CURVE_WITH_KNOTS('',2,(#6577,#6578,#6579),.UNSPECIFIED.,.F.,
 .F.,(3,3),(0.,1.),.PIECEWISE_BEZIER_KNOTS.);
#399=B_SPLINE_CURVE_WITH_KNOTS('',2,(#6581,#6582,#6583),.UNSPECIFIED.,.F.,
 .F.,(3,3),(0.,1.),.PIECEWISE_BEZIER_KNOTS.);
#400=B_SPLINE_CURVE_WITH_KNOTS('',2,(#6592,#6593,#6594),.UNSPECIFIED.,.F.,
 .F.,(3,3),(0.,1.),.PIECEWISE_BEZIER_KNOTS.);
#401=B_SPLINE_CURVE_WITH_KNOTS('',2,(#6597,#6598,#6599),.UNSPECIFIED.,.F.,
 .F.,(3,3),(0.,1.),.PIECEWISE_BEZIER_KNOTS.);
#402=B_SPLINE_CURVE_WITH_KNOTS('',2,(#6601,#6602,#6603),.UNSPECIFIED.,.F.,
 .F.,(3,3),(0.,1.),.PIECEWISE_BEZIER_KNOTS.);
#403=B_SPLINE_CURVE_WITH_KNOTS('',2,(#6605,#6606,#6607),.UNSPECIFIED.,.F.,
 .F.,(3,3),(0.,1.),.PIECEWISE_BEZIER_KNOTS.);
#404=B_SPLINE_CURVE_WITH_KNOTS('',2,(#6609,#6610,#6611),.UNSPECIFIED.,.F.,
 .F.,(3,3),(0.,1.),.PIECEWISE_BEZIER_KNOTS.);
#405=B_SPLINE_CURVE_WITH_KNOTS('',2,(#6619,#6620,#6621),.UNSPECIFIED.,.F.,
 .F.,(3,3),(0.,1.),.PIECEWISE_BEZIER_KNOTS.);
#406=B_SPLINE_CURVE_WITH_KNOTS('',2,(#6623,#6624,#6625),.UNSPECIFIED.,.F.,
 .F.,(3,3),(0.,1.),.PIECEWISE_BEZIER_KNOTS.);
#407=B_SPLINE_CURVE_WITH_KNOTS('',2,(#6657,#6658,#6659),.UNSPECIFIED.,.F.,
 .F.,(3,3),(0.,1.),.PIECEWISE_BEZIER_KNOTS.);
#408=B_SPLINE_CURVE_WITH_KNOTS('',2,(#6661,#6662,#6663),.UNSPECIFIED.,.F.,
 .F.,(3,3),(0.,1.),.PIECEWISE_BEZIER_KNOTS.);
#409=B_SPLINE_CURVE_WITH_KNOTS('',2,(#6665,#6666,#6667),.UNSPECIFIED.,.F.,
 .F.,(3,3),(0.,1.),.PIECEWISE_BEZIER_KNOTS.);
#410=B_SPLINE_CURVE_WITH_KNOTS('',2,(#6669,#6670,#6671),.UNSPECIFIED.,.F.,
 .F.,(3,3),(0.,1.),.PIECEWISE_BEZIER_KNOTS.);
#411=B_SPLINE_CURVE_WITH_KNOTS('',2,(#6673,#6674,#6675),.UNSPECIFIED.,.F.,
 .F.,(3,3),(0.,1.),.PIECEWISE_BEZIER_KNOTS.);
#412=B_SPLINE_CURVE_WITH_KNOTS('',2,(#6677,#6678,#6679),.UNSPECIFIED.,.F.,
 .F.,(3,3),(0.,1.),.PIECEWISE_BEZIER_KNOTS.);
#413=B_SPLINE_CURVE_WITH_KNOTS('',2,(#6685,#6686,#6687),.UNSPECIFIED.,.F.,
 .F.,(3,3),(0.,1.),.PIECEWISE_BEZIER_KNOTS.);
#414=B_SPLINE_CURVE_WITH_KNOTS('',2,(#6689,#6690,#6691),.UNSPECIFIED.,.F.,
 .F.,(3,3),(0.,1.),.PIECEWISE_BEZIER_KNOTS.);
#415=B_SPLINE_CURVE_WITH_KNOTS('',2,(#6695,#6696,#6697),.UNSPECIFIED.,.F.,
 .F.,(3,3),(0.,1.),.PIECEWISE_BEZIER_KNOTS.);
#416=B_SPLINE_CURVE_WITH_KNOTS('',2,(#6699,#6700,#6701),.UNSPECIFIED.,.F.,
 .F.,(3,3),(0.,1.),.PIECEWISE_BEZIER_KNOTS.);
#417=B_SPLINE_CURVE_WITH_KNOTS('',2,(#6703,#6704,#6705),.UNSPECIFIED.,.F.,
 .F.,(3,3),(0.,1.),.PIECEWISE_BEZIER_KNOTS.);
#418=B_SPLINE_CURVE_WITH_KNOTS('',2,(#6716,#6717,#6718),.UNSPECIFIED.,.F.,
 .F.,(3,3),(0.,1.),.PIECEWISE_BEZIER_KNOTS.);
#419=B_SPLINE_CURVE_WITH_KNOTS('',2,(#6721,#6722,#6723),.UNSPECIFIED.,.F.,
 .F.,(3,3),(0.,1.),.PIECEWISE_BEZIER_KNOTS.);
#420=B_SPLINE_CURVE_WITH_KNOTS('',2,(#6725,#6726,#6727),.UNSPECIFIED.,.F.,
 .F.,(3,3),(0.,1.),.PIECEWISE_BEZIER_KNOTS.);
#421=B_SPLINE_CURVE_WITH_KNOTS('',2,(#6729,#6730,#6731),.UNSPECIFIED.,.F.,
 .F.,(3,3),(0.,1.),.PIECEWISE_BEZIER_KNOTS.);
#422=B_SPLINE_CURVE_WITH_KNOTS('',2,(#6733,#6734,#6735),.UNSPECIFIED.,.F.,
 .F.,(3,3),(0.,1.),.PIECEWISE_BEZIER_KNOTS.);
#423=B_SPLINE_CURVE_WITH_KNOTS('',2,(#6737,#6738,#6739),.UNSPECIFIED.,.F.,
 .F.,(3,3),(0.,1.),.PIECEWISE_BEZIER_KNOTS.);
#424=B_SPLINE_CURVE_WITH_KNOTS('',2,(#6741,#6742,#6743),.UNSPECIFIED.,.F.,
 .F.,(3,3),(0.,1.),.PIECEWISE_BEZIER_KNOTS.);
#425=B_SPLINE_CURVE_WITH_KNOTS('',2,(#6749,#6750,#6751),.UNSPECIFIED.,.F.,
 .F.,(3,3),(0.,1.),.PIECEWISE_BEZIER_KNOTS.);
#426=B_SPLINE_CURVE_WITH_KNOTS('',2,(#6753,#6754,#6755),.UNSPECIFIED.,.F.,
 .F.,(3,3),(0.,1.),.PIECEWISE_BEZIER_KNOTS.);
#427=B_SPLINE_CURVE_WITH_KNOTS('',2,(#6764,#6765,#6766),.UNSPECIFIED.,.F.,
 .F.,(3,3),(0.,1.),.PIECEWISE_BEZIER_KNOTS.);
#428=B_SPLINE_CURVE_WITH_KNOTS('',2,(#6769,#6770,#6771),.UNSPECIFIED.,.F.,
 .F.,(3,3),(0.,1.),.PIECEWISE_BEZIER_KNOTS.);
#429=B_SPLINE_CURVE_WITH_KNOTS('',2,(#6773,#6774,#6775),.UNSPECIFIED.,.F.,
 .F.,(3,3),(0.,1.),.PIECEWISE_BEZIER_KNOTS.);
#430=B_SPLINE_CURVE_WITH_KNOTS('',2,(#6777,#6778,#6779),.UNSPECIFIED.,.F.,
 .F.,(3,3),(0.,1.),.PIECEWISE_BEZIER_KNOTS.);
#431=B_SPLINE_CURVE_WITH_KNOTS('',2,(#6781,#6782,#6783),.UNSPECIFIED.,.F.,
 .F.,(3,3),(0.,1.),.PIECEWISE_BEZIER_KNOTS.);
#432=B_SPLINE_CURVE_WITH_KNOTS('',2,(#6785,#6786,#6787),.UNSPECIFIED.,.F.,
 .F.,(3,3),(0.,1.),.PIECEWISE_BEZIER_KNOTS.);
#433=B_SPLINE_CURVE_WITH_KNOTS('',2,(#6789,#6790,#6791),.UNSPECIFIED.,.F.,
 .F.,(3,3),(0.,1.),.PIECEWISE_BEZIER_KNOTS.);
#434=B_SPLINE_CURVE_WITH_KNOTS('',2,(#6793,#6794,#6795),.UNSPECIFIED.,.F.,
 .F.,(3,3),(0.,1.),.PIECEWISE_BEZIER_KNOTS.);
#435=B_SPLINE_CURVE_WITH_KNOTS('',2,(#6797,#6798,#6799),.UNSPECIFIED.,.F.,
 .F.,(3,3),(0.,1.),.PIECEWISE_BEZIER_KNOTS.);
#436=B_SPLINE_CURVE_WITH_KNOTS('',2,(#6801,#6802,#6803),.UNSPECIFIED.,.F.,
 .F.,(3,3),(0.,1.),.PIECEWISE_BEZIER_KNOTS.);
#437=B_SPLINE_CURVE_WITH_KNOTS('',2,(#6820,#6821,#6822),.UNSPECIFIED.,.F.,
 .F.,(3,3),(0.,1.),.PIECEWISE_BEZIER_KNOTS.);
#438=B_SPLINE_CURVE_WITH_KNOTS('',2,(#6825,#6826,#6827),.UNSPECIFIED.,.F.,
 .F.,(3,3),(0.,1.),.PIECEWISE_BEZIER_KNOTS.);
#439=B_SPLINE_CURVE_WITH_KNOTS('',2,(#6829,#6830,#6831),.UNSPECIFIED.,.F.,
 .F.,(3,3),(0.,1.),.PIECEWISE_BEZIER_KNOTS.);
#440=B_SPLINE_CURVE_WITH_KNOTS('',2,(#6833,#6834,#6835),.UNSPECIFIED.,.F.,
 .F.,(3,3),(0.,1.),.PIECEWISE_BEZIER_KNOTS.);
#441=B_SPLINE_CURVE_WITH_KNOTS('',2,(#6837,#6838,#6839),.UNSPECIFIED.,.F.,
 .F.,(3,3),(0.,1.),.PIECEWISE_BEZIER_KNOTS.);
#442=B_SPLINE_CURVE_WITH_KNOTS('',2,(#6847,#6848,#6849),.UNSPECIFIED.,.F.,
 .F.,(3,3),(0.,1.),.PIECEWISE_BEZIER_KNOTS.);
#443=B_SPLINE_CURVE_WITH_KNOTS('',2,(#6851,#6852,#6853),.UNSPECIFIED.,.F.,
 .F.,(3,3),(0.,1.),.PIECEWISE_BEZIER_KNOTS.);
#444=B_SPLINE_CURVE_WITH_KNOTS('',2,(#7362,#7363,#7364),.UNSPECIFIED.,.F.,
 .F.,(3,3),(0.,1.),.PIECEWISE_BEZIER_KNOTS.);
#445=B_SPLINE_CURVE_WITH_KNOTS('',2,(#7377,#7378,#7379),.UNSPECIFIED.,.F.,
 .F.,(3,3),(0.,1.),.PIECEWISE_BEZIER_KNOTS.);
#446=B_SPLINE_CURVE_WITH_KNOTS('',2,(#7406,#7407,#7408),.UNSPECIFIED.,.F.,
 .F.,(3,3),(0.,1.),.PIECEWISE_BEZIER_KNOTS.);
#447=B_SPLINE_CURVE_WITH_KNOTS('',2,(#7419,#7420,#7421),.UNSPECIFIED.,.F.,
 .F.,(3,3),(0.,1.),.PIECEWISE_BEZIER_KNOTS.);
#448=B_SPLINE_CURVE_WITH_KNOTS('',2,(#7440,#7441,#7442),.UNSPECIFIED.,.F.,
 .F.,(3,3),(0.,1.),.PIECEWISE_BEZIER_KNOTS.);
#449=B_SPLINE_CURVE_WITH_KNOTS('',2,(#7453,#7454,#7455),.UNSPECIFIED.,.F.,
 .F.,(3,3),(0.,1.),.PIECEWISE_BEZIER_KNOTS.);
#450=B_SPLINE_CURVE_WITH_KNOTS('',2,(#7466,#7467,#7468),.UNSPECIFIED.,.F.,
 .F.,(3,3),(0.,1.),.PIECEWISE_BEZIER_KNOTS.);
#451=B_SPLINE_CURVE_WITH_KNOTS('',2,(#7479,#7480,#7481),.UNSPECIFIED.,.F.,
 .F.,(3,3),(0.,1.),.PIECEWISE_BEZIER_KNOTS.);
#452=B_SPLINE_CURVE_WITH_KNOTS('',2,(#7490,#7491,#7492),.UNSPECIFIED.,.F.,
 .F.,(3,3),(0.,1.),.PIECEWISE_BEZIER_KNOTS.);
#453=B_SPLINE_CURVE_WITH_KNOTS('',2,(#7497,#7498,#7499),.UNSPECIFIED.,.F.,
 .F.,(3,3),(0.,1.),.PIECEWISE_BEZIER_KNOTS.);
#454=B_SPLINE_CURVE_WITH_KNOTS('',2,(#7510,#7511,#7512),.UNSPECIFIED.,.F.,
 .F.,(3,3),(0.,1.),.PIECEWISE_BEZIER_KNOTS.);
#455=B_SPLINE_CURVE_WITH_KNOTS('',2,(#7516,#7517,#7518),.UNSPECIFIED.,.F.,
 .F.,(3,3),(0.,1.),.PIECEWISE_BEZIER_KNOTS.);
#456=B_SPLINE_CURVE_WITH_KNOTS('',2,(#7527,#7528,#7529),.UNSPECIFIED.,.F.,
 .F.,(3,3),(0.,1.),.PIECEWISE_BEZIER_KNOTS.);
#457=B_SPLINE_CURVE_WITH_KNOTS('',2,(#7533,#7534,#7535),.UNSPECIFIED.,.F.,
 .F.,(3,3),(0.,1.),.PIECEWISE_BEZIER_KNOTS.);
#458=B_SPLINE_CURVE_WITH_KNOTS('',2,(#7550,#7551,#7552),.UNSPECIFIED.,.F.,
 .F.,(3,3),(0.,1.),.PIECEWISE_BEZIER_KNOTS.);
#459=B_SPLINE_CURVE_WITH_KNOTS('',2,(#7553,#7554,#7555),.UNSPECIFIED.,.F.,
 .F.,(3,3),(0.,1.),.PIECEWISE_BEZIER_KNOTS.);
#460=B_SPLINE_CURVE_WITH_KNOTS('',2,(#7564,#7565,#7566),.UNSPECIFIED.,.F.,
 .F.,(3,3),(0.,1.),.PIECEWISE_BEZIER_KNOTS.);
#461=B_SPLINE_CURVE_WITH_KNOTS('',2,(#7579,#7580,#7581),.UNSPECIFIED.,.F.,
 .F.,(3,3),(0.,1.),.PIECEWISE_BEZIER_KNOTS.);
#462=B_SPLINE_CURVE_WITH_KNOTS('',2,(#7594,#7595,#7596),.UNSPECIFIED.,.F.,
 .F.,(3,3),(0.,1.),.PIECEWISE_BEZIER_KNOTS.);
#463=B_SPLINE_CURVE_WITH_KNOTS('',2,(#7607,#7608,#7609),.UNSPECIFIED.,.F.,
 .F.,(3,3),(0.,1.),.PIECEWISE_BEZIER_KNOTS.);
#464=B_SPLINE_CURVE_WITH_KNOTS('',2,(#7620,#7621,#7622),.UNSPECIFIED.,.F.,
 .F.,(3,3),(0.,1.),.PIECEWISE_BEZIER_KNOTS.);
#465=B_SPLINE_CURVE_WITH_KNOTS('',2,(#7633,#7634,#7635),.UNSPECIFIED.,.F.,
 .F.,(3,3),(0.,1.),.PIECEWISE_BEZIER_KNOTS.);
#466=B_SPLINE_CURVE_WITH_KNOTS('',2,(#7646,#7647,#7648),.UNSPECIFIED.,.F.,
 .F.,(3,3),(0.,1.),.PIECEWISE_BEZIER_KNOTS.);
#467=B_SPLINE_CURVE_WITH_KNOTS('',2,(#7659,#7660,#7661),.UNSPECIFIED.,.F.,
 .F.,(3,3),(0.,1.),.PIECEWISE_BEZIER_KNOTS.);
#468=B_SPLINE_CURVE_WITH_KNOTS('',2,(#7672,#7673,#7674),.UNSPECIFIED.,.F.,
 .F.,(3,3),(0.,1.),.PIECEWISE_BEZIER_KNOTS.);
#469=B_SPLINE_CURVE_WITH_KNOTS('',2,(#7685,#7686,#7687),.UNSPECIFIED.,.F.,
 .F.,(3,3),(0.,1.),.PIECEWISE_BEZIER_KNOTS.);
#470=B_SPLINE_CURVE_WITH_KNOTS('',2,(#7696,#7697,#7698),.UNSPECIFIED.,.F.,
 .F.,(3,3),(0.,1.),.PIECEWISE_BEZIER_KNOTS.);
#471=B_SPLINE_CURVE_WITH_KNOTS('',2,(#7703,#7704,#7705),.UNSPECIFIED.,.F.,
 .F.,(3,3),(0.,1.),.PIECEWISE_BEZIER_KNOTS.);
#472=B_SPLINE_CURVE_WITH_KNOTS('',2,(#7716,#7717,#7718),.UNSPECIFIED.,.F.,
 .F.,(3,3),(0.,1.),.PIECEWISE_BEZIER_KNOTS.);
#473=B_SPLINE_CURVE_WITH_KNOTS('',2,(#7722,#7723,#7724),.UNSPECIFIED.,.F.,
 .F.,(3,3),(0.,1.),.PIECEWISE_BEZIER_KNOTS.);
#474=B_SPLINE_CURVE_WITH_KNOTS('',2,(#7733,#7734,#7735),.UNSPECIFIED.,.F.,
 .F.,(3,3),(0.,1.),.PIECEWISE_BEZIER_KNOTS.);
#475=B_SPLINE_CURVE_WITH_KNOTS('',2,(#7739,#7740,#7741),.UNSPECIFIED.,.F.,
 .F.,(3,3),(0.,1.),.PIECEWISE_BEZIER_KNOTS.);
#476=B_SPLINE_CURVE_WITH_KNOTS('',2,(#7750,#7751,#7752),.UNSPECIFIED.,.F.,
 .F.,(3,3),(0.,1.),.PIECEWISE_BEZIER_KNOTS.);
#477=B_SPLINE_CURVE_WITH_KNOTS('',2,(#7756,#7757,#7758),.UNSPECIFIED.,.F.,
 .F.,(3,3),(0.,1.),.PIECEWISE_BEZIER_KNOTS.);
#478=B_SPLINE_CURVE_WITH_KNOTS('',2,(#7767,#7768,#7769),.UNSPECIFIED.,.F.,
 .F.,(3,3),(0.,1.),.PIECEWISE_BEZIER_KNOTS.);
#479=B_SPLINE_CURVE_WITH_KNOTS('',2,(#7773,#7774,#7775),.UNSPECIFIED.,.F.,
 .F.,(3,3),(0.,1.),.PIECEWISE_BEZIER_KNOTS.);
#480=B_SPLINE_CURVE_WITH_KNOTS('',2,(#7784,#7785,#7786),.UNSPECIFIED.,.F.,
 .F.,(3,3),(0.,1.),.PIECEWISE_BEZIER_KNOTS.);
#481=B_SPLINE_CURVE_WITH_KNOTS('',2,(#7790,#7791,#7792),.UNSPECIFIED.,.F.,
 .F.,(3,3),(0.,1.),.PIECEWISE_BEZIER_KNOTS.);
#482=B_SPLINE_CURVE_WITH_KNOTS('',2,(#7801,#7802,#7803),.UNSPECIFIED.,.F.,
 .F.,(3,3),(0.,1.),.PIECEWISE_BEZIER_KNOTS.);
#483=B_SPLINE_CURVE_WITH_KNOTS('',2,(#7807,#7808,#7809),.UNSPECIFIED.,.F.,
 .F.,(3,3),(0.,1.),.PIECEWISE_BEZIER_KNOTS.);
#484=B_SPLINE_CURVE_WITH_KNOTS('',2,(#7818,#7819,#7820),.UNSPECIFIED.,.F.,
 .F.,(3,3),(0.,1.),.PIECEWISE_BEZIER_KNOTS.);
#485=B_SPLINE_CURVE_WITH_KNOTS('',2,(#7821,#7822,#7823),.UNSPECIFIED.,.F.,
 .F.,(3,3),(0.,1.),.PIECEWISE_BEZIER_KNOTS.);
#486=B_SPLINE_CURVE_WITH_KNOTS('',2,(#7832,#7833,#7834),.UNSPECIFIED.,.F.,
 .F.,(3,3),(0.,1.),.PIECEWISE_BEZIER_KNOTS.);
#487=B_SPLINE_CURVE_WITH_KNOTS('',2,(#7880,#7881,#7882),.UNSPECIFIED.,.F.,
 .F.,(3,3),(0.,1.),.PIECEWISE_BEZIER_KNOTS.);
#488=B_SPLINE_CURVE_WITH_KNOTS('',2,(#7895,#7896,#7897),.UNSPECIFIED.,.F.,
 .F.,(3,3),(0.,1.),.PIECEWISE_BEZIER_KNOTS.);
#489=B_SPLINE_CURVE_WITH_KNOTS('',2,(#7924,#7925,#7926),.UNSPECIFIED.,.F.,
 .F.,(3,3),(0.,1.),.PIECEWISE_BEZIER_KNOTS.);
#490=B_SPLINE_CURVE_WITH_KNOTS('',2,(#7937,#7938,#7939),.UNSPECIFIED.,.F.,
 .F.,(3,3),(0.,1.),.PIECEWISE_BEZIER_KNOTS.);
#491=B_SPLINE_CURVE_WITH_KNOTS('',2,(#7962,#7963,#7964),.UNSPECIFIED.,.F.,
 .F.,(3,3),(0.,1.),.PIECEWISE_BEZIER_KNOTS.);
#492=B_SPLINE_CURVE_WITH_KNOTS('',2,(#7975,#7976,#7977),.UNSPECIFIED.,.F.,
 .F.,(3,3),(0.,1.),.PIECEWISE_BEZIER_KNOTS.);
#493=B_SPLINE_CURVE_WITH_KNOTS('',2,(#7986,#7987,#7988),.UNSPECIFIED.,.F.,
 .F.,(3,3),(0.,1.),.PIECEWISE_BEZIER_KNOTS.);
#494=B_SPLINE_CURVE_WITH_KNOTS('',2,(#8013,#8014,#8015),.UNSPECIFIED.,.F.,
 .F.,(3,3),(0.,1.),.PIECEWISE_BEZIER_KNOTS.);
#495=B_SPLINE_CURVE_WITH_KNOTS('',2,(#8019,#8020,#8021),.UNSPECIFIED.,.F.,
 .F.,(3,3),(0.,1.),.PIECEWISE_BEZIER_KNOTS.);
#496=B_SPLINE_CURVE_WITH_KNOTS('',2,(#8030,#8031,#8032),.UNSPECIFIED.,.F.,
 .F.,(3,3),(0.,1.),.PIECEWISE_BEZIER_KNOTS.);
#497=B_SPLINE_CURVE_WITH_KNOTS('',2,(#8036,#8037,#8038),.UNSPECIFIED.,.F.,
 .F.,(3,3),(0.,1.),.PIECEWISE_BEZIER_KNOTS.);
#498=B_SPLINE_CURVE_WITH_KNOTS('',2,(#8047,#8048,#8049),.UNSPECIFIED.,.F.,
 .F.,(3,3),(0.,1.),.PIECEWISE_BEZIER_KNOTS.);
#499=B_SPLINE_CURVE_WITH_KNOTS('',2,(#8053,#8054,#8055),.UNSPECIFIED.,.F.,
 .F.,(3,3),(0.,1.),.PIECEWISE_BEZIER_KNOTS.);
#500=B_SPLINE_CURVE_WITH_KNOTS('',2,(#8064,#8065,#8066),.UNSPECIFIED.,.F.,
 .F.,(3,3),(0.,1.),.PIECEWISE_BEZIER_KNOTS.);
#501=B_SPLINE_CURVE_WITH_KNOTS('',2,(#8070,#8071,#8072),.UNSPECIFIED.,.F.,
 .F.,(3,3),(0.,1.),.PIECEWISE_BEZIER_KNOTS.);
#502=B_SPLINE_CURVE_WITH_KNOTS('',2,(#8097,#8098,#8099),.UNSPECIFIED.,.F.,
 .F.,(3,3),(0.,1.),.PIECEWISE_BEZIER_KNOTS.);
#503=B_SPLINE_CURVE_WITH_KNOTS('',2,(#8110,#8111,#8112),.UNSPECIFIED.,.F.,
 .F.,(3,3),(0.,1.),.PIECEWISE_BEZIER_KNOTS.);
#504=B_SPLINE_CURVE_WITH_KNOTS('',2,(#8123,#8124,#8125),.UNSPECIFIED.,.F.,
 .F.,(3,3),(0.,1.),.PIECEWISE_BEZIER_KNOTS.);
#505=B_SPLINE_CURVE_WITH_KNOTS('',2,(#8140,#8141,#8142),.UNSPECIFIED.,.F.,
 .F.,(3,3),(0.,1.),.PIECEWISE_BEZIER_KNOTS.);
#506=B_SPLINE_CURVE_WITH_KNOTS('',2,(#8153,#8154,#8155),.UNSPECIFIED.,.F.,
 .F.,(3,3),(0.,1.),.PIECEWISE_BEZIER_KNOTS.);
#507=B_SPLINE_CURVE_WITH_KNOTS('',2,(#8174,#8175,#8176),.UNSPECIFIED.,.F.,
 .F.,(3,3),(0.,1.),.PIECEWISE_BEZIER_KNOTS.);
#508=B_SPLINE_CURVE_WITH_KNOTS('',2,(#8187,#8188,#8189),.UNSPECIFIED.,.F.,
 .F.,(3,3),(0.,1.),.PIECEWISE_BEZIER_KNOTS.);
#509=B_SPLINE_CURVE_WITH_KNOTS('',2,(#8200,#8201,#8202),.UNSPECIFIED.,.F.,
 .F.,(3,3),(0.,1.),.PIECEWISE_BEZIER_KNOTS.);
#510=B_SPLINE_CURVE_WITH_KNOTS('',2,(#8213,#8214,#8215),.UNSPECIFIED.,.F.,
 .F.,(3,3),(0.,1.),.PIECEWISE_BEZIER_KNOTS.);
#511=B_SPLINE_CURVE_WITH_KNOTS('',2,(#8226,#8227,#8228),.UNSPECIFIED.,.F.,
 .F.,(3,3),(0.,1.),.PIECEWISE_BEZIER_KNOTS.);
#512=B_SPLINE_CURVE_WITH_KNOTS('',2,(#8239,#8240,#8241),.UNSPECIFIED.,.F.,
 .F.,(3,3),(0.,1.),.PIECEWISE_BEZIER_KNOTS.);
#513=B_SPLINE_CURVE_WITH_KNOTS('',2,(#8252,#8253,#8254),.UNSPECIFIED.,.F.,
 .F.,(3,3),(0.,1.),.PIECEWISE_BEZIER_KNOTS.);
#514=B_SPLINE_CURVE_WITH_KNOTS('',2,(#8255,#8256,#8257),.UNSPECIFIED.,.F.,
 .F.,(3,3),(0.,1.),.PIECEWISE_BEZIER_KNOTS.);
#515=B_SPLINE_CURVE_WITH_KNOTS('',2,(#8302,#8303,#8304),.UNSPECIFIED.,.F.,
 .F.,(3,3),(0.,1.),.PIECEWISE_BEZIER_KNOTS.);
#516=B_SPLINE_CURVE_WITH_KNOTS('',2,(#8317,#8318,#8319),.UNSPECIFIED.,.F.,
 .F.,(3,3),(0.,1.),.PIECEWISE_BEZIER_KNOTS.);
#517=B_SPLINE_CURVE_WITH_KNOTS('',2,(#8346,#8347,#8348),.UNSPECIFIED.,.F.,
 .F.,(3,3),(0.,1.),.PIECEWISE_BEZIER_KNOTS.);
#518=B_SPLINE_CURVE_WITH_KNOTS('',2,(#8359,#8360,#8361),.UNSPECIFIED.,.F.,
 .F.,(3,3),(0.,1.),.PIECEWISE_BEZIER_KNOTS.);
#519=B_SPLINE_CURVE_WITH_KNOTS('',2,(#8384,#8385,#8386),.UNSPECIFIED.,.F.,
 .F.,(3,3),(0.,1.),.PIECEWISE_BEZIER_KNOTS.);
#520=B_SPLINE_CURVE_WITH_KNOTS('',2,(#8397,#8398,#8399),.UNSPECIFIED.,.F.,
 .F.,(3,3),(0.,1.),.PIECEWISE_BEZIER_KNOTS.);
#521=B_SPLINE_CURVE_WITH_KNOTS('',2,(#8408,#8409,#8410),.UNSPECIFIED.,.F.,
 .F.,(3,3),(0.,1.),.PIECEWISE_BEZIER_KNOTS.);
#522=B_SPLINE_CURVE_WITH_KNOTS('',2,(#8439,#8440,#8441),.UNSPECIFIED.,.F.,
 .F.,(3,3),(0.,1.),.PIECEWISE_BEZIER_KNOTS.);
#523=B_SPLINE_CURVE_WITH_KNOTS('',2,(#8454,#8455,#8456),.UNSPECIFIED.,.F.,
 .F.,(3,3),(0.,1.),.PIECEWISE_BEZIER_KNOTS.);
#524=B_SPLINE_CURVE_WITH_KNOTS('',2,(#8467,#8468,#8469),.UNSPECIFIED.,.F.,
 .F.,(3,3),(0.,1.),.PIECEWISE_BEZIER_KNOTS.);
#525=B_SPLINE_CURVE_WITH_KNOTS('',2,(#8480,#8481,#8482),.UNSPECIFIED.,.F.,
 .F.,(3,3),(0.,1.),.PIECEWISE_BEZIER_KNOTS.);
#526=B_SPLINE_CURVE_WITH_KNOTS('',2,(#8491,#8492,#8493),.UNSPECIFIED.,.F.,
 .F.,(3,3),(0.,1.),.PIECEWISE_BEZIER_KNOTS.);
#527=ORIENTED_EDGE('',*,*,#1767,.T.);
#528=ORIENTED_EDGE('',*,*,#1768,.T.);
#529=ORIENTED_EDGE('',*,*,#1769,.T.);
#530=ORIENTED_EDGE('',*,*,#1770,.T.);
#531=ORIENTED_EDGE('',*,*,#1771,.T.);
#532=ORIENTED_EDGE('',*,*,#1772,.T.);
#533=ORIENTED_EDGE('',*,*,#1773,.T.);
#534=ORIENTED_EDGE('',*,*,#1774,.T.);
#535=ORIENTED_EDGE('',*,*,#1775,.T.);
#536=ORIENTED_EDGE('',*,*,#1776,.T.);
#537=ORIENTED_EDGE('',*,*,#1777,.T.);
#538=ORIENTED_EDGE('',*,*,#1778,.T.);
#539=ORIENTED_EDGE('',*,*,#1779,.T.);
#540=ORIENTED_EDGE('',*,*,#1780,.T.);
#541=ORIENTED_EDGE('',*,*,#1781,.T.);
#542=ORIENTED_EDGE('',*,*,#1782,.T.);
#543=ORIENTED_EDGE('',*,*,#1783,.T.);
#544=ORIENTED_EDGE('',*,*,#1784,.T.);
#545=ORIENTED_EDGE('',*,*,#1785,.T.);
#546=ORIENTED_EDGE('',*,*,#1786,.T.);
#547=ORIENTED_EDGE('',*,*,#1787,.T.);
#548=ORIENTED_EDGE('',*,*,#1788,.T.);
#549=ORIENTED_EDGE('',*,*,#1789,.T.);
#550=ORIENTED_EDGE('',*,*,#1790,.T.);
#551=ORIENTED_EDGE('',*,*,#1791,.T.);
#552=ORIENTED_EDGE('',*,*,#1792,.T.);
#553=ORIENTED_EDGE('',*,*,#1793,.T.);
#554=ORIENTED_EDGE('',*,*,#1794,.T.);
#555=ORIENTED_EDGE('',*,*,#1795,.T.);
#556=ORIENTED_EDGE('',*,*,#1796,.T.);
#557=ORIENTED_EDGE('',*,*,#1797,.T.);
#558=ORIENTED_EDGE('',*,*,#1798,.T.);
#559=ORIENTED_EDGE('',*,*,#1799,.T.);
#560=ORIENTED_EDGE('',*,*,#1800,.T.);
#561=ORIENTED_EDGE('',*,*,#1801,.T.);
#562=ORIENTED_EDGE('',*,*,#1802,.T.);
#563=ORIENTED_EDGE('',*,*,#1803,.T.);
#564=ORIENTED_EDGE('',*,*,#1804,.T.);
#565=ORIENTED_EDGE('',*,*,#1805,.T.);
#566=ORIENTED_EDGE('',*,*,#1806,.T.);
#567=ORIENTED_EDGE('',*,*,#1807,.T.);
#568=ORIENTED_EDGE('',*,*,#1808,.T.);
#569=ORIENTED_EDGE('',*,*,#1809,.T.);
#570=ORIENTED_EDGE('',*,*,#1810,.T.);
#571=ORIENTED_EDGE('',*,*,#1811,.T.);
#572=ORIENTED_EDGE('',*,*,#1812,.T.);
#573=ORIENTED_EDGE('',*,*,#1813,.T.);
#574=ORIENTED_EDGE('',*,*,#1814,.T.);
#575=ORIENTED_EDGE('',*,*,#1815,.T.);
#576=ORIENTED_EDGE('',*,*,#1816,.T.);
#577=ORIENTED_EDGE('',*,*,#1817,.T.);
#578=ORIENTED_EDGE('',*,*,#1818,.T.);
#579=ORIENTED_EDGE('',*,*,#1819,.T.);
#580=ORIENTED_EDGE('',*,*,#1820,.T.);
#581=ORIENTED_EDGE('',*,*,#1821,.T.);
#582=ORIENTED_EDGE('',*,*,#1822,.T.);
#583=ORIENTED_EDGE('',*,*,#1823,.T.);
#584=ORIENTED_EDGE('',*,*,#1824,.T.);
#585=ORIENTED_EDGE('',*,*,#1825,.F.);
#586=ORIENTED_EDGE('',*,*,#1826,.F.);
#587=ORIENTED_EDGE('',*,*,#1827,.T.);
#588=ORIENTED_EDGE('',*,*,#1828,.T.);
#589=ORIENTED_EDGE('',*,*,#1829,.T.);
#590=ORIENTED_EDGE('',*,*,#1830,.T.);
#591=ORIENTED_EDGE('',*,*,#1831,.T.);
#592=ORIENTED_EDGE('',*,*,#1832,.T.);
#593=ORIENTED_EDGE('',*,*,#1833,.T.);
#594=ORIENTED_EDGE('',*,*,#1834,.T.);
#595=ORIENTED_EDGE('',*,*,#1835,.T.);
#596=ORIENTED_EDGE('',*,*,#1836,.T.);
#597=ORIENTED_EDGE('',*,*,#1837,.T.);
#598=ORIENTED_EDGE('',*,*,#1838,.T.);
#599=ORIENTED_EDGE('',*,*,#1839,.T.);
#600=ORIENTED_EDGE('',*,*,#1840,.T.);
#601=ORIENTED_EDGE('',*,*,#1841,.T.);
#602=ORIENTED_EDGE('',*,*,#1842,.T.);
#603=ORIENTED_EDGE('',*,*,#1843,.T.);
#604=ORIENTED_EDGE('',*,*,#1844,.T.);
#605=ORIENTED_EDGE('',*,*,#1845,.T.);
#606=ORIENTED_EDGE('',*,*,#1846,.T.);
#607=ORIENTED_EDGE('',*,*,#1847,.T.);
#608=ORIENTED_EDGE('',*,*,#1848,.T.);
#609=ORIENTED_EDGE('',*,*,#1849,.T.);
#610=ORIENTED_EDGE('',*,*,#1850,.T.);
#611=ORIENTED_EDGE('',*,*,#1851,.T.);
#612=ORIENTED_EDGE('',*,*,#1852,.T.);
#613=ORIENTED_EDGE('',*,*,#1853,.T.);
#614=ORIENTED_EDGE('',*,*,#1854,.T.);
#615=ORIENTED_EDGE('',*,*,#1855,.T.);
#616=ORIENTED_EDGE('',*,*,#1856,.T.);
#617=ORIENTED_EDGE('',*,*,#1857,.T.);
#618=ORIENTED_EDGE('',*,*,#1858,.T.);
#619=ORIENTED_EDGE('',*,*,#1859,.T.);
#620=ORIENTED_EDGE('',*,*,#1860,.T.);
#621=ORIENTED_EDGE('',*,*,#1861,.T.);
#622=ORIENTED_EDGE('',*,*,#1862,.T.);
#623=ORIENTED_EDGE('',*,*,#1863,.T.);
#624=ORIENTED_EDGE('',*,*,#1864,.T.);
#625=ORIENTED_EDGE('',*,*,#1865,.T.);
#626=ORIENTED_EDGE('',*,*,#1866,.T.);
#627=ORIENTED_EDGE('',*,*,#1867,.T.);
#628=ORIENTED_EDGE('',*,*,#1868,.T.);
#629=ORIENTED_EDGE('',*,*,#1869,.T.);
#630=ORIENTED_EDGE('',*,*,#1870,.T.);
#631=ORIENTED_EDGE('',*,*,#1871,.T.);
#632=ORIENTED_EDGE('',*,*,#1872,.T.);
#633=ORIENTED_EDGE('',*,*,#1873,.T.);
#634=ORIENTED_EDGE('',*,*,#1874,.T.);
#635=ORIENTED_EDGE('',*,*,#1875,.F.);
#636=ORIENTED_EDGE('',*,*,#1876,.F.);
#637=ORIENTED_EDGE('',*,*,#1877,.F.);
#638=ORIENTED_EDGE('',*,*,#1878,.F.);
#639=ORIENTED_EDGE('',*,*,#1879,.F.);
#640=ORIENTED_EDGE('',*,*,#1880,.F.);
#641=ORIENTED_EDGE('',*,*,#1881,.F.);
#642=ORIENTED_EDGE('',*,*,#1882,.F.);
#643=ORIENTED_EDGE('',*,*,#1883,.T.);
#644=ORIENTED_EDGE('',*,*,#1884,.F.);
#645=ORIENTED_EDGE('',*,*,#1885,.T.);
#646=ORIENTED_EDGE('',*,*,#1886,.F.);
#647=ORIENTED_EDGE('',*,*,#1887,.F.);
#648=ORIENTED_EDGE('',*,*,#1888,.F.);
#649=ORIENTED_EDGE('',*,*,#1889,.T.);
#650=ORIENTED_EDGE('',*,*,#1890,.F.);
#651=ORIENTED_EDGE('',*,*,#1891,.T.);
#652=ORIENTED_EDGE('',*,*,#1892,.F.);
#653=ORIENTED_EDGE('',*,*,#1893,.F.);
#654=ORIENTED_EDGE('',*,*,#1894,.F.);
#655=ORIENTED_EDGE('',*,*,#1895,.F.);
#656=ORIENTED_EDGE('',*,*,#1896,.F.);
#657=ORIENTED_EDGE('',*,*,#1897,.T.);
#658=ORIENTED_EDGE('',*,*,#1898,.F.);
#659=ORIENTED_EDGE('',*,*,#1899,.T.);
#660=ORIENTED_EDGE('',*,*,#1900,.F.);
#661=ORIENTED_EDGE('',*,*,#1901,.F.);
#662=ORIENTED_EDGE('',*,*,#1902,.F.);
#663=ORIENTED_EDGE('',*,*,#1903,.F.);
#664=ORIENTED_EDGE('',*,*,#1904,.F.);
#665=ORIENTED_EDGE('',*,*,#1905,.F.);
#666=ORIENTED_EDGE('',*,*,#1906,.F.);
#667=ORIENTED_EDGE('',*,*,#1907,.T.);
#668=ORIENTED_EDGE('',*,*,#1908,.F.);
#669=ORIENTED_EDGE('',*,*,#1909,.T.);
#670=ORIENTED_EDGE('',*,*,#1910,.F.);
#671=ORIENTED_EDGE('',*,*,#1826,.T.);
#672=ORIENTED_EDGE('',*,*,#1911,.T.);
#673=ORIENTED_EDGE('',*,*,#1912,.F.);
#674=ORIENTED_EDGE('',*,*,#1913,.T.);
#675=ORIENTED_EDGE('',*,*,#1914,.F.);
#676=ORIENTED_EDGE('',*,*,#1915,.T.);
#677=ORIENTED_EDGE('',*,*,#1916,.T.);
#678=ORIENTED_EDGE('',*,*,#1917,.T.);
#679=ORIENTED_EDGE('',*,*,#1918,.F.);
#680=ORIENTED_EDGE('',*,*,#1919,.T.);
#681=ORIENTED_EDGE('',*,*,#1920,.F.);
#682=ORIENTED_EDGE('',*,*,#1921,.F.);
#683=ORIENTED_EDGE('',*,*,#1922,.F.);
#684=ORIENTED_EDGE('',*,*,#1923,.F.);
#685=ORIENTED_EDGE('',*,*,#1924,.F.);
#686=ORIENTED_EDGE('',*,*,#1925,.T.);
#687=ORIENTED_EDGE('',*,*,#1926,.F.);
#688=ORIENTED_EDGE('',*,*,#1927,.T.);
#689=ORIENTED_EDGE('',*,*,#1928,.F.);
#690=ORIENTED_EDGE('',*,*,#1929,.T.);
#691=ORIENTED_EDGE('',*,*,#1930,.F.);
#692=ORIENTED_EDGE('',*,*,#1931,.F.);
#693=ORIENTED_EDGE('',*,*,#1932,.F.);
#694=ORIENTED_EDGE('',*,*,#1933,.F.);
#695=ORIENTED_EDGE('',*,*,#1934,.F.);
#696=ORIENTED_EDGE('',*,*,#1935,.T.);
#697=ORIENTED_EDGE('',*,*,#1936,.F.);
#698=ORIENTED_EDGE('',*,*,#1937,.T.);
#699=ORIENTED_EDGE('',*,*,#1938,.F.);
#700=ORIENTED_EDGE('',*,*,#1939,.F.);
#701=ORIENTED_EDGE('',*,*,#1940,.F.);
#702=ORIENTED_EDGE('',*,*,#1941,.F.);
#703=ORIENTED_EDGE('',*,*,#1942,.F.);
#704=ORIENTED_EDGE('',*,*,#1943,.T.);
#705=ORIENTED_EDGE('',*,*,#1944,.F.);
#706=ORIENTED_EDGE('',*,*,#1945,.F.);
#707=ORIENTED_EDGE('',*,*,#1946,.F.);
#708=ORIENTED_EDGE('',*,*,#1947,.F.);
#709=ORIENTED_EDGE('',*,*,#1948,.F.);
#710=ORIENTED_EDGE('',*,*,#1949,.T.);
#711=ORIENTED_EDGE('',*,*,#1950,.F.);
#712=ORIENTED_EDGE('',*,*,#1951,.T.);
#713=ORIENTED_EDGE('',*,*,#1952,.F.);
#714=ORIENTED_EDGE('',*,*,#1953,.F.);
#715=ORIENTED_EDGE('',*,*,#1954,.F.);
#716=ORIENTED_EDGE('',*,*,#1955,.F.);
#717=ORIENTED_EDGE('',*,*,#1956,.F.);
#718=ORIENTED_EDGE('',*,*,#1957,.T.);
#719=ORIENTED_EDGE('',*,*,#1958,.T.);
#720=ORIENTED_EDGE('',*,*,#1959,.F.);
#721=ORIENTED_EDGE('',*,*,#1911,.F.);
#722=ORIENTED_EDGE('',*,*,#1825,.T.);
#723=ORIENTED_EDGE('',*,*,#1960,.F.);
#724=ORIENTED_EDGE('',*,*,#1961,.F.);
#725=ORIENTED_EDGE('',*,*,#1912,.T.);
#726=ORIENTED_EDGE('',*,*,#1959,.T.);
#727=ORIENTED_EDGE('',*,*,#1962,.T.);
#728=ORIENTED_EDGE('',*,*,#1963,.F.);
#729=ORIENTED_EDGE('',*,*,#1913,.F.);
#730=ORIENTED_EDGE('',*,*,#1961,.T.);
#731=ORIENTED_EDGE('',*,*,#1964,.F.);
#732=ORIENTED_EDGE('',*,*,#1965,.F.);
#733=ORIENTED_EDGE('',*,*,#1914,.T.);
#734=ORIENTED_EDGE('',*,*,#1963,.T.);
#735=ORIENTED_EDGE('',*,*,#1966,.T.);
#736=ORIENTED_EDGE('',*,*,#1967,.F.);
#737=ORIENTED_EDGE('',*,*,#1915,.F.);
#738=ORIENTED_EDGE('',*,*,#1965,.T.);
#739=ORIENTED_EDGE('',*,*,#1968,.T.);
#740=ORIENTED_EDGE('',*,*,#1969,.F.);
#741=ORIENTED_EDGE('',*,*,#1916,.F.);
#742=ORIENTED_EDGE('',*,*,#1967,.T.);
#743=ORIENTED_EDGE('',*,*,#1970,.T.);
#744=ORIENTED_EDGE('',*,*,#1827,.F.);
#745=ORIENTED_EDGE('',*,*,#1917,.F.);
#746=ORIENTED_EDGE('',*,*,#1969,.T.);
#747=ORIENTED_EDGE('',*,*,#1824,.F.);
#748=ORIENTED_EDGE('',*,*,#1970,.F.);
#749=ORIENTED_EDGE('',*,*,#1968,.F.);
#750=ORIENTED_EDGE('',*,*,#1966,.F.);
#751=ORIENTED_EDGE('',*,*,#1964,.T.);
#752=ORIENTED_EDGE('',*,*,#1962,.F.);
#753=ORIENTED_EDGE('',*,*,#1960,.T.);
#754=ORIENTED_EDGE('',*,*,#1958,.F.);
#755=ORIENTED_EDGE('',*,*,#1903,.T.);
#756=ORIENTED_EDGE('',*,*,#1971,.F.);
#757=ORIENTED_EDGE('',*,*,#1972,.F.);
#758=ORIENTED_EDGE('',*,*,#1973,.T.);
#759=ORIENTED_EDGE('',*,*,#1910,.T.);
#760=ORIENTED_EDGE('',*,*,#1974,.F.);
#761=ORIENTED_EDGE('',*,*,#1975,.F.);
#762=ORIENTED_EDGE('',*,*,#1971,.T.);
#763=ORIENTED_EDGE('',*,*,#1909,.F.);
#764=ORIENTED_EDGE('',*,*,#1976,.F.);
#765=ORIENTED_EDGE('',*,*,#1977,.T.);
#766=ORIENTED_EDGE('',*,*,#1974,.T.);
#767=ORIENTED_EDGE('',*,*,#1908,.T.);
#768=ORIENTED_EDGE('',*,*,#1978,.F.);
#769=ORIENTED_EDGE('',*,*,#1979,.F.);
#770=ORIENTED_EDGE('',*,*,#1976,.T.);
#771=ORIENTED_EDGE('',*,*,#1907,.F.);
#772=ORIENTED_EDGE('',*,*,#1980,.F.);
#773=ORIENTED_EDGE('',*,*,#1981,.T.);
#774=ORIENTED_EDGE('',*,*,#1978,.T.);
#775=ORIENTED_EDGE('',*,*,#1906,.T.);
#776=ORIENTED_EDGE('',*,*,#1982,.F.);
#777=ORIENTED_EDGE('',*,*,#1983,.F.);
#778=ORIENTED_EDGE('',*,*,#1980,.T.);
#779=ORIENTED_EDGE('',*,*,#1905,.T.);
#780=ORIENTED_EDGE('',*,*,#1984,.F.);
#781=ORIENTED_EDGE('',*,*,#1985,.F.);
#782=ORIENTED_EDGE('',*,*,#1982,.T.);
#783=ORIENTED_EDGE('',*,*,#1904,.T.);
#784=ORIENTED_EDGE('',*,*,#1973,.F.);
#785=ORIENTED_EDGE('',*,*,#1986,.F.);
#786=ORIENTED_EDGE('',*,*,#1984,.T.);
#787=ORIENTED_EDGE('',*,*,#1972,.T.);
#788=ORIENTED_EDGE('',*,*,#1975,.T.);
#789=ORIENTED_EDGE('',*,*,#1977,.F.);
#790=ORIENTED_EDGE('',*,*,#1979,.T.);
#791=ORIENTED_EDGE('',*,*,#1981,.F.);
#792=ORIENTED_EDGE('',*,*,#1983,.T.);
#793=ORIENTED_EDGE('',*,*,#1985,.T.);
#794=ORIENTED_EDGE('',*,*,#1986,.T.);
#795=ORIENTED_EDGE('',*,*,#1895,.T.);
#796=ORIENTED_EDGE('',*,*,#1987,.F.);
#797=ORIENTED_EDGE('',*,*,#1988,.F.);
#798=ORIENTED_EDGE('',*,*,#1989,.T.);
#799=ORIENTED_EDGE('',*,*,#1902,.T.);
#800=ORIENTED_EDGE('',*,*,#1990,.F.);
#801=ORIENTED_EDGE('',*,*,#1991,.F.);
#802=ORIENTED_EDGE('',*,*,#1987,.T.);
#803=ORIENTED_EDGE('',*,*,#1901,.T.);
#804=ORIENTED_EDGE('',*,*,#1992,.F.);
#805=ORIENTED_EDGE('',*,*,#1993,.F.);
#806=ORIENTED_EDGE('',*,*,#1990,.T.);
#807=ORIENTED_EDGE('',*,*,#1900,.T.);
#808=ORIENTED_EDGE('',*,*,#1994,.F.);
#809=ORIENTED_EDGE('',*,*,#1995,.F.);
#810=ORIENTED_EDGE('',*,*,#1992,.T.);
#811=ORIENTED_EDGE('',*,*,#1899,.F.);
#812=ORIENTED_EDGE('',*,*,#1996,.F.);
#813=ORIENTED_EDGE('',*,*,#1997,.T.);
#814=ORIENTED_EDGE('',*,*,#1994,.T.);
#815=ORIENTED_EDGE('',*,*,#1898,.T.);
#816=ORIENTED_EDGE('',*,*,#1998,.F.);
#817=ORIENTED_EDGE('',*,*,#1999,.F.);
#818=ORIENTED_EDGE('',*,*,#1996,.T.);
#819=ORIENTED_EDGE('',*,*,#1897,.F.);
#820=ORIENTED_EDGE('',*,*,#2000,.F.);
#821=ORIENTED_EDGE('',*,*,#2001,.T.);
#822=ORIENTED_EDGE('',*,*,#1998,.T.);
#823=ORIENTED_EDGE('',*,*,#1896,.T.);
#824=ORIENTED_EDGE('',*,*,#1989,.F.);
#825=ORIENTED_EDGE('',*,*,#2002,.F.);
#826=ORIENTED_EDGE('',*,*,#2000,.T.);
#827=ORIENTED_EDGE('',*,*,#1988,.T.);
#828=ORIENTED_EDGE('',*,*,#1991,.T.);
#829=ORIENTED_EDGE('',*,*,#1993,.T.);
#830=ORIENTED_EDGE('',*,*,#1995,.T.);
#831=ORIENTED_EDGE('',*,*,#1997,.F.);
#832=ORIENTED_EDGE('',*,*,#1999,.T.);
#833=ORIENTED_EDGE('',*,*,#2001,.F.);
#834=ORIENTED_EDGE('',*,*,#2002,.T.);
#835=ORIENTED_EDGE('',*,*,#1919,.F.);
#836=ORIENTED_EDGE('',*,*,#2003,.F.);
#837=ORIENTED_EDGE('',*,*,#2004,.T.);
#838=ORIENTED_EDGE('',*,*,#2005,.T.);
#839=ORIENTED_EDGE('',*,*,#1918,.T.);
#840=ORIENTED_EDGE('',*,*,#2006,.F.);
#841=ORIENTED_EDGE('',*,*,#2007,.F.);
#842=ORIENTED_EDGE('',*,*,#2003,.T.);
#843=ORIENTED_EDGE('',*,*,#1925,.F.);
#844=ORIENTED_EDGE('',*,*,#2008,.F.);
#845=ORIENTED_EDGE('',*,*,#2009,.T.);
#846=ORIENTED_EDGE('',*,*,#2006,.T.);
#847=ORIENTED_EDGE('',*,*,#1924,.T.);
#848=ORIENTED_EDGE('',*,*,#2010,.F.);
#849=ORIENTED_EDGE('',*,*,#2011,.F.);
#850=ORIENTED_EDGE('',*,*,#2008,.T.);
#851=ORIENTED_EDGE('',*,*,#1923,.T.);
#852=ORIENTED_EDGE('',*,*,#2012,.F.);
#853=ORIENTED_EDGE('',*,*,#2013,.F.);
#854=ORIENTED_EDGE('',*,*,#2010,.T.);
#855=ORIENTED_EDGE('',*,*,#1922,.T.);
#856=ORIENTED_EDGE('',*,*,#2014,.F.);
#857=ORIENTED_EDGE('',*,*,#2015,.F.);
#858=ORIENTED_EDGE('',*,*,#2012,.T.);
#859=ORIENTED_EDGE('',*,*,#1921,.T.);
#860=ORIENTED_EDGE('',*,*,#2016,.F.);
#861=ORIENTED_EDGE('',*,*,#2017,.F.);
#862=ORIENTED_EDGE('',*,*,#2014,.T.);
#863=ORIENTED_EDGE('',*,*,#1920,.T.);
#864=ORIENTED_EDGE('',*,*,#2005,.F.);
#865=ORIENTED_EDGE('',*,*,#2018,.F.);
#866=ORIENTED_EDGE('',*,*,#2016,.T.);
#867=ORIENTED_EDGE('',*,*,#2004,.F.);
#868=ORIENTED_EDGE('',*,*,#2007,.T.);
#869=ORIENTED_EDGE('',*,*,#2009,.F.);
#870=ORIENTED_EDGE('',*,*,#2011,.T.);
#871=ORIENTED_EDGE('',*,*,#2013,.T.);
#872=ORIENTED_EDGE('',*,*,#2015,.T.);
#873=ORIENTED_EDGE('',*,*,#2017,.T.);
#874=ORIENTED_EDGE('',*,*,#2018,.T.);
#875=ORIENTED_EDGE('',*,*,#1927,.F.);
#876=ORIENTED_EDGE('',*,*,#2019,.F.);
#877=ORIENTED_EDGE('',*,*,#2020,.T.);
#878=ORIENTED_EDGE('',*,*,#2021,.T.);
#879=ORIENTED_EDGE('',*,*,#1926,.T.);
#880=ORIENTED_EDGE('',*,*,#2022,.F.);
#881=ORIENTED_EDGE('',*,*,#2023,.F.);
#882=ORIENTED_EDGE('',*,*,#2019,.T.);
#883=ORIENTED_EDGE('',*,*,#1933,.T.);
#884=ORIENTED_EDGE('',*,*,#2024,.F.);
#885=ORIENTED_EDGE('',*,*,#2025,.F.);
#886=ORIENTED_EDGE('',*,*,#2022,.T.);
#887=ORIENTED_EDGE('',*,*,#1932,.T.);
#888=ORIENTED_EDGE('',*,*,#2026,.F.);
#889=ORIENTED_EDGE('',*,*,#2027,.F.);
#890=ORIENTED_EDGE('',*,*,#2024,.T.);
#891=ORIENTED_EDGE('',*,*,#1931,.T.);
#892=ORIENTED_EDGE('',*,*,#2028,.F.);
#893=ORIENTED_EDGE('',*,*,#2029,.F.);
#894=ORIENTED_EDGE('',*,*,#2026,.T.);
#895=ORIENTED_EDGE('',*,*,#1930,.T.);
#896=ORIENTED_EDGE('',*,*,#2030,.F.);
#897=ORIENTED_EDGE('',*,*,#2031,.F.);
#898=ORIENTED_EDGE('',*,*,#2028,.T.);
#899=ORIENTED_EDGE('',*,*,#1929,.F.);
#900=ORIENTED_EDGE('',*,*,#2032,.F.);
#901=ORIENTED_EDGE('',*,*,#2033,.T.);
#902=ORIENTED_EDGE('',*,*,#2030,.T.);
#903=ORIENTED_EDGE('',*,*,#1928,.T.);
#904=ORIENTED_EDGE('',*,*,#2021,.F.);
#905=ORIENTED_EDGE('',*,*,#2034,.F.);
#906=ORIENTED_EDGE('',*,*,#2032,.T.);
#907=ORIENTED_EDGE('',*,*,#2020,.F.);
#908=ORIENTED_EDGE('',*,*,#2023,.T.);
#909=ORIENTED_EDGE('',*,*,#2025,.T.);
#910=ORIENTED_EDGE('',*,*,#2027,.T.);
#911=ORIENTED_EDGE('',*,*,#2029,.T.);
#912=ORIENTED_EDGE('',*,*,#2031,.T.);
#913=ORIENTED_EDGE('',*,*,#2033,.F.);
#914=ORIENTED_EDGE('',*,*,#2034,.T.);
#915=ORIENTED_EDGE('',*,*,#1935,.F.);
#916=ORIENTED_EDGE('',*,*,#2035,.F.);
#917=ORIENTED_EDGE('',*,*,#2036,.T.);
#918=ORIENTED_EDGE('',*,*,#2037,.T.);
#919=ORIENTED_EDGE('',*,*,#1934,.T.);
#920=ORIENTED_EDGE('',*,*,#2038,.F.);
#921=ORIENTED_EDGE('',*,*,#2039,.F.);
#922=ORIENTED_EDGE('',*,*,#2035,.T.);
#923=ORIENTED_EDGE('',*,*,#1941,.T.);
#924=ORIENTED_EDGE('',*,*,#2040,.F.);
#925=ORIENTED_EDGE('',*,*,#2041,.F.);
#926=ORIENTED_EDGE('',*,*,#2038,.T.);
#927=ORIENTED_EDGE('',*,*,#1940,.T.);
#928=ORIENTED_EDGE('',*,*,#2042,.F.);
#929=ORIENTED_EDGE('',*,*,#2043,.F.);
#930=ORIENTED_EDGE('',*,*,#2040,.T.);
#931=ORIENTED_EDGE('',*,*,#1939,.T.);
#932=ORIENTED_EDGE('',*,*,#2044,.F.);
#933=ORIENTED_EDGE('',*,*,#2045,.F.);
#934=ORIENTED_EDGE('',*,*,#2042,.T.);
#935=ORIENTED_EDGE('',*,*,#1938,.T.);
#936=ORIENTED_EDGE('',*,*,#2046,.F.);
#937=ORIENTED_EDGE('',*,*,#2047,.F.);
#938=ORIENTED_EDGE('',*,*,#2044,.T.);
#939=ORIENTED_EDGE('',*,*,#1937,.F.);
#940=ORIENTED_EDGE('',*,*,#2048,.F.);
#941=ORIENTED_EDGE('',*,*,#2049,.T.);
#942=ORIENTED_EDGE('',*,*,#2046,.T.);
#943=ORIENTED_EDGE('',*,*,#1936,.T.);
#944=ORIENTED_EDGE('',*,*,#2037,.F.);
#945=ORIENTED_EDGE('',*,*,#2050,.F.);
#946=ORIENTED_EDGE('',*,*,#2048,.T.);
#947=ORIENTED_EDGE('',*,*,#2036,.F.);
#948=ORIENTED_EDGE('',*,*,#2039,.T.);
#949=ORIENTED_EDGE('',*,*,#2041,.T.);
#950=ORIENTED_EDGE('',*,*,#2043,.T.);
#951=ORIENTED_EDGE('',*,*,#2045,.T.);
#952=ORIENTED_EDGE('',*,*,#2047,.T.);
#953=ORIENTED_EDGE('',*,*,#2049,.F.);
#954=ORIENTED_EDGE('',*,*,#2050,.T.);
#955=ORIENTED_EDGE('',*,*,#1943,.F.);
#956=ORIENTED_EDGE('',*,*,#2051,.F.);
#957=ORIENTED_EDGE('',*,*,#2052,.T.);
#958=ORIENTED_EDGE('',*,*,#2053,.T.);
#959=ORIENTED_EDGE('',*,*,#1942,.T.);
#960=ORIENTED_EDGE('',*,*,#2054,.F.);
#961=ORIENTED_EDGE('',*,*,#2055,.F.);
#962=ORIENTED_EDGE('',*,*,#2051,.T.);
#963=ORIENTED_EDGE('',*,*,#1949,.F.);
#964=ORIENTED_EDGE('',*,*,#2056,.F.);
#965=ORIENTED_EDGE('',*,*,#2057,.T.);
#966=ORIENTED_EDGE('',*,*,#2054,.T.);
#967=ORIENTED_EDGE('',*,*,#1948,.T.);
#968=ORIENTED_EDGE('',*,*,#2058,.F.);
#969=ORIENTED_EDGE('',*,*,#2059,.F.);
#970=ORIENTED_EDGE('',*,*,#2056,.T.);
#971=ORIENTED_EDGE('',*,*,#1947,.T.);
#972=ORIENTED_EDGE('',*,*,#2060,.F.);
#973=ORIENTED_EDGE('',*,*,#2061,.F.);
#974=ORIENTED_EDGE('',*,*,#2058,.T.);
#975=ORIENTED_EDGE('',*,*,#1946,.T.);
#976=ORIENTED_EDGE('',*,*,#2062,.F.);
#977=ORIENTED_EDGE('',*,*,#2063,.F.);
#978=ORIENTED_EDGE('',*,*,#2060,.T.);
#979=ORIENTED_EDGE('',*,*,#1945,.T.);
#980=ORIENTED_EDGE('',*,*,#2064,.F.);
#981=ORIENTED_EDGE('',*,*,#2065,.F.);
#982=ORIENTED_EDGE('',*,*,#2062,.T.);
#983=ORIENTED_EDGE('',*,*,#1944,.T.);
#984=ORIENTED_EDGE('',*,*,#2053,.F.);
#985=ORIENTED_EDGE('',*,*,#2066,.F.);
#986=ORIENTED_EDGE('',*,*,#2064,.T.);
#987=ORIENTED_EDGE('',*,*,#2052,.F.);
#988=ORIENTED_EDGE('',*,*,#2055,.T.);
#989=ORIENTED_EDGE('',*,*,#2057,.F.);
#990=ORIENTED_EDGE('',*,*,#2059,.T.);
#991=ORIENTED_EDGE('',*,*,#2061,.T.);
#992=ORIENTED_EDGE('',*,*,#2063,.T.);
#993=ORIENTED_EDGE('',*,*,#2065,.T.);
#994=ORIENTED_EDGE('',*,*,#2066,.T.);
#995=ORIENTED_EDGE('',*,*,#1887,.T.);
#996=ORIENTED_EDGE('',*,*,#2067,.F.);
#997=ORIENTED_EDGE('',*,*,#2068,.F.);
#998=ORIENTED_EDGE('',*,*,#2069,.T.);
#999=ORIENTED_EDGE('',*,*,#1894,.T.);
#1000=ORIENTED_EDGE('',*,*,#2070,.F.);
#1001=ORIENTED_EDGE('',*,*,#2071,.F.);
#1002=ORIENTED_EDGE('',*,*,#2067,.T.);
#1003=ORIENTED_EDGE('',*,*,#1893,.T.);
#1004=ORIENTED_EDGE('',*,*,#2072,.F.);
#1005=ORIENTED_EDGE('',*,*,#2073,.F.);
#1006=ORIENTED_EDGE('',*,*,#2070,.T.);
#1007=ORIENTED_EDGE('',*,*,#1892,.T.);
#1008=ORIENTED_EDGE('',*,*,#2074,.F.);
#1009=ORIENTED_EDGE('',*,*,#2075,.F.);
#1010=ORIENTED_EDGE('',*,*,#2072,.T.);
#1011=ORIENTED_EDGE('',*,*,#1891,.F.);
#1012=ORIENTED_EDGE('',*,*,#2076,.F.);
#1013=ORIENTED_EDGE('',*,*,#2077,.T.);
#1014=ORIENTED_EDGE('',*,*,#2074,.T.);
#1015=ORIENTED_EDGE('',*,*,#1890,.T.);
#1016=ORIENTED_EDGE('',*,*,#2078,.F.);
#1017=ORIENTED_EDGE('',*,*,#2079,.F.);
#1018=ORIENTED_EDGE('',*,*,#2076,.T.);
#1019=ORIENTED_EDGE('',*,*,#1889,.F.);
#1020=ORIENTED_EDGE('',*,*,#2080,.F.);
#1021=ORIENTED_EDGE('',*,*,#2081,.T.);
#1022=ORIENTED_EDGE('',*,*,#2078,.T.);
#1023=ORIENTED_EDGE('',*,*,#1888,.T.);
#1024=ORIENTED_EDGE('',*,*,#2069,.F.);
#1025=ORIENTED_EDGE('',*,*,#2082,.F.);
#1026=ORIENTED_EDGE('',*,*,#2080,.T.);
#1027=ORIENTED_EDGE('',*,*,#2068,.T.);
#1028=ORIENTED_EDGE('',*,*,#2071,.T.);
#1029=ORIENTED_EDGE('',*,*,#2073,.T.);
#1030=ORIENTED_EDGE('',*,*,#2075,.T.);
#1031=ORIENTED_EDGE('',*,*,#2077,.F.);
#1032=ORIENTED_EDGE('',*,*,#2079,.T.);
#1033=ORIENTED_EDGE('',*,*,#2081,.F.);
#1034=ORIENTED_EDGE('',*,*,#2082,.T.);
#1035=ORIENTED_EDGE('',*,*,#1951,.F.);
#1036=ORIENTED_EDGE('',*,*,#2083,.F.);
#1037=ORIENTED_EDGE('',*,*,#2084,.T.);
#1038=ORIENTED_EDGE('',*,*,#2085,.T.);
#1039=ORIENTED_EDGE('',*,*,#1950,.T.);
#1040=ORIENTED_EDGE('',*,*,#2086,.F.);
#1041=ORIENTED_EDGE('',*,*,#2087,.F.);
#1042=ORIENTED_EDGE('',*,*,#2083,.T.);
#1043=ORIENTED_EDGE('',*,*,#1957,.F.);
#1044=ORIENTED_EDGE('',*,*,#2088,.F.);
#1045=ORIENTED_EDGE('',*,*,#2089,.T.);
#1046=ORIENTED_EDGE('',*,*,#2086,.T.);
#1047=ORIENTED_EDGE('',*,*,#1956,.T.);
#1048=ORIENTED_EDGE('',*,*,#2090,.F.);
#1049=ORIENTED_EDGE('',*,*,#2091,.F.);
#1050=ORIENTED_EDGE('',*,*,#2088,.T.);
#1051=ORIENTED_EDGE('',*,*,#1955,.T.);
#1052=ORIENTED_EDGE('',*,*,#2092,.F.);
#1053=ORIENTED_EDGE('',*,*,#2093,.F.);
#1054=ORIENTED_EDGE('',*,*,#2090,.T.);
#1055=ORIENTED_EDGE('',*,*,#1954,.T.);
#1056=ORIENTED_EDGE('',*,*,#2094,.F.);
#1057=ORIENTED_EDGE('',*,*,#2095,.F.);
#1058=ORIENTED_EDGE('',*,*,#2092,.T.);
#1059=ORIENTED_EDGE('',*,*,#1953,.T.);
#1060=ORIENTED_EDGE('',*,*,#2096,.F.);
#1061=ORIENTED_EDGE('',*,*,#2097,.F.);
#1062=ORIENTED_EDGE('',*,*,#2094,.T.);
#1063=ORIENTED_EDGE('',*,*,#1952,.T.);
#1064=ORIENTED_EDGE('',*,*,#2085,.F.);
#1065=ORIENTED_EDGE('',*,*,#2098,.F.);
#1066=ORIENTED_EDGE('',*,*,#2096,.T.);
#1067=ORIENTED_EDGE('',*,*,#2084,.F.);
#1068=ORIENTED_EDGE('',*,*,#2087,.T.);
#1069=ORIENTED_EDGE('',*,*,#2089,.F.);
#1070=ORIENTED_EDGE('',*,*,#2091,.T.);
#1071=ORIENTED_EDGE('',*,*,#2093,.T.);
#1072=ORIENTED_EDGE('',*,*,#2095,.T.);
#1073=ORIENTED_EDGE('',*,*,#2097,.T.);
#1074=ORIENTED_EDGE('',*,*,#2098,.T.);
#1075=ORIENTED_EDGE('',*,*,#1879,.T.);
#1076=ORIENTED_EDGE('',*,*,#2099,.F.);
#1077=ORIENTED_EDGE('',*,*,#2100,.F.);
#1078=ORIENTED_EDGE('',*,*,#2101,.T.);
#1079=ORIENTED_EDGE('',*,*,#1886,.T.);
#1080=ORIENTED_EDGE('',*,*,#2102,.F.);
#1081=ORIENTED_EDGE('',*,*,#2103,.F.);
#1082=ORIENTED_EDGE('',*,*,#2099,.T.);
#1083=ORIENTED_EDGE('',*,*,#1885,.F.);
#1084=ORIENTED_EDGE('',*,*,#2104,.F.);
#1085=ORIENTED_EDGE('',*,*,#2105,.T.);
#1086=ORIENTED_EDGE('',*,*,#2102,.T.);
#1087=ORIENTED_EDGE('',*,*,#1884,.T.);
#1088=ORIENTED_EDGE('',*,*,#2106,.F.);
#1089=ORIENTED_EDGE('',*,*,#2107,.F.);
#1090=ORIENTED_EDGE('',*,*,#2104,.T.);
#1091=ORIENTED_EDGE('',*,*,#1883,.F.);
#1092=ORIENTED_EDGE('',*,*,#2108,.F.);
#1093=ORIENTED_EDGE('',*,*,#2109,.T.);
#1094=ORIENTED_EDGE('',*,*,#2106,.T.);
#1095=ORIENTED_EDGE('',*,*,#1882,.T.);
#1096=ORIENTED_EDGE('',*,*,#2110,.F.);
#1097=ORIENTED_EDGE('',*,*,#2111,.F.);
#1098=ORIENTED_EDGE('',*,*,#2108,.T.);
#1099=ORIENTED_EDGE('',*,*,#1881,.T.);
#1100=ORIENTED_EDGE('',*,*,#2112,.F.);
#1101=ORIENTED_EDGE('',*,*,#2113,.F.);
#1102=ORIENTED_EDGE('',*,*,#2110,.T.);
#1103=ORIENTED_EDGE('',*,*,#1880,.T.);
#1104=ORIENTED_EDGE('',*,*,#2101,.F.);
#1105=ORIENTED_EDGE('',*,*,#2114,.F.);
#1106=ORIENTED_EDGE('',*,*,#2112,.T.);
#1107=ORIENTED_EDGE('',*,*,#2100,.T.);
#1108=ORIENTED_EDGE('',*,*,#2103,.T.);
#1109=ORIENTED_EDGE('',*,*,#2105,.F.);
#1110=ORIENTED_EDGE('',*,*,#2107,.T.);
#1111=ORIENTED_EDGE('',*,*,#2109,.F.);
#1112=ORIENTED_EDGE('',*,*,#2111,.T.);
#1113=ORIENTED_EDGE('',*,*,#2113,.T.);
#1114=ORIENTED_EDGE('',*,*,#2114,.T.);
#1115=ORIENTED_EDGE('',*,*,#1829,.F.);
#1116=ORIENTED_EDGE('',*,*,#2115,.F.);
#1117=ORIENTED_EDGE('',*,*,#2116,.T.);
#1118=ORIENTED_EDGE('',*,*,#2117,.T.);
#1119=ORIENTED_EDGE('',*,*,#1828,.F.);
#1120=ORIENTED_EDGE('',*,*,#2118,.F.);
#1121=ORIENTED_EDGE('',*,*,#2119,.T.);
#1122=ORIENTED_EDGE('',*,*,#2115,.T.);
#1123=ORIENTED_EDGE('',*,*,#1842,.F.);
#1124=ORIENTED_EDGE('',*,*,#2120,.F.);
#1125=ORIENTED_EDGE('',*,*,#2121,.T.);
#1126=ORIENTED_EDGE('',*,*,#2118,.T.);
#1127=ORIENTED_EDGE('',*,*,#1841,.F.);
#1128=ORIENTED_EDGE('',*,*,#2122,.F.);
#1129=ORIENTED_EDGE('',*,*,#2123,.T.);
#1130=ORIENTED_EDGE('',*,*,#2120,.T.);
#1131=ORIENTED_EDGE('',*,*,#1840,.F.);
#1132=ORIENTED_EDGE('',*,*,#2124,.F.);
#1133=ORIENTED_EDGE('',*,*,#2125,.T.);
#1134=ORIENTED_EDGE('',*,*,#2122,.T.);
#1135=ORIENTED_EDGE('',*,*,#1839,.F.);
#1136=ORIENTED_EDGE('',*,*,#2126,.F.);
#1137=ORIENTED_EDGE('',*,*,#2127,.T.);
#1138=ORIENTED_EDGE('',*,*,#2124,.T.);
#1139=ORIENTED_EDGE('',*,*,#1838,.F.);
#1140=ORIENTED_EDGE('',*,*,#2128,.F.);
#1141=ORIENTED_EDGE('',*,*,#2129,.T.);
#1142=ORIENTED_EDGE('',*,*,#2126,.T.);
#1143=ORIENTED_EDGE('',*,*,#1837,.F.);
#1144=ORIENTED_EDGE('',*,*,#2130,.F.);
#1145=ORIENTED_EDGE('',*,*,#2131,.T.);
#1146=ORIENTED_EDGE('',*,*,#2128,.T.);
#1147=ORIENTED_EDGE('',*,*,#1836,.F.);
#1148=ORIENTED_EDGE('',*,*,#2132,.F.);
#1149=ORIENTED_EDGE('',*,*,#2133,.T.);
#1150=ORIENTED_EDGE('',*,*,#2130,.T.);
#1151=ORIENTED_EDGE('',*,*,#1835,.F.);
#1152=ORIENTED_EDGE('',*,*,#2134,.F.);
#1153=ORIENTED_EDGE('',*,*,#2135,.T.);
#1154=ORIENTED_EDGE('',*,*,#2132,.T.);
#1155=ORIENTED_EDGE('',*,*,#1834,.F.);
#1156=ORIENTED_EDGE('',*,*,#2136,.F.);
#1157=ORIENTED_EDGE('',*,*,#2137,.T.);
#1158=ORIENTED_EDGE('',*,*,#2134,.T.);
#1159=ORIENTED_EDGE('',*,*,#1833,.F.);
#1160=ORIENTED_EDGE('',*,*,#2138,.F.);
#1161=ORIENTED_EDGE('',*,*,#2139,.T.);
#1162=ORIENTED_EDGE('',*,*,#2136,.T.);
#1163=ORIENTED_EDGE('',*,*,#1832,.F.);
#1164=ORIENTED_EDGE('',*,*,#2140,.F.);
#1165=ORIENTED_EDGE('',*,*,#2141,.T.);
#1166=ORIENTED_EDGE('',*,*,#2138,.T.);
#1167=ORIENTED_EDGE('',*,*,#1831,.F.);
#1168=ORIENTED_EDGE('',*,*,#2142,.F.);
#1169=ORIENTED_EDGE('',*,*,#2143,.T.);
#1170=ORIENTED_EDGE('',*,*,#2140,.T.);
#1171=ORIENTED_EDGE('',*,*,#2144,.F.);
#1172=ORIENTED_EDGE('',*,*,#2145,.F.);
#1173=ORIENTED_EDGE('',*,*,#2146,.T.);
#1174=ORIENTED_EDGE('',*,*,#2147,.T.);
#1175=ORIENTED_EDGE('',*,*,#2148,.F.);
#1176=ORIENTED_EDGE('',*,*,#2149,.F.);
#1177=ORIENTED_EDGE('',*,*,#2150,.T.);
#1178=ORIENTED_EDGE('',*,*,#2145,.T.);
#1179=ORIENTED_EDGE('',*,*,#2151,.F.);
#1180=ORIENTED_EDGE('',*,*,#2152,.F.);
#1181=ORIENTED_EDGE('',*,*,#2153,.T.);
#1182=ORIENTED_EDGE('',*,*,#2149,.T.);
#1183=ORIENTED_EDGE('',*,*,#2154,.F.);
#1184=ORIENTED_EDGE('',*,*,#2155,.F.);
#1185=ORIENTED_EDGE('',*,*,#2156,.T.);
#1186=ORIENTED_EDGE('',*,*,#2152,.T.);
#1187=ORIENTED_EDGE('',*,*,#2157,.F.);
#1188=ORIENTED_EDGE('',*,*,#2147,.F.);
#1189=ORIENTED_EDGE('',*,*,#2158,.T.);
#1190=ORIENTED_EDGE('',*,*,#2155,.T.);
#1191=ORIENTED_EDGE('',*,*,#1830,.F.);
#1192=ORIENTED_EDGE('',*,*,#2117,.F.);
#1193=ORIENTED_EDGE('',*,*,#2159,.T.);
#1194=ORIENTED_EDGE('',*,*,#2142,.T.);
#1195=ORIENTED_EDGE('',*,*,#2146,.F.);
#1196=ORIENTED_EDGE('',*,*,#2150,.F.);
#1197=ORIENTED_EDGE('',*,*,#2153,.F.);
#1198=ORIENTED_EDGE('',*,*,#2156,.F.);
#1199=ORIENTED_EDGE('',*,*,#2158,.F.);
#1200=ORIENTED_EDGE('',*,*,#2116,.F.);
#1201=ORIENTED_EDGE('',*,*,#2119,.F.);
#1202=ORIENTED_EDGE('',*,*,#2121,.F.);
#1203=ORIENTED_EDGE('',*,*,#2123,.F.);
#1204=ORIENTED_EDGE('',*,*,#2125,.F.);
#1205=ORIENTED_EDGE('',*,*,#2127,.F.);
#1206=ORIENTED_EDGE('',*,*,#2129,.F.);
#1207=ORIENTED_EDGE('',*,*,#2131,.F.);
#1208=ORIENTED_EDGE('',*,*,#2133,.F.);
#1209=ORIENTED_EDGE('',*,*,#2135,.F.);
#1210=ORIENTED_EDGE('',*,*,#2137,.F.);
#1211=ORIENTED_EDGE('',*,*,#2139,.F.);
#1212=ORIENTED_EDGE('',*,*,#2141,.F.);
#1213=ORIENTED_EDGE('',*,*,#2143,.F.);
#1214=ORIENTED_EDGE('',*,*,#2159,.F.);
#1215=ORIENTED_EDGE('',*,*,#2148,.T.);
#1216=ORIENTED_EDGE('',*,*,#2144,.T.);
#1217=ORIENTED_EDGE('',*,*,#2157,.T.);
#1218=ORIENTED_EDGE('',*,*,#2154,.T.);
#1219=ORIENTED_EDGE('',*,*,#2151,.T.);
#1220=ORIENTED_EDGE('',*,*,#1844,.F.);
#1221=ORIENTED_EDGE('',*,*,#2160,.F.);
#1222=ORIENTED_EDGE('',*,*,#2161,.T.);
#1223=ORIENTED_EDGE('',*,*,#2162,.T.);
#1224=ORIENTED_EDGE('',*,*,#1843,.F.);
#1225=ORIENTED_EDGE('',*,*,#2163,.F.);
#1226=ORIENTED_EDGE('',*,*,#2164,.T.);
#1227=ORIENTED_EDGE('',*,*,#2160,.T.);
#1228=ORIENTED_EDGE('',*,*,#1852,.F.);
#1229=ORIENTED_EDGE('',*,*,#2165,.F.);
#1230=ORIENTED_EDGE('',*,*,#2166,.T.);
#1231=ORIENTED_EDGE('',*,*,#2163,.T.);
#1232=ORIENTED_EDGE('',*,*,#1851,.F.);
#1233=ORIENTED_EDGE('',*,*,#2167,.F.);
#1234=ORIENTED_EDGE('',*,*,#2168,.T.);
#1235=ORIENTED_EDGE('',*,*,#2165,.T.);
#1236=ORIENTED_EDGE('',*,*,#1850,.F.);
#1237=ORIENTED_EDGE('',*,*,#2169,.F.);
#1238=ORIENTED_EDGE('',*,*,#2170,.T.);
#1239=ORIENTED_EDGE('',*,*,#2167,.T.);
#1240=ORIENTED_EDGE('',*,*,#1849,.F.);
#1241=ORIENTED_EDGE('',*,*,#2171,.F.);
#1242=ORIENTED_EDGE('',*,*,#2172,.T.);
#1243=ORIENTED_EDGE('',*,*,#2169,.T.);
#1244=ORIENTED_EDGE('',*,*,#1848,.F.);
#1245=ORIENTED_EDGE('',*,*,#2173,.F.);
#1246=ORIENTED_EDGE('',*,*,#2174,.T.);
#1247=ORIENTED_EDGE('',*,*,#2171,.T.);
#1248=ORIENTED_EDGE('',*,*,#1847,.F.);
#1249=ORIENTED_EDGE('',*,*,#2175,.F.);
#1250=ORIENTED_EDGE('',*,*,#2176,.T.);
#1251=ORIENTED_EDGE('',*,*,#2173,.T.);
#1252=ORIENTED_EDGE('',*,*,#1846,.F.);
#1253=ORIENTED_EDGE('',*,*,#2177,.F.);
#1254=ORIENTED_EDGE('',*,*,#2178,.T.);
#1255=ORIENTED_EDGE('',*,*,#2175,.T.);
#1256=ORIENTED_EDGE('',*,*,#2179,.F.);
#1257=ORIENTED_EDGE('',*,*,#2180,.F.);
#1258=ORIENTED_EDGE('',*,*,#2181,.T.);
#1259=ORIENTED_EDGE('',*,*,#2182,.T.);
#1260=ORIENTED_EDGE('',*,*,#2183,.F.);
#1261=ORIENTED_EDGE('',*,*,#2184,.F.);
#1262=ORIENTED_EDGE('',*,*,#2185,.T.);
#1263=ORIENTED_EDGE('',*,*,#2180,.T.);
#1264=ORIENTED_EDGE('',*,*,#2186,.F.);
#1265=ORIENTED_EDGE('',*,*,#2187,.F.);
#1266=ORIENTED_EDGE('',*,*,#2188,.T.);
#1267=ORIENTED_EDGE('',*,*,#2184,.T.);
#1268=ORIENTED_EDGE('',*,*,#2189,.F.);
#1269=ORIENTED_EDGE('',*,*,#2190,.F.);
#1270=ORIENTED_EDGE('',*,*,#2191,.T.);
#1271=ORIENTED_EDGE('',*,*,#2187,.T.);
#1272=ORIENTED_EDGE('',*,*,#2192,.F.);
#1273=ORIENTED_EDGE('',*,*,#2193,.F.);
#1274=ORIENTED_EDGE('',*,*,#2194,.T.);
#1275=ORIENTED_EDGE('',*,*,#2190,.T.);
#1276=ORIENTED_EDGE('',*,*,#2195,.F.);
#1277=ORIENTED_EDGE('',*,*,#2196,.F.);
#1278=ORIENTED_EDGE('',*,*,#2197,.T.);
#1279=ORIENTED_EDGE('',*,*,#2193,.T.);
#1280=ORIENTED_EDGE('',*,*,#2198,.F.);
#1281=ORIENTED_EDGE('',*,*,#2199,.F.);
#1282=ORIENTED_EDGE('',*,*,#2200,.T.);
#1283=ORIENTED_EDGE('',*,*,#2196,.T.);
#1284=ORIENTED_EDGE('',*,*,#2201,.F.);
#1285=ORIENTED_EDGE('',*,*,#2182,.F.);
#1286=ORIENTED_EDGE('',*,*,#2202,.T.);
#1287=ORIENTED_EDGE('',*,*,#2199,.T.);
#1288=ORIENTED_EDGE('',*,*,#1845,.F.);
#1289=ORIENTED_EDGE('',*,*,#2162,.F.);
#1290=ORIENTED_EDGE('',*,*,#2203,.T.);
#1291=ORIENTED_EDGE('',*,*,#2177,.T.);
#1292=ORIENTED_EDGE('',*,*,#2181,.F.);
#1293=ORIENTED_EDGE('',*,*,#2185,.F.);
#1294=ORIENTED_EDGE('',*,*,#2188,.F.);
#1295=ORIENTED_EDGE('',*,*,#2191,.F.);
#1296=ORIENTED_EDGE('',*,*,#2194,.F.);
#1297=ORIENTED_EDGE('',*,*,#2197,.F.);
#1298=ORIENTED_EDGE('',*,*,#2200,.F.);
#1299=ORIENTED_EDGE('',*,*,#2202,.F.);
#1300=ORIENTED_EDGE('',*,*,#2161,.F.);
#1301=ORIENTED_EDGE('',*,*,#2164,.F.);
#1302=ORIENTED_EDGE('',*,*,#2166,.F.);
#1303=ORIENTED_EDGE('',*,*,#2168,.F.);
#1304=ORIENTED_EDGE('',*,*,#2170,.F.);
#1305=ORIENTED_EDGE('',*,*,#2172,.F.);
#1306=ORIENTED_EDGE('',*,*,#2174,.F.);
#1307=ORIENTED_EDGE('',*,*,#2176,.F.);
#1308=ORIENTED_EDGE('',*,*,#2178,.F.);
#1309=ORIENTED_EDGE('',*,*,#2203,.F.);
#1310=ORIENTED_EDGE('',*,*,#2183,.T.);
#1311=ORIENTED_EDGE('',*,*,#2179,.T.);
#1312=ORIENTED_EDGE('',*,*,#2201,.T.);
#1313=ORIENTED_EDGE('',*,*,#2198,.T.);
#1314=ORIENTED_EDGE('',*,*,#2195,.T.);
#1315=ORIENTED_EDGE('',*,*,#2192,.T.);
#1316=ORIENTED_EDGE('',*,*,#2189,.T.);
#1317=ORIENTED_EDGE('',*,*,#2186,.T.);
#1318=ORIENTED_EDGE('',*,*,#1854,.F.);
#1319=ORIENTED_EDGE('',*,*,#2204,.F.);
#1320=ORIENTED_EDGE('',*,*,#2205,.T.);
#1321=ORIENTED_EDGE('',*,*,#2206,.T.);
#1322=ORIENTED_EDGE('',*,*,#1853,.F.);
#1323=ORIENTED_EDGE('',*,*,#2207,.F.);
#1324=ORIENTED_EDGE('',*,*,#2208,.T.);
#1325=ORIENTED_EDGE('',*,*,#2204,.T.);
#1326=ORIENTED_EDGE('',*,*,#1860,.F.);
#1327=ORIENTED_EDGE('',*,*,#2209,.F.);
#1328=ORIENTED_EDGE('',*,*,#2210,.T.);
#1329=ORIENTED_EDGE('',*,*,#2207,.T.);
#1330=ORIENTED_EDGE('',*,*,#1859,.F.);
#1331=ORIENTED_EDGE('',*,*,#2211,.F.);
#1332=ORIENTED_EDGE('',*,*,#2212,.T.);
#1333=ORIENTED_EDGE('',*,*,#2209,.T.);
#1334=ORIENTED_EDGE('',*,*,#1858,.F.);
#1335=ORIENTED_EDGE('',*,*,#2213,.F.);
#1336=ORIENTED_EDGE('',*,*,#2214,.T.);
#1337=ORIENTED_EDGE('',*,*,#2211,.T.);
#1338=ORIENTED_EDGE('',*,*,#1857,.F.);
#1339=ORIENTED_EDGE('',*,*,#2215,.F.);
#1340=ORIENTED_EDGE('',*,*,#2216,.T.);
#1341=ORIENTED_EDGE('',*,*,#2213,.T.);
#1342=ORIENTED_EDGE('',*,*,#1856,.F.);
#1343=ORIENTED_EDGE('',*,*,#2217,.F.);
#1344=ORIENTED_EDGE('',*,*,#2218,.T.);
#1345=ORIENTED_EDGE('',*,*,#2215,.T.);
#1346=ORIENTED_EDGE('',*,*,#1855,.F.);
#1347=ORIENTED_EDGE('',*,*,#2206,.F.);
#1348=ORIENTED_EDGE('',*,*,#2219,.T.);
#1349=ORIENTED_EDGE('',*,*,#2217,.T.);
#1350=ORIENTED_EDGE('',*,*,#2205,.F.);
#1351=ORIENTED_EDGE('',*,*,#2208,.F.);
#1352=ORIENTED_EDGE('',*,*,#2210,.F.);
#1353=ORIENTED_EDGE('',*,*,#2212,.F.);
#1354=ORIENTED_EDGE('',*,*,#2214,.F.);
#1355=ORIENTED_EDGE('',*,*,#2216,.F.);
#1356=ORIENTED_EDGE('',*,*,#2218,.F.);
#1357=ORIENTED_EDGE('',*,*,#2219,.F.);
#1358=ORIENTED_EDGE('',*,*,#1862,.F.);
#1359=ORIENTED_EDGE('',*,*,#2220,.F.);
#1360=ORIENTED_EDGE('',*,*,#2221,.T.);
#1361=ORIENTED_EDGE('',*,*,#2222,.T.);
#1362=ORIENTED_EDGE('',*,*,#1861,.F.);
#1363=ORIENTED_EDGE('',*,*,#2223,.F.);
#1364=ORIENTED_EDGE('',*,*,#2224,.T.);
#1365=ORIENTED_EDGE('',*,*,#2220,.T.);
#1366=ORIENTED_EDGE('',*,*,#1874,.F.);
#1367=ORIENTED_EDGE('',*,*,#2225,.F.);
#1368=ORIENTED_EDGE('',*,*,#2226,.T.);
#1369=ORIENTED_EDGE('',*,*,#2223,.T.);
#1370=ORIENTED_EDGE('',*,*,#1873,.F.);
#1371=ORIENTED_EDGE('',*,*,#2227,.F.);
#1372=ORIENTED_EDGE('',*,*,#2228,.T.);
#1373=ORIENTED_EDGE('',*,*,#2225,.T.);
#1374=ORIENTED_EDGE('',*,*,#1872,.F.);
#1375=ORIENTED_EDGE('',*,*,#2229,.F.);
#1376=ORIENTED_EDGE('',*,*,#2230,.T.);
#1377=ORIENTED_EDGE('',*,*,#2227,.T.);
#1378=ORIENTED_EDGE('',*,*,#1871,.F.);
#1379=ORIENTED_EDGE('',*,*,#2231,.F.);
#1380=ORIENTED_EDGE('',*,*,#2232,.T.);
#1381=ORIENTED_EDGE('',*,*,#2229,.T.);
#1382=ORIENTED_EDGE('',*,*,#1870,.F.);
#1383=ORIENTED_EDGE('',*,*,#2233,.F.);
#1384=ORIENTED_EDGE('',*,*,#2234,.T.);
#1385=ORIENTED_EDGE('',*,*,#2231,.T.);
#1386=ORIENTED_EDGE('',*,*,#1869,.F.);
#1387=ORIENTED_EDGE('',*,*,#2235,.F.);
#1388=ORIENTED_EDGE('',*,*,#2236,.T.);
#1389=ORIENTED_EDGE('',*,*,#2233,.T.);
#1390=ORIENTED_EDGE('',*,*,#1868,.F.);
#1391=ORIENTED_EDGE('',*,*,#2237,.F.);
#1392=ORIENTED_EDGE('',*,*,#2238,.T.);
#1393=ORIENTED_EDGE('',*,*,#2235,.T.);
#1394=ORIENTED_EDGE('',*,*,#1867,.F.);
#1395=ORIENTED_EDGE('',*,*,#2239,.F.);
#1396=ORIENTED_EDGE('',*,*,#2240,.T.);
#1397=ORIENTED_EDGE('',*,*,#2237,.T.);
#1398=ORIENTED_EDGE('',*,*,#1866,.F.);
#1399=ORIENTED_EDGE('',*,*,#2241,.F.);
#1400=ORIENTED_EDGE('',*,*,#2242,.T.);
#1401=ORIENTED_EDGE('',*,*,#2239,.T.);
#1402=ORIENTED_EDGE('',*,*,#1865,.F.);
#1403=ORIENTED_EDGE('',*,*,#2243,.F.);
#1404=ORIENTED_EDGE('',*,*,#2244,.T.);
#1405=ORIENTED_EDGE('',*,*,#2241,.T.);
#1406=ORIENTED_EDGE('',*,*,#1864,.F.);
#1407=ORIENTED_EDGE('',*,*,#2245,.F.);
#1408=ORIENTED_EDGE('',*,*,#2246,.T.);
#1409=ORIENTED_EDGE('',*,*,#2243,.T.);
#1410=ORIENTED_EDGE('',*,*,#1863,.F.);
#1411=ORIENTED_EDGE('',*,*,#2222,.F.);
#1412=ORIENTED_EDGE('',*,*,#2247,.T.);
#1413=ORIENTED_EDGE('',*,*,#2245,.T.);
#1414=ORIENTED_EDGE('',*,*,#2221,.F.);
#1415=ORIENTED_EDGE('',*,*,#2224,.F.);
#1416=ORIENTED_EDGE('',*,*,#2226,.F.);
#1417=ORIENTED_EDGE('',*,*,#2228,.F.);
#1418=ORIENTED_EDGE('',*,*,#2230,.F.);
#1419=ORIENTED_EDGE('',*,*,#2232,.F.);
#1420=ORIENTED_EDGE('',*,*,#2234,.F.);
#1421=ORIENTED_EDGE('',*,*,#2236,.F.);
#1422=ORIENTED_EDGE('',*,*,#2238,.F.);
#1423=ORIENTED_EDGE('',*,*,#2240,.F.);
#1424=ORIENTED_EDGE('',*,*,#2242,.F.);
#1425=ORIENTED_EDGE('',*,*,#2244,.F.);
#1426=ORIENTED_EDGE('',*,*,#2246,.F.);
#1427=ORIENTED_EDGE('',*,*,#2247,.F.);
#1428=ORIENTED_EDGE('',*,*,#2248,.F.);
#1429=ORIENTED_EDGE('',*,*,#2249,.F.);
#1430=ORIENTED_EDGE('',*,*,#2250,.T.);
#1431=ORIENTED_EDGE('',*,*,#2251,.T.);
#1432=ORIENTED_EDGE('',*,*,#2252,.F.);
#1433=ORIENTED_EDGE('',*,*,#2253,.F.);
#1434=ORIENTED_EDGE('',*,*,#2254,.T.);
#1435=ORIENTED_EDGE('',*,*,#2249,.T.);
#1436=ORIENTED_EDGE('',*,*,#2255,.F.);
#1437=ORIENTED_EDGE('',*,*,#2256,.F.);
#1438=ORIENTED_EDGE('',*,*,#2257,.T.);
#1439=ORIENTED_EDGE('',*,*,#2253,.T.);
#1440=ORIENTED_EDGE('',*,*,#2258,.F.);
#1441=ORIENTED_EDGE('',*,*,#2259,.F.);
#1442=ORIENTED_EDGE('',*,*,#2260,.T.);
#1443=ORIENTED_EDGE('',*,*,#2256,.T.);
#1444=ORIENTED_EDGE('',*,*,#2261,.F.);
#1445=ORIENTED_EDGE('',*,*,#2262,.F.);
#1446=ORIENTED_EDGE('',*,*,#2263,.T.);
#1447=ORIENTED_EDGE('',*,*,#2259,.T.);
#1448=ORIENTED_EDGE('',*,*,#2264,.F.);
#1449=ORIENTED_EDGE('',*,*,#2265,.F.);
#1450=ORIENTED_EDGE('',*,*,#2266,.T.);
#1451=ORIENTED_EDGE('',*,*,#2262,.T.);
#1452=ORIENTED_EDGE('',*,*,#1807,.F.);
#1453=ORIENTED_EDGE('',*,*,#2267,.F.);
#1454=ORIENTED_EDGE('',*,*,#2268,.T.);
#1455=ORIENTED_EDGE('',*,*,#2269,.T.);
#1456=ORIENTED_EDGE('',*,*,#1806,.F.);
#1457=ORIENTED_EDGE('',*,*,#2270,.F.);
#1458=ORIENTED_EDGE('',*,*,#2271,.T.);
#1459=ORIENTED_EDGE('',*,*,#2267,.T.);
#1460=ORIENTED_EDGE('',*,*,#1823,.F.);
#1461=ORIENTED_EDGE('',*,*,#2272,.F.);
#1462=ORIENTED_EDGE('',*,*,#2273,.T.);
#1463=ORIENTED_EDGE('',*,*,#2270,.T.);
#1464=ORIENTED_EDGE('',*,*,#1822,.F.);
#1465=ORIENTED_EDGE('',*,*,#2274,.F.);
#1466=ORIENTED_EDGE('',*,*,#2275,.T.);
#1467=ORIENTED_EDGE('',*,*,#2272,.T.);
#1468=ORIENTED_EDGE('',*,*,#1821,.F.);
#1469=ORIENTED_EDGE('',*,*,#2276,.F.);
#1470=ORIENTED_EDGE('',*,*,#2277,.T.);
#1471=ORIENTED_EDGE('',*,*,#2274,.T.);
#1472=ORIENTED_EDGE('',*,*,#1820,.F.);
#1473=ORIENTED_EDGE('',*,*,#2278,.F.);
#1474=ORIENTED_EDGE('',*,*,#2279,.T.);
#1475=ORIENTED_EDGE('',*,*,#2276,.T.);
#1476=ORIENTED_EDGE('',*,*,#1819,.F.);
#1477=ORIENTED_EDGE('',*,*,#2280,.F.);
#1478=ORIENTED_EDGE('',*,*,#2281,.T.);
#1479=ORIENTED_EDGE('',*,*,#2278,.T.);
#1480=ORIENTED_EDGE('',*,*,#1818,.F.);
#1481=ORIENTED_EDGE('',*,*,#2282,.F.);
#1482=ORIENTED_EDGE('',*,*,#2283,.T.);
#1483=ORIENTED_EDGE('',*,*,#2280,.T.);
#1484=ORIENTED_EDGE('',*,*,#1817,.F.);
#1485=ORIENTED_EDGE('',*,*,#2284,.F.);
#1486=ORIENTED_EDGE('',*,*,#2285,.T.);
#1487=ORIENTED_EDGE('',*,*,#2282,.T.);
#1488=ORIENTED_EDGE('',*,*,#1816,.F.);
#1489=ORIENTED_EDGE('',*,*,#2286,.F.);
#1490=ORIENTED_EDGE('',*,*,#2287,.T.);
#1491=ORIENTED_EDGE('',*,*,#2284,.T.);
#1492=ORIENTED_EDGE('',*,*,#1815,.F.);
#1493=ORIENTED_EDGE('',*,*,#2288,.F.);
#1494=ORIENTED_EDGE('',*,*,#2289,.T.);
#1495=ORIENTED_EDGE('',*,*,#2286,.T.);
#1496=ORIENTED_EDGE('',*,*,#1814,.F.);
#1497=ORIENTED_EDGE('',*,*,#2290,.F.);
#1498=ORIENTED_EDGE('',*,*,#2291,.T.);
#1499=ORIENTED_EDGE('',*,*,#2288,.T.);
#1500=ORIENTED_EDGE('',*,*,#1813,.F.);
#1501=ORIENTED_EDGE('',*,*,#2292,.F.);
#1502=ORIENTED_EDGE('',*,*,#2293,.T.);
#1503=ORIENTED_EDGE('',*,*,#2290,.T.);
#1504=ORIENTED_EDGE('',*,*,#1812,.F.);
#1505=ORIENTED_EDGE('',*,*,#2294,.F.);
#1506=ORIENTED_EDGE('',*,*,#2295,.T.);
#1507=ORIENTED_EDGE('',*,*,#2292,.T.);
#1508=ORIENTED_EDGE('',*,*,#1811,.F.);
#1509=ORIENTED_EDGE('',*,*,#2296,.F.);
#1510=ORIENTED_EDGE('',*,*,#2297,.T.);
#1511=ORIENTED_EDGE('',*,*,#2294,.T.);
#1512=ORIENTED_EDGE('',*,*,#1810,.F.);
#1513=ORIENTED_EDGE('',*,*,#2298,.F.);
#1514=ORIENTED_EDGE('',*,*,#2299,.T.);
#1515=ORIENTED_EDGE('',*,*,#2296,.T.);
#1516=ORIENTED_EDGE('',*,*,#1809,.F.);
#1517=ORIENTED_EDGE('',*,*,#2300,.F.);
#1518=ORIENTED_EDGE('',*,*,#2301,.T.);
#1519=ORIENTED_EDGE('',*,*,#2298,.T.);
#1520=ORIENTED_EDGE('',*,*,#1808,.F.);
#1521=ORIENTED_EDGE('',*,*,#2269,.F.);
#1522=ORIENTED_EDGE('',*,*,#2302,.T.);
#1523=ORIENTED_EDGE('',*,*,#2300,.T.);
#1524=ORIENTED_EDGE('',*,*,#2303,.F.);
#1525=ORIENTED_EDGE('',*,*,#2251,.F.);
#1526=ORIENTED_EDGE('',*,*,#2304,.T.);
#1527=ORIENTED_EDGE('',*,*,#2265,.T.);
#1528=ORIENTED_EDGE('',*,*,#2268,.F.);
#1529=ORIENTED_EDGE('',*,*,#2271,.F.);
#1530=ORIENTED_EDGE('',*,*,#2273,.F.);
#1531=ORIENTED_EDGE('',*,*,#2275,.F.);
#1532=ORIENTED_EDGE('',*,*,#2277,.F.);
#1533=ORIENTED_EDGE('',*,*,#2279,.F.);
#1534=ORIENTED_EDGE('',*,*,#2281,.F.);
#1535=ORIENTED_EDGE('',*,*,#2283,.F.);
#1536=ORIENTED_EDGE('',*,*,#2285,.F.);
#1537=ORIENTED_EDGE('',*,*,#2287,.F.);
#1538=ORIENTED_EDGE('',*,*,#2289,.F.);
#1539=ORIENTED_EDGE('',*,*,#2291,.F.);
#1540=ORIENTED_EDGE('',*,*,#2293,.F.);
#1541=ORIENTED_EDGE('',*,*,#2295,.F.);
#1542=ORIENTED_EDGE('',*,*,#2297,.F.);
#1543=ORIENTED_EDGE('',*,*,#2299,.F.);
#1544=ORIENTED_EDGE('',*,*,#2301,.F.);
#1545=ORIENTED_EDGE('',*,*,#2302,.F.);
#1546=ORIENTED_EDGE('',*,*,#2250,.F.);
#1547=ORIENTED_EDGE('',*,*,#2254,.F.);
#1548=ORIENTED_EDGE('',*,*,#2257,.F.);
#1549=ORIENTED_EDGE('',*,*,#2260,.F.);
#1550=ORIENTED_EDGE('',*,*,#2263,.F.);
#1551=ORIENTED_EDGE('',*,*,#2266,.F.);
#1552=ORIENTED_EDGE('',*,*,#2304,.F.);
#1553=ORIENTED_EDGE('',*,*,#1799,.F.);
#1554=ORIENTED_EDGE('',*,*,#2305,.F.);
#1555=ORIENTED_EDGE('',*,*,#2306,.T.);
#1556=ORIENTED_EDGE('',*,*,#2307,.T.);
#1557=ORIENTED_EDGE('',*,*,#1798,.F.);
#1558=ORIENTED_EDGE('',*,*,#2308,.F.);
#1559=ORIENTED_EDGE('',*,*,#2309,.T.);
#1560=ORIENTED_EDGE('',*,*,#2305,.T.);
#1561=ORIENTED_EDGE('',*,*,#1805,.F.);
#1562=ORIENTED_EDGE('',*,*,#2310,.F.);
#1563=ORIENTED_EDGE('',*,*,#2311,.T.);
#1564=ORIENTED_EDGE('',*,*,#2308,.T.);
#1565=ORIENTED_EDGE('',*,*,#1804,.F.);
#1566=ORIENTED_EDGE('',*,*,#2312,.F.);
#1567=ORIENTED_EDGE('',*,*,#2313,.T.);
#1568=ORIENTED_EDGE('',*,*,#2310,.T.);
#1569=ORIENTED_EDGE('',*,*,#1803,.F.);
#1570=ORIENTED_EDGE('',*,*,#2314,.F.);
#1571=ORIENTED_EDGE('',*,*,#2315,.T.);
#1572=ORIENTED_EDGE('',*,*,#2312,.T.);
#1573=ORIENTED_EDGE('',*,*,#1802,.F.);
#1574=ORIENTED_EDGE('',*,*,#2316,.F.);
#1575=ORIENTED_EDGE('',*,*,#2317,.T.);
#1576=ORIENTED_EDGE('',*,*,#2314,.T.);
#1577=ORIENTED_EDGE('',*,*,#1801,.F.);
#1578=ORIENTED_EDGE('',*,*,#2318,.F.);
#1579=ORIENTED_EDGE('',*,*,#2319,.T.);
#1580=ORIENTED_EDGE('',*,*,#2316,.T.);
#1581=ORIENTED_EDGE('',*,*,#1800,.F.);
#1582=ORIENTED_EDGE('',*,*,#2307,.F.);
#1583=ORIENTED_EDGE('',*,*,#2320,.T.);
#1584=ORIENTED_EDGE('',*,*,#2318,.T.);
#1585=ORIENTED_EDGE('',*,*,#2306,.F.);
#1586=ORIENTED_EDGE('',*,*,#2309,.F.);
#1587=ORIENTED_EDGE('',*,*,#2311,.F.);
#1588=ORIENTED_EDGE('',*,*,#2313,.F.);
#1589=ORIENTED_EDGE('',*,*,#2315,.F.);
#1590=ORIENTED_EDGE('',*,*,#2317,.F.);
#1591=ORIENTED_EDGE('',*,*,#2319,.F.);
#1592=ORIENTED_EDGE('',*,*,#2320,.F.);
#1593=ORIENTED_EDGE('',*,*,#1785,.F.);
#1594=ORIENTED_EDGE('',*,*,#2321,.F.);
#1595=ORIENTED_EDGE('',*,*,#2322,.T.);
#1596=ORIENTED_EDGE('',*,*,#2323,.T.);
#1597=ORIENTED_EDGE('',*,*,#1784,.F.);
#1598=ORIENTED_EDGE('',*,*,#2324,.F.);
#1599=ORIENTED_EDGE('',*,*,#2325,.T.);
#1600=ORIENTED_EDGE('',*,*,#2321,.T.);
#1601=ORIENTED_EDGE('',*,*,#1797,.F.);
#1602=ORIENTED_EDGE('',*,*,#2326,.F.);
#1603=ORIENTED_EDGE('',*,*,#2327,.T.);
#1604=ORIENTED_EDGE('',*,*,#2324,.T.);
#1605=ORIENTED_EDGE('',*,*,#1796,.F.);
#1606=ORIENTED_EDGE('',*,*,#2328,.F.);
#1607=ORIENTED_EDGE('',*,*,#2329,.T.);
#1608=ORIENTED_EDGE('',*,*,#2326,.T.);
#1609=ORIENTED_EDGE('',*,*,#1795,.F.);
#1610=ORIENTED_EDGE('',*,*,#2330,.F.);
#1611=ORIENTED_EDGE('',*,*,#2331,.T.);
#1612=ORIENTED_EDGE('',*,*,#2328,.T.);
#1613=ORIENTED_EDGE('',*,*,#1794,.F.);
#1614=ORIENTED_EDGE('',*,*,#2332,.F.);
#1615=ORIENTED_EDGE('',*,*,#2333,.T.);
#1616=ORIENTED_EDGE('',*,*,#2330,.T.);
#1617=ORIENTED_EDGE('',*,*,#1793,.F.);
#1618=ORIENTED_EDGE('',*,*,#2334,.F.);
#1619=ORIENTED_EDGE('',*,*,#2335,.T.);
#1620=ORIENTED_EDGE('',*,*,#2332,.T.);
#1621=ORIENTED_EDGE('',*,*,#1792,.F.);
#1622=ORIENTED_EDGE('',*,*,#2336,.F.);
#1623=ORIENTED_EDGE('',*,*,#2337,.T.);
#1624=ORIENTED_EDGE('',*,*,#2334,.T.);
#1625=ORIENTED_EDGE('',*,*,#1791,.F.);
#1626=ORIENTED_EDGE('',*,*,#2338,.F.);
#1627=ORIENTED_EDGE('',*,*,#2339,.T.);
#1628=ORIENTED_EDGE('',*,*,#2336,.T.);
#1629=ORIENTED_EDGE('',*,*,#1790,.F.);
#1630=ORIENTED_EDGE('',*,*,#2340,.F.);
#1631=ORIENTED_EDGE('',*,*,#2341,.T.);
#1632=ORIENTED_EDGE('',*,*,#2338,.T.);
#1633=ORIENTED_EDGE('',*,*,#1789,.F.);
#1634=ORIENTED_EDGE('',*,*,#2342,.F.);
#1635=ORIENTED_EDGE('',*,*,#2343,.T.);
#1636=ORIENTED_EDGE('',*,*,#2340,.T.);
#1637=ORIENTED_EDGE('',*,*,#1788,.F.);
#1638=ORIENTED_EDGE('',*,*,#2344,.F.);
#1639=ORIENTED_EDGE('',*,*,#2345,.T.);
#1640=ORIENTED_EDGE('',*,*,#2342,.T.);
#1641=ORIENTED_EDGE('',*,*,#1787,.F.);
#1642=ORIENTED_EDGE('',*,*,#2346,.F.);
#1643=ORIENTED_EDGE('',*,*,#2347,.T.);
#1644=ORIENTED_EDGE('',*,*,#2344,.T.);
#1645=ORIENTED_EDGE('',*,*,#1786,.F.);
#1646=ORIENTED_EDGE('',*,*,#2323,.F.);
#1647=ORIENTED_EDGE('',*,*,#2348,.T.);
#1648=ORIENTED_EDGE('',*,*,#2346,.T.);
#1649=ORIENTED_EDGE('',*,*,#2322,.F.);
#1650=ORIENTED_EDGE('',*,*,#2325,.F.);
#1651=ORIENTED_EDGE('',*,*,#2327,.F.);
#1652=ORIENTED_EDGE('',*,*,#2329,.F.);
#1653=ORIENTED_EDGE('',*,*,#2331,.F.);
#1654=ORIENTED_EDGE('',*,*,#2333,.F.);
#1655=ORIENTED_EDGE('',*,*,#2335,.F.);
#1656=ORIENTED_EDGE('',*,*,#2337,.F.);
#1657=ORIENTED_EDGE('',*,*,#2339,.F.);
#1658=ORIENTED_EDGE('',*,*,#2341,.F.);
#1659=ORIENTED_EDGE('',*,*,#2343,.F.);
#1660=ORIENTED_EDGE('',*,*,#2345,.F.);
#1661=ORIENTED_EDGE('',*,*,#2347,.F.);
#1662=ORIENTED_EDGE('',*,*,#2348,.F.);
#1663=ORIENTED_EDGE('',*,*,#1781,.F.);
#1664=ORIENTED_EDGE('',*,*,#2349,.F.);
#1665=ORIENTED_EDGE('',*,*,#2350,.T.);
#1666=ORIENTED_EDGE('',*,*,#2351,.T.);
#1667=ORIENTED_EDGE('',*,*,#1780,.F.);
#1668=ORIENTED_EDGE('',*,*,#2352,.F.);
#1669=ORIENTED_EDGE('',*,*,#2353,.T.);
#1670=ORIENTED_EDGE('',*,*,#2349,.T.);
#1671=ORIENTED_EDGE('',*,*,#1783,.F.);
#1672=ORIENTED_EDGE('',*,*,#2354,.F.);
#1673=ORIENTED_EDGE('',*,*,#2355,.T.);
#1674=ORIENTED_EDGE('',*,*,#2352,.T.);
#1675=ORIENTED_EDGE('',*,*,#1782,.F.);
#1676=ORIENTED_EDGE('',*,*,#2351,.F.);
#1677=ORIENTED_EDGE('',*,*,#2356,.T.);
#1678=ORIENTED_EDGE('',*,*,#2354,.T.);
#1679=ORIENTED_EDGE('',*,*,#2350,.F.);
#1680=ORIENTED_EDGE('',*,*,#2353,.F.);
#1681=ORIENTED_EDGE('',*,*,#2355,.F.);
#1682=ORIENTED_EDGE('',*,*,#2356,.F.);
#1683=ORIENTED_EDGE('',*,*,#1776,.F.);
#1684=ORIENTED_EDGE('',*,*,#2357,.F.);
#1685=ORIENTED_EDGE('',*,*,#2358,.T.);
#1686=ORIENTED_EDGE('',*,*,#2359,.T.);
#1687=ORIENTED_EDGE('',*,*,#1775,.F.);
#1688=ORIENTED_EDGE('',*,*,#2360,.F.);
#1689=ORIENTED_EDGE('',*,*,#2361,.T.);
#1690=ORIENTED_EDGE('',*,*,#2357,.T.);
#1691=ORIENTED_EDGE('',*,*,#1779,.F.);
#1692=ORIENTED_EDGE('',*,*,#2362,.F.);
#1693=ORIENTED_EDGE('',*,*,#2363,.T.);
#1694=ORIENTED_EDGE('',*,*,#2360,.T.);
#1695=ORIENTED_EDGE('',*,*,#1778,.F.);
#1696=ORIENTED_EDGE('',*,*,#2364,.F.);
#1697=ORIENTED_EDGE('',*,*,#2365,.T.);
#1698=ORIENTED_EDGE('',*,*,#2362,.T.);
#1699=ORIENTED_EDGE('',*,*,#1777,.F.);
#1700=ORIENTED_EDGE('',*,*,#2359,.F.);
#1701=ORIENTED_EDGE('',*,*,#2366,.T.);
#1702=ORIENTED_EDGE('',*,*,#2364,.T.);
#1703=ORIENTED_EDGE('',*,*,#2358,.F.);
#1704=ORIENTED_EDGE('',*,*,#2361,.F.);
#1705=ORIENTED_EDGE('',*,*,#2363,.F.);
#1706=ORIENTED_EDGE('',*,*,#2365,.F.);
#1707=ORIENTED_EDGE('',*,*,#2366,.F.);
#1708=ORIENTED_EDGE('',*,*,#1768,.F.);
#1709=ORIENTED_EDGE('',*,*,#2367,.F.);
#1710=ORIENTED_EDGE('',*,*,#2368,.T.);
#1711=ORIENTED_EDGE('',*,*,#2369,.T.);
#1712=ORIENTED_EDGE('',*,*,#1767,.F.);
#1713=ORIENTED_EDGE('',*,*,#2370,.F.);
#1714=ORIENTED_EDGE('',*,*,#2371,.T.);
#1715=ORIENTED_EDGE('',*,*,#2367,.T.);
#1716=ORIENTED_EDGE('',*,*,#1774,.F.);
#1717=ORIENTED_EDGE('',*,*,#2372,.F.);
#1718=ORIENTED_EDGE('',*,*,#2373,.T.);
#1719=ORIENTED_EDGE('',*,*,#2370,.T.);
#1720=ORIENTED_EDGE('',*,*,#1773,.F.);
#1721=ORIENTED_EDGE('',*,*,#2374,.F.);
#1722=ORIENTED_EDGE('',*,*,#2375,.T.);
#1723=ORIENTED_EDGE('',*,*,#2372,.T.);
#1724=ORIENTED_EDGE('',*,*,#1772,.F.);
#1725=ORIENTED_EDGE('',*,*,#2376,.F.);
#1726=ORIENTED_EDGE('',*,*,#2377,.T.);
#1727=ORIENTED_EDGE('',*,*,#2374,.T.);
#1728=ORIENTED_EDGE('',*,*,#1771,.F.);
#1729=ORIENTED_EDGE('',*,*,#2378,.F.);
#1730=ORIENTED_EDGE('',*,*,#2379,.T.);
#1731=ORIENTED_EDGE('',*,*,#2376,.T.);
#1732=ORIENTED_EDGE('',*,*,#1770,.F.);
#1733=ORIENTED_EDGE('',*,*,#2380,.F.);
#1734=ORIENTED_EDGE('',*,*,#2381,.T.);
#1735=ORIENTED_EDGE('',*,*,#2378,.T.);
#1736=ORIENTED_EDGE('',*,*,#1769,.F.);
#1737=ORIENTED_EDGE('',*,*,#2369,.F.);
#1738=ORIENTED_EDGE('',*,*,#2382,.T.);
#1739=ORIENTED_EDGE('',*,*,#2380,.T.);
#1740=ORIENTED_EDGE('',*,*,#2368,.F.);
#1741=ORIENTED_EDGE('',*,*,#2371,.F.);
#1742=ORIENTED_EDGE('',*,*,#2373,.F.);
#1743=ORIENTED_EDGE('',*,*,#2375,.F.);
#1744=ORIENTED_EDGE('',*,*,#2377,.F.);
#1745=ORIENTED_EDGE('',*,*,#2379,.F.);
#1746=ORIENTED_EDGE('',*,*,#2381,.F.);
#1747=ORIENTED_EDGE('',*,*,#2382,.F.);
#1748=ORIENTED_EDGE('',*,*,#2252,.T.);
#1749=ORIENTED_EDGE('',*,*,#2248,.T.);
#1750=ORIENTED_EDGE('',*,*,#2303,.T.);
#1751=ORIENTED_EDGE('',*,*,#2264,.T.);
#1752=ORIENTED_EDGE('',*,*,#2261,.T.);
#1753=ORIENTED_EDGE('',*,*,#2258,.T.);
#1754=ORIENTED_EDGE('',*,*,#2255,.T.);
#1755=ORIENTED_EDGE('',*,*,#2383,.F.);
#1756=ORIENTED_EDGE('',*,*,#1878,.T.);
#1757=ORIENTED_EDGE('',*,*,#2383,.T.);
#1758=ORIENTED_EDGE('',*,*,#2384,.F.);
#1759=ORIENTED_EDGE('',*,*,#1877,.T.);
#1760=ORIENTED_EDGE('',*,*,#2384,.T.);
#1761=ORIENTED_EDGE('',*,*,#2385,.F.);
#1762=ORIENTED_EDGE('',*,*,#1876,.T.);
#1763=ORIENTED_EDGE('',*,*,#2385,.T.);
#1764=ORIENTED_EDGE('',*,*,#2386,.F.);
#1765=ORIENTED_EDGE('',*,*,#1875,.T.);
#1766=ORIENTED_EDGE('',*,*,#2386,.T.);
#1767=EDGE_CURVE('',#2387,#2388,#2803,.T.);
#1768=EDGE_CURVE('',#2388,#2389,#2804,.T.);
#1769=EDGE_CURVE('',#2389,#2390,#2805,.T.);
#1770=EDGE_CURVE('',#2390,#2391,#2806,.T.);
#1771=EDGE_CURVE('',#2391,#2392,#2807,.T.);
#1772=EDGE_CURVE('',#2392,#2393,#2808,.T.);
#1773=EDGE_CURVE('',#2393,#2394,#2809,.T.);
#1774=EDGE_CURVE('',#2394,#2387,#2810,.T.);
#1775=EDGE_CURVE('',#2395,#2396,#395,.T.);
#1776=EDGE_CURVE('',#2396,#2397,#396,.T.);
#1777=EDGE_CURVE('',#2397,#2398,#397,.T.);
#1778=EDGE_CURVE('',#2398,#2399,#398,.T.);
#1779=EDGE_CURVE('',#2399,#2395,#399,.T.);
#1780=EDGE_CURVE('',#2400,#2401,#2811,.T.);
#1781=EDGE_CURVE('',#2401,#2402,#2812,.T.);
#1782=EDGE_CURVE('',#2402,#2403,#2813,.T.);
#1783=EDGE_CURVE('',#2403,#2400,#2814,.T.);
#1784=EDGE_CURVE('',#2404,#2405,#400,.T.);
#1785=EDGE_CURVE('',#2405,#2406,#401,.T.);
#1786=EDGE_CURVE('',#2406,#2407,#402,.T.);
#1787=EDGE_CURVE('',#2407,#2408,#403,.T.);
#1788=EDGE_CURVE('',#2408,#2409,#404,.T.);
#1789=EDGE_CURVE('',#2409,#2410,#2815,.T.);
#1790=EDGE_CURVE('',#2410,#2411,#281,.F.);
#1791=EDGE_CURVE('',#2411,#2412,#282,.F.);
#1792=EDGE_CURVE('',#2412,#2413,#405,.T.);
#1793=EDGE_CURVE('',#2413,#2414,#406,.T.);
#1794=EDGE_CURVE('',#2414,#2415,#283,.F.);
#1795=EDGE_CURVE('',#2415,#2416,#284,.F.);
#1796=EDGE_CURVE('',#2416,#2417,#2816,.T.);
#1797=EDGE_CURVE('',#2417,#2404,#285,.T.);
#1798=EDGE_CURVE('',#2418,#2419,#2817,.T.);
#1799=EDGE_CURVE('',#2419,#2420,#2818,.T.);
#1800=EDGE_CURVE('',#2420,#2421,#2819,.T.);
#1801=EDGE_CURVE('',#2421,#2422,#2820,.T.);
#1802=EDGE_CURVE('',#2422,#2423,#2821,.T.);
#1803=EDGE_CURVE('',#2423,#2424,#2822,.T.);
#1804=EDGE_CURVE('',#2424,#2425,#2823,.T.);
#1805=EDGE_CURVE('',#2425,#2418,#2824,.T.);
#1806=EDGE_CURVE('',#2426,#2427,#2825,.T.);
#1807=EDGE_CURVE('',#2427,#2428,#2826,.T.);
#1808=EDGE_CURVE('',#2428,#2429,#2827,.T.);
#1809=EDGE_CURVE('',#2429,#2430,#407,.T.);
#1810=EDGE_CURVE('',#2430,#2431,#408,.T.);
#1811=EDGE_CURVE('',#2431,#2432,#409,.T.);
#1812=EDGE_CURVE('',#2432,#2433,#410,.T.);
#1813=EDGE_CURVE('',#2433,#2434,#411,.T.);
#1814=EDGE_CURVE('',#2434,#2435,#412,.T.);
#1815=EDGE_CURVE('',#2435,#2436,#2828,.T.);
#1816=EDGE_CURVE('',#2436,#2437,#2829,.T.);
#1817=EDGE_CURVE('',#2437,#2438,#413,.T.);
#1818=EDGE_CURVE('',#2438,#2439,#414,.T.);
#1819=EDGE_CURVE('',#2439,#2440,#2830,.T.);
#1820=EDGE_CURVE('',#2440,#2441,#415,.T.);
#1821=EDGE_CURVE('',#2441,#2442,#416,.T.);
#1822=EDGE_CURVE('',#2442,#2443,#417,.T.);
#1823=EDGE_CURVE('',#2443,#2426,#2831,.T.);
#1824=EDGE_CURVE('',#2444,#2445,#2832,.T.);
#1825=EDGE_CURVE('',#2446,#2445,#2833,.T.);
#1826=EDGE_CURVE('',#2447,#2446,#2834,.T.);
#1827=EDGE_CURVE('',#2447,#2444,#2835,.T.);
#1828=EDGE_CURVE('',#2448,#2449,#418,.T.);
#1829=EDGE_CURVE('',#2449,#2450,#419,.T.);
#1830=EDGE_CURVE('',#2450,#2451,#420,.T.);
#1831=EDGE_CURVE('',#2451,#2452,#421,.T.);
#1832=EDGE_CURVE('',#2452,#2453,#422,.T.);
#1833=EDGE_CURVE('',#2453,#2454,#423,.T.);
#1834=EDGE_CURVE('',#2454,#2455,#424,.T.);
#1835=EDGE_CURVE('',#2455,#2456,#2836,.T.);
#1836=EDGE_CURVE('',#2456,#2457,#2837,.T.);
#1837=EDGE_CURVE('',#2457,#2458,#425,.T.);
#1838=EDGE_CURVE('',#2458,#2459,#426,.T.);
#1839=EDGE_CURVE('',#2459,#2460,#286,.F.);
#1840=EDGE_CURVE('',#2460,#2461,#287,.F.);
#1841=EDGE_CURVE('',#2461,#2462,#2838,.T.);
#1842=EDGE_CURVE('',#2462,#2448,#288,.T.);
#1843=EDGE_CURVE('',#2463,#2464,#427,.T.);
#1844=EDGE_CURVE('',#2464,#2465,#428,.T.);
#1845=EDGE_CURVE('',#2465,#2466,#429,.T.);
#1846=EDGE_CURVE('',#2466,#2467,#430,.T.);
#1847=EDGE_CURVE('',#2467,#2468,#431,.T.);
#1848=EDGE_CURVE('',#2468,#2469,#432,.T.);
#1849=EDGE_CURVE('',#2469,#2470,#433,.T.);
#1850=EDGE_CURVE('',#2470,#2471,#434,.T.);
#1851=EDGE_CURVE('',#2471,#2472,#435,.T.);
#1852=EDGE_CURVE('',#2472,#2463,#436,.T.);
#1853=EDGE_CURVE('',#2473,#2474,#2839,.T.);
#1854=EDGE_CURVE('',#2474,#2475,#2840,.T.);
#1855=EDGE_CURVE('',#2475,#2476,#2841,.T.);
#1856=EDGE_CURVE('',#2476,#2477,#2842,.T.);
#1857=EDGE_CURVE('',#2477,#2478,#2843,.T.);
#1858=EDGE_CURVE('',#2478,#2479,#2844,.T.);
#1859=EDGE_CURVE('',#2479,#2480,#2845,.T.);
#1860=EDGE_CURVE('',#2480,#2473,#2846,.T.);
#1861=EDGE_CURVE('',#2481,#2482,#437,.T.);
#1862=EDGE_CURVE('',#2482,#2483,#438,.T.);
#1863=EDGE_CURVE('',#2483,#2484,#439,.T.);
#1864=EDGE_CURVE('',#2484,#2485,#440,.T.);
#1865=EDGE_CURVE('',#2485,#2486,#441,.T.);
#1866=EDGE_CURVE('',#2486,#2487,#2847,.T.);
#1867=EDGE_CURVE('',#2487,#2488,#289,.F.);
#1868=EDGE_CURVE('',#2488,#2489,#290,.F.);
#1869=EDGE_CURVE('',#2489,#2490,#442,.T.);
#1870=EDGE_CURVE('',#2490,#2491,#443,.T.);
#1871=EDGE_CURVE('',#2491,#2492,#291,.F.);
#1872=EDGE_CURVE('',#2492,#2493,#292,.F.);
#1873=EDGE_CURVE('',#2493,#2494,#2848,.T.);
#1874=EDGE_CURVE('',#2494,#2481,#293,.T.);
#1875=EDGE_CURVE('',#2495,#2495,#294,.T.);
#1876=EDGE_CURVE('',#2496,#2496,#295,.T.);
#1877=EDGE_CURVE('',#2497,#2497,#296,.T.);
#1878=EDGE_CURVE('',#2498,#2498,#297,.T.);
#1879=EDGE_CURVE('',#2499,#2500,#2849,.T.);
#1880=EDGE_CURVE('',#2501,#2499,#298,.T.);
#1881=EDGE_CURVE('',#2502,#2501,#2850,.T.);
#1882=EDGE_CURVE('',#2503,#2502,#299,.T.);
#1883=EDGE_CURVE('',#2503,#2504,#2851,.T.);
#1884=EDGE_CURVE('',#2505,#2504,#300,.T.);
#1885=EDGE_CURVE('',#2505,#2506,#2852,.T.);
#1886=EDGE_CURVE('',#2500,#2506,#301,.T.);
#1887=EDGE_CURVE('',#2507,#2508,#2853,.T.);
#1888=EDGE_CURVE('',#2509,#2507,#302,.T.);
#1889=EDGE_CURVE('',#2509,#2510,#2854,.T.);
#1890=EDGE_CURVE('',#2511,#2510,#303,.T.);
#1891=EDGE_CURVE('',#2511,#2512,#2855,.T.);
#1892=EDGE_CURVE('',#2513,#2512,#304,.T.);
#1893=EDGE_CURVE('',#2514,#2513,#2856,.T.);
#1894=EDGE_CURVE('',#2508,#2514,#305,.T.);
#1895=EDGE_CURVE('',#2515,#2516,#2857,.T.);
#1896=EDGE_CURVE('',#2517,#2515,#306,.T.);
#1897=EDGE_CURVE('',#2517,#2518,#2858,.T.);
#1898=EDGE_CURVE('',#2519,#2518,#307,.T.);
#1899=EDGE_CURVE('',#2519,#2520,#2859,.T.);
#1900=EDGE_CURVE('',#2521,#2520,#308,.T.);
#1901=EDGE_CURVE('',#2522,#2521,#2860,.T.);
#1902=EDGE_CURVE('',#2516,#2522,#309,.T.);
#1903=EDGE_CURVE('',#2523,#2524,#2861,.T.);
#1904=EDGE_CURVE('',#2525,#2523,#310,.T.);
#1905=EDGE_CURVE('',#2526,#2525,#2862,.T.);
#1906=EDGE_CURVE('',#2527,#2526,#311,.T.);
#1907=EDGE_CURVE('',#2527,#2528,#2863,.T.);
#1908=EDGE_CURVE('',#2529,#2528,#312,.T.);
#1909=EDGE_CURVE('',#2529,#2530,#2864,.T.);
#1910=EDGE_CURVE('',#2524,#2530,#313,.T.);
#1911=EDGE_CURVE('',#2446,#2531,#314,.T.);
#1912=EDGE_CURVE('',#2532,#2531,#2865,.T.);
#1913=EDGE_CURVE('',#2532,#2533,#315,.T.);
#1914=EDGE_CURVE('',#2534,#2533,#2866,.T.);
#1915=EDGE_CURVE('',#2534,#2535,#316,.T.);
#1916=EDGE_CURVE('',#2535,#2536,#2867,.T.);
#1917=EDGE_CURVE('',#2536,#2447,#317,.T.);
#1918=EDGE_CURVE('',#2537,#2538,#318,.T.);
#1919=EDGE_CURVE('',#2537,#2539,#2868,.T.);
#1920=EDGE_CURVE('',#2540,#2539,#319,.T.);
#1921=EDGE_CURVE('',#2541,#2540,#2869,.T.);
#1922=EDGE_CURVE('',#2542,#2541,#320,.T.);
#1923=EDGE_CURVE('',#2543,#2542,#2870,.T.);
#1924=EDGE_CURVE('',#2544,#2543,#321,.T.);
#1925=EDGE_CURVE('',#2544,#2538,#2871,.T.);
#1926=EDGE_CURVE('',#2545,#2546,#322,.T.);
#1927=EDGE_CURVE('',#2545,#2547,#2872,.T.);
#1928=EDGE_CURVE('',#2548,#2547,#323,.T.);
#1929=EDGE_CURVE('',#2548,#2549,#2873,.T.);
#1930=EDGE_CURVE('',#2550,#2549,#324,.T.);
#1931=EDGE_CURVE('',#2551,#2550,#2874,.T.);
#1932=EDGE_CURVE('',#2552,#2551,#325,.T.);
#1933=EDGE_CURVE('',#2546,#2552,#2875,.T.);
#1934=EDGE_CURVE('',#2553,#2554,#326,.T.);
#1935=EDGE_CURVE('',#2553,#2555,#2876,.T.);
#1936=EDGE_CURVE('',#2556,#2555,#327,.T.);
#1937=EDGE_CURVE('',#2556,#2557,#2877,.T.);
#1938=EDGE_CURVE('',#2558,#2557,#328,.T.);
#1939=EDGE_CURVE('',#2559,#2558,#2878,.T.);
#1940=EDGE_CURVE('',#2560,#2559,#329,.T.);
#1941=EDGE_CURVE('',#2554,#2560,#2879,.T.);
#1942=EDGE_CURVE('',#2561,#2562,#330,.T.);
#1943=EDGE_CURVE('',#2561,#2563,#2880,.T.);
#1944=EDGE_CURVE('',#2564,#2563,#331,.T.);
#1945=EDGE_CURVE('',#2565,#2564,#2881,.T.);
#1946=EDGE_CURVE('',#2566,#2565,#332,.T.);
#1947=EDGE_CURVE('',#2567,#2566,#2882,.T.);
#1948=EDGE_CURVE('',#2568,#2567,#333,.T.);
#1949=EDGE_CURVE('',#2568,#2562,#2883,.T.);
#1950=EDGE_CURVE('',#2569,#2570,#334,.T.);
#1951=EDGE_CURVE('',#2569,#2571,#2884,.T.);
#1952=EDGE_CURVE('',#2572,#2571,#335,.T.);
#1953=EDGE_CURVE('',#2573,#2572,#2885,.T.);
#1954=EDGE_CURVE('',#2574,#2573,#336,.T.);
#1955=EDGE_CURVE('',#2575,#2574,#2886,.T.);
#1956=EDGE_CURVE('',#2576,#2575,#337,.T.);
#1957=EDGE_CURVE('',#2576,#2570,#2887,.T.);
#1958=EDGE_CURVE('',#2445,#2577,#338,.T.);
#1959=EDGE_CURVE('',#2531,#2577,#2888,.T.);
#1960=EDGE_CURVE('',#2578,#2577,#2889,.T.);
#1961=EDGE_CURVE('',#2532,#2578,#2890,.T.);
#1962=EDGE_CURVE('',#2578,#2579,#339,.T.);
#1963=EDGE_CURVE('',#2533,#2579,#2891,.T.);
#1964=EDGE_CURVE('',#2580,#2579,#2892,.T.);
#1965=EDGE_CURVE('',#2534,#2580,#2893,.T.);
#1966=EDGE_CURVE('',#2580,#2581,#340,.T.);
#1967=EDGE_CURVE('',#2535,#2581,#2894,.T.);
#1968=EDGE_CURVE('',#2581,#2582,#2895,.T.);
#1969=EDGE_CURVE('',#2536,#2582,#2896,.T.);
#1970=EDGE_CURVE('',#2582,#2444,#341,.T.);
#1971=EDGE_CURVE('',#2583,#2524,#2897,.T.);
#1972=EDGE_CURVE('',#2584,#2583,#2898,.T.);
#1973=EDGE_CURVE('',#2584,#2523,#2899,.T.);
#1974=EDGE_CURVE('',#2585,#2530,#2900,.T.);
#1975=EDGE_CURVE('',#2583,#2585,#342,.T.);
#1976=EDGE_CURVE('',#2586,#2529,#2901,.T.);
#1977=EDGE_CURVE('',#2586,#2585,#2902,.T.);
#1978=EDGE_CURVE('',#2587,#2528,#2903,.T.);
#1979=EDGE_CURVE('',#2586,#2587,#343,.T.);
#1980=EDGE_CURVE('',#2588,#2527,#2904,.T.);
#1981=EDGE_CURVE('',#2588,#2587,#2905,.T.);
#1982=EDGE_CURVE('',#2589,#2526,#2906,.T.);
#1983=EDGE_CURVE('',#2588,#2589,#344,.T.);
#1984=EDGE_CURVE('',#2590,#2525,#2907,.T.);
#1985=EDGE_CURVE('',#2589,#2590,#2908,.T.);
#1986=EDGE_CURVE('',#2590,#2584,#345,.T.);
#1987=EDGE_CURVE('',#2591,#2516,#2909,.T.);
#1988=EDGE_CURVE('',#2592,#2591,#2910,.T.);
#1989=EDGE_CURVE('',#2592,#2515,#2911,.T.);
#1990=EDGE_CURVE('',#2593,#2522,#2912,.T.);
#1991=EDGE_CURVE('',#2591,#2593,#346,.T.);
#1992=EDGE_CURVE('',#2594,#2521,#2913,.T.);
#1993=EDGE_CURVE('',#2593,#2594,#2914,.T.);
#1994=EDGE_CURVE('',#2595,#2520,#2915,.T.);
#1995=EDGE_CURVE('',#2594,#2595,#347,.T.);
#1996=EDGE_CURVE('',#2596,#2519,#2916,.T.);
#1997=EDGE_CURVE('',#2596,#2595,#2917,.T.);
#1998=EDGE_CURVE('',#2597,#2518,#2918,.T.);
#1999=EDGE_CURVE('',#2596,#2597,#348,.T.);
#2000=EDGE_CURVE('',#2598,#2517,#2919,.T.);
#2001=EDGE_CURVE('',#2598,#2597,#2920,.T.);
#2002=EDGE_CURVE('',#2598,#2592,#349,.T.);
#2003=EDGE_CURVE('',#2599,#2537,#2921,.T.);
#2004=EDGE_CURVE('',#2599,#2600,#2922,.T.);
#2005=EDGE_CURVE('',#2600,#2539,#2923,.T.);
#2006=EDGE_CURVE('',#2601,#2538,#2924,.T.);
#2007=EDGE_CURVE('',#2599,#2601,#350,.T.);
#2008=EDGE_CURVE('',#2602,#2544,#2925,.T.);
#2009=EDGE_CURVE('',#2602,#2601,#2926,.T.);
#2010=EDGE_CURVE('',#2603,#2543,#2927,.T.);
#2011=EDGE_CURVE('',#2602,#2603,#351,.T.);
#2012=EDGE_CURVE('',#2604,#2542,#2928,.T.);
#2013=EDGE_CURVE('',#2603,#2604,#2929,.T.);
#2014=EDGE_CURVE('',#2605,#2541,#2930,.T.);
#2015=EDGE_CURVE('',#2604,#2605,#352,.T.);
#2016=EDGE_CURVE('',#2606,#2540,#2931,.T.);
#2017=EDGE_CURVE('',#2605,#2606,#2932,.T.);
#2018=EDGE_CURVE('',#2606,#2600,#353,.T.);
#2019=EDGE_CURVE('',#2607,#2545,#2933,.T.);
#2020=EDGE_CURVE('',#2607,#2608,#2934,.T.);
#2021=EDGE_CURVE('',#2608,#2547,#2935,.T.);
#2022=EDGE_CURVE('',#2609,#2546,#2936,.T.);
#2023=EDGE_CURVE('',#2607,#2609,#354,.T.);
#2024=EDGE_CURVE('',#2610,#2552,#2937,.T.);
#2025=EDGE_CURVE('',#2609,#2610,#2938,.T.);
#2026=EDGE_CURVE('',#2611,#2551,#2939,.T.);
#2027=EDGE_CURVE('',#2610,#2611,#355,.T.);
#2028=EDGE_CURVE('',#2612,#2550,#2940,.T.);
#2029=EDGE_CURVE('',#2611,#2612,#2941,.T.);
#2030=EDGE_CURVE('',#2613,#2549,#2942,.T.);
#2031=EDGE_CURVE('',#2612,#2613,#356,.T.);
#2032=EDGE_CURVE('',#2614,#2548,#2943,.T.);
#2033=EDGE_CURVE('',#2614,#2613,#2944,.T.);
#2034=EDGE_CURVE('',#2614,#2608,#357,.T.);
#2035=EDGE_CURVE('',#2615,#2553,#2945,.T.);
#2036=EDGE_CURVE('',#2615,#2616,#2946,.T.);
#2037=EDGE_CURVE('',#2616,#2555,#2947,.T.);
#2038=EDGE_CURVE('',#2617,#2554,#2948,.T.);
#2039=EDGE_CURVE('',#2615,#2617,#358,.T.);
#2040=EDGE_CURVE('',#2618,#2560,#2949,.T.);
#2041=EDGE_CURVE('',#2617,#2618,#2950,.T.);
#2042=EDGE_CURVE('',#2619,#2559,#2951,.T.);
#2043=EDGE_CURVE('',#2618,#2619,#359,.T.);
#2044=EDGE_CURVE('',#2620,#2558,#2952,.T.);
#2045=EDGE_CURVE('',#2619,#2620,#2953,.T.);
#2046=EDGE_CURVE('',#2621,#2557,#2954,.T.);
#2047=EDGE_CURVE('',#2620,#2621,#360,.T.);
#2048=EDGE_CURVE('',#2622,#2556,#2955,.T.);
#2049=EDGE_CURVE('',#2622,#2621,#2956,.T.);
#2050=EDGE_CURVE('',#2622,#2616,#361,.T.);
#2051=EDGE_CURVE('',#2623,#2561,#2957,.T.);
#2052=EDGE_CURVE('',#2623,#2624,#2958,.T.);
#2053=EDGE_CURVE('',#2624,#2563,#2959,.T.);
#2054=EDGE_CURVE('',#2625,#2562,#2960,.T.);
#2055=EDGE_CURVE('',#2623,#2625,#362,.T.);
#2056=EDGE_CURVE('',#2626,#2568,#2961,.T.);
#2057=EDGE_CURVE('',#2626,#2625,#2962,.T.);
#2058=EDGE_CURVE('',#2627,#2567,#2963,.T.);
#2059=EDGE_CURVE('',#2626,#2627,#363,.T.);
#2060=EDGE_CURVE('',#2628,#2566,#2964,.T.);
#2061=EDGE_CURVE('',#2627,#2628,#2965,.T.);
#2062=EDGE_CURVE('',#2629,#2565,#2966,.T.);
#2063=EDGE_CURVE('',#2628,#2629,#364,.T.);
#2064=EDGE_CURVE('',#2630,#2564,#2967,.T.);
#2065=EDGE_CURVE('',#2629,#2630,#2968,.T.);
#2066=EDGE_CURVE('',#2630,#2624,#365,.T.);
#2067=EDGE_CURVE('',#2631,#2508,#2969,.T.);
#2068=EDGE_CURVE('',#2632,#2631,#2970,.T.);
#2069=EDGE_CURVE('',#2632,#2507,#2971,.T.);
#2070=EDGE_CURVE('',#2633,#2514,#2972,.T.);
#2071=EDGE_CURVE('',#2631,#2633,#366,.T.);
#2072=EDGE_CURVE('',#2634,#2513,#2973,.T.);
#2073=EDGE_CURVE('',#2633,#2634,#2974,.T.);
#2074=EDGE_CURVE('',#2635,#2512,#2975,.T.);
#2075=EDGE_CURVE('',#2634,#2635,#367,.T.);
#2076=EDGE_CURVE('',#2636,#2511,#2976,.T.);
#2077=EDGE_CURVE('',#2636,#2635,#2977,.T.);
#2078=EDGE_CURVE('',#2637,#2510,#2978,.T.);
#2079=EDGE_CURVE('',#2636,#2637,#368,.T.);
#2080=EDGE_CURVE('',#2638,#2509,#2979,.T.);
#2081=EDGE_CURVE('',#2638,#2637,#2980,.T.);
#2082=EDGE_CURVE('',#2638,#2632,#369,.T.);
#2083=EDGE_CURVE('',#2639,#2569,#2981,.T.);
#2084=EDGE_CURVE('',#2639,#2640,#2982,.T.);
#2085=EDGE_CURVE('',#2640,#2571,#2983,.T.);
#2086=EDGE_CURVE('',#2641,#2570,#2984,.T.);
#2087=EDGE_CURVE('',#2639,#2641,#370,.T.);
#2088=EDGE_CURVE('',#2642,#2576,#2985,.T.);
#2089=EDGE_CURVE('',#2642,#2641,#2986,.T.);
#2090=EDGE_CURVE('',#2643,#2575,#2987,.T.);
#2091=EDGE_CURVE('',#2642,#2643,#371,.T.);
#2092=EDGE_CURVE('',#2644,#2574,#2988,.T.);
#2093=EDGE_CURVE('',#2643,#2644,#2989,.T.);
#2094=EDGE_CURVE('',#2645,#2573,#2990,.T.);
#2095=EDGE_CURVE('',#2644,#2645,#372,.T.);
#2096=EDGE_CURVE('',#2646,#2572,#2991,.T.);
#2097=EDGE_CURVE('',#2645,#2646,#2992,.T.);
#2098=EDGE_CURVE('',#2646,#2640,#373,.T.);
#2099=EDGE_CURVE('',#2647,#2500,#2993,.T.);
#2100=EDGE_CURVE('',#2648,#2647,#2994,.T.);
#2101=EDGE_CURVE('',#2648,#2499,#2995,.T.);
#2102=EDGE_CURVE('',#2649,#2506,#2996,.T.);
#2103=EDGE_CURVE('',#2647,#2649,#374,.T.);
#2104=EDGE_CURVE('',#2650,#2505,#2997,.T.);
#2105=EDGE_CURVE('',#2650,#2649,#2998,.T.);
#2106=EDGE_CURVE('',#2651,#2504,#2999,.T.);
#2107=EDGE_CURVE('',#2650,#2651,#375,.T.);
#2108=EDGE_CURVE('',#2652,#2503,#3000,.T.);
#2109=EDGE_CURVE('',#2652,#2651,#3001,.T.);
#2110=EDGE_CURVE('',#2653,#2502,#3002,.T.);
#2111=EDGE_CURVE('',#2652,#2653,#376,.T.);
#2112=EDGE_CURVE('',#2654,#2501,#3003,.T.);
#2113=EDGE_CURVE('',#2653,#2654,#3004,.T.);
#2114=EDGE_CURVE('',#2654,#2648,#377,.T.);
#2115=EDGE_CURVE('',#2655,#2449,#3005,.T.);
#2116=EDGE_CURVE('',#2655,#2656,#444,.T.);
#2117=EDGE_CURVE('',#2656,#2450,#3006,.T.);
#2118=EDGE_CURVE('',#2657,#2448,#3007,.T.);
#2119=EDGE_CURVE('',#2657,#2655,#445,.T.);
#2120=EDGE_CURVE('',#2658,#2462,#3008,.T.);
#2121=EDGE_CURVE('',#2658,#2657,#378,.T.);
#2122=EDGE_CURVE('',#2659,#2461,#3009,.T.);
#2123=EDGE_CURVE('',#2659,#2658,#3010,.T.);
#2124=EDGE_CURVE('',#2660,#2460,#3011,.T.);
#2125=EDGE_CURVE('',#2660,#2659,#379,.F.);
#2126=EDGE_CURVE('',#2661,#2459,#3012,.T.);
#2127=EDGE_CURVE('',#2661,#2660,#380,.F.);
#2128=EDGE_CURVE('',#2662,#2458,#3013,.T.);
#2129=EDGE_CURVE('',#2662,#2661,#446,.T.);
#2130=EDGE_CURVE('',#2663,#2457,#3014,.T.);
#2131=EDGE_CURVE('',#2663,#2662,#447,.T.);
#2132=EDGE_CURVE('',#2664,#2456,#3015,.T.);
#2133=EDGE_CURVE('',#2664,#2663,#3016,.T.);
#2134=EDGE_CURVE('',#2665,#2455,#3017,.T.);
#2135=EDGE_CURVE('',#2665,#2664,#3018,.T.);
#2136=EDGE_CURVE('',#2666,#2454,#3019,.T.);
#2137=EDGE_CURVE('',#2666,#2665,#448,.T.);
#2138=EDGE_CURVE('',#2667,#2453,#3020,.T.);
#2139=EDGE_CURVE('',#2667,#2666,#449,.T.);
#2140=EDGE_CURVE('',#2668,#2452,#3021,.T.);
#2141=EDGE_CURVE('',#2668,#2667,#450,.T.);
#2142=EDGE_CURVE('',#2669,#2451,#3022,.T.);
#2143=EDGE_CURVE('',#2669,#2668,#451,.T.);
#2144=EDGE_CURVE('',#2670,#2671,#452,.T.);
#2145=EDGE_CURVE('',#2672,#2670,#3023,.T.);
#2146=EDGE_CURVE('',#2672,#2673,#453,.T.);
#2147=EDGE_CURVE('',#2673,#2671,#3024,.T.);
#2148=EDGE_CURVE('',#2674,#2670,#454,.T.);
#2149=EDGE_CURVE('',#2675,#2674,#3025,.T.);
#2150=EDGE_CURVE('',#2675,#2672,#455,.T.);
#2151=EDGE_CURVE('',#2676,#2674,#456,.T.);
#2152=EDGE_CURVE('',#2677,#2676,#3026,.T.);
#2153=EDGE_CURVE('',#2677,#2675,#457,.T.);
#2154=EDGE_CURVE('',#2678,#2676,#3027,.T.);
#2155=EDGE_CURVE('',#2679,#2678,#3028,.T.);
#2156=EDGE_CURVE('',#2679,#2677,#3029,.T.);
#2157=EDGE_CURVE('',#2671,#2678,#458,.T.);
#2158=EDGE_CURVE('',#2673,#2679,#459,.T.);
#2159=EDGE_CURVE('',#2656,#2669,#460,.T.);
#2160=EDGE_CURVE('',#2680,#2464,#3030,.T.);
#2161=EDGE_CURVE('',#2680,#2681,#461,.T.);
#2162=EDGE_CURVE('',#2681,#2465,#3031,.T.);
#2163=EDGE_CURVE('',#2682,#2463,#3032,.T.);
#2164=EDGE_CURVE('',#2682,#2680,#462,.T.);
#2165=EDGE_CURVE('',#2683,#2472,#3033,.T.);
#2166=EDGE_CURVE('',#2683,#2682,#463,.T.);
#2167=EDGE_CURVE('',#2684,#2471,#3034,.T.);
#2168=EDGE_CURVE('',#2684,#2683,#464,.T.);
#2169=EDGE_CURVE('',#2685,#2470,#3035,.T.);
#2170=EDGE_CURVE('',#2685,#2684,#465,.T.);
#2171=EDGE_CURVE('',#2686,#2469,#3036,.T.);
#2172=EDGE_CURVE('',#2686,#2685,#466,.T.);
#2173=EDGE_CURVE('',#2687,#2468,#3037,.T.);
#2174=EDGE_CURVE('',#2687,#2686,#467,.T.);
#2175=EDGE_CURVE('',#2688,#2467,#3038,.T.);
#2176=EDGE_CURVE('',#2688,#2687,#468,.T.);
#2177=EDGE_CURVE('',#2689,#2466,#3039,.T.);
#2178=EDGE_CURVE('',#2689,#2688,#469,.T.);
#2179=EDGE_CURVE('',#2690,#2691,#470,.T.);
#2180=EDGE_CURVE('',#2692,#2690,#3040,.T.);
#2181=EDGE_CURVE('',#2692,#2693,#471,.T.);
#2182=EDGE_CURVE('',#2693,#2691,#3041,.T.);
#2183=EDGE_CURVE('',#2694,#2690,#472,.T.);
#2184=EDGE_CURVE('',#2695,#2694,#3042,.T.);
#2185=EDGE_CURVE('',#2695,#2692,#473,.T.);
#2186=EDGE_CURVE('',#2696,#2694,#474,.T.);
#2187=EDGE_CURVE('',#2697,#2696,#3043,.T.);
#2188=EDGE_CURVE('',#2697,#2695,#475,.T.);
#2189=EDGE_CURVE('',#2698,#2696,#476,.T.);
#2190=EDGE_CURVE('',#2699,#2698,#3044,.T.);
#2191=EDGE_CURVE('',#2699,#2697,#477,.T.);
#2192=EDGE_CURVE('',#2700,#2698,#478,.T.);
#2193=EDGE_CURVE('',#2701,#2700,#3045,.T.);
#2194=EDGE_CURVE('',#2701,#2699,#479,.T.);
#2195=EDGE_CURVE('',#2702,#2700,#480,.T.);
#2196=EDGE_CURVE('',#2703,#2702,#3046,.T.);
#2197=EDGE_CURVE('',#2703,#2701,#481,.T.);
#2198=EDGE_CURVE('',#2704,#2702,#482,.T.);
#2199=EDGE_CURVE('',#2705,#2704,#3047,.T.);
#2200=EDGE_CURVE('',#2705,#2703,#483,.T.);
#2201=EDGE_CURVE('',#2691,#2704,#484,.T.);
#2202=EDGE_CURVE('',#2693,#2705,#485,.T.);
#2203=EDGE_CURVE('',#2681,#2689,#486,.T.);
#2204=EDGE_CURVE('',#2706,#2474,#3048,.T.);
#2205=EDGE_CURVE('',#2706,#2707,#3049,.T.);
#2206=EDGE_CURVE('',#2707,#2475,#3050,.T.);
#2207=EDGE_CURVE('',#2708,#2473,#3051,.T.);
#2208=EDGE_CURVE('',#2708,#2706,#3052,.T.);
#2209=EDGE_CURVE('',#2709,#2480,#3053,.T.);
#2210=EDGE_CURVE('',#2709,#2708,#3054,.T.);
#2211=EDGE_CURVE('',#2710,#2479,#3055,.T.);
#2212=EDGE_CURVE('',#2710,#2709,#3056,.T.);
#2213=EDGE_CURVE('',#2711,#2478,#3057,.T.);
#2214=EDGE_CURVE('',#2711,#2710,#3058,.T.);
#2215=EDGE_CURVE('',#2712,#2477,#3059,.T.);
#2216=EDGE_CURVE('',#2712,#2711,#3060,.T.);
#2217=EDGE_CURVE('',#2713,#2476,#3061,.T.);
#2218=EDGE_CURVE('',#2713,#2712,#3062,.T.);
#2219=EDGE_CURVE('',#2707,#2713,#3063,.T.);
#2220=EDGE_CURVE('',#2714,#2482,#3064,.T.);
#2221=EDGE_CURVE('',#2714,#2715,#487,.T.);
#2222=EDGE_CURVE('',#2715,#2483,#3065,.T.);
#2223=EDGE_CURVE('',#2716,#2481,#3066,.T.);
#2224=EDGE_CURVE('',#2716,#2714,#488,.T.);
#2225=EDGE_CURVE('',#2717,#2494,#3067,.T.);
#2226=EDGE_CURVE('',#2717,#2716,#381,.T.);
#2227=EDGE_CURVE('',#2718,#2493,#3068,.T.);
#2228=EDGE_CURVE('',#2718,#2717,#3069,.T.);
#2229=EDGE_CURVE('',#2719,#2492,#3070,.T.);
#2230=EDGE_CURVE('',#2719,#2718,#382,.F.);
#2231=EDGE_CURVE('',#2720,#2491,#3071,.T.);
#2232=EDGE_CURVE('',#2720,#2719,#383,.F.);
#2233=EDGE_CURVE('',#2721,#2490,#3072,.T.);
#2234=EDGE_CURVE('',#2721,#2720,#489,.T.);
#2235=EDGE_CURVE('',#2722,#2489,#3073,.T.);
#2236=EDGE_CURVE('',#2722,#2721,#490,.T.);
#2237=EDGE_CURVE('',#2723,#2488,#3074,.T.);
#2238=EDGE_CURVE('',#2723,#2722,#384,.F.);
#2239=EDGE_CURVE('',#2724,#2487,#3075,.T.);
#2240=EDGE_CURVE('',#2724,#2723,#385,.F.);
#2241=EDGE_CURVE('',#2725,#2486,#3076,.T.);
#2242=EDGE_CURVE('',#2725,#2724,#3077,.T.);
#2243=EDGE_CURVE('',#2726,#2485,#3078,.T.);
#2244=EDGE_CURVE('',#2726,#2725,#491,.T.);
#2245=EDGE_CURVE('',#2727,#2484,#3079,.T.);
#2246=EDGE_CURVE('',#2727,#2726,#492,.T.);
#2247=EDGE_CURVE('',#2715,#2727,#493,.T.);
#2248=EDGE_CURVE('',#2728,#2729,#3080,.T.);
#2249=EDGE_CURVE('',#2730,#2728,#3081,.T.);
#2250=EDGE_CURVE('',#2730,#2731,#3082,.T.);
#2251=EDGE_CURVE('',#2731,#2729,#3083,.T.);
#2252=EDGE_CURVE('',#2732,#2728,#3084,.T.);
#2253=EDGE_CURVE('',#2733,#2732,#3085,.T.);
#2254=EDGE_CURVE('',#2733,#2730,#3086,.T.);
#2255=EDGE_CURVE('',#2734,#2732,#494,.T.);
#2256=EDGE_CURVE('',#2735,#2734,#3087,.T.);
#2257=EDGE_CURVE('',#2735,#2733,#495,.T.);
#2258=EDGE_CURVE('',#2736,#2734,#496,.T.);
#2259=EDGE_CURVE('',#2737,#2736,#3088,.T.);
#2260=EDGE_CURVE('',#2737,#2735,#497,.T.);
#2261=EDGE_CURVE('',#2738,#2736,#498,.T.);
#2262=EDGE_CURVE('',#2739,#2738,#3089,.T.);
#2263=EDGE_CURVE('',#2739,#2737,#499,.T.);
#2264=EDGE_CURVE('',#2740,#2738,#500,.T.);
#2265=EDGE_CURVE('',#2741,#2740,#3090,.T.);
#2266=EDGE_CURVE('',#2741,#2739,#501,.T.);
#2267=EDGE_CURVE('',#2742,#2427,#3091,.T.);
#2268=EDGE_CURVE('',#2742,#2743,#3092,.T.);
#2269=EDGE_CURVE('',#2743,#2428,#3093,.T.);
#2270=EDGE_CURVE('',#2744,#2426,#3094,.T.);
#2271=EDGE_CURVE('',#2744,#2742,#3095,.T.);
#2272=EDGE_CURVE('',#2745,#2443,#3096,.T.);
#2273=EDGE_CURVE('',#2745,#2744,#3097,.T.);
#2274=EDGE_CURVE('',#2746,#2442,#3098,.T.);
#2275=EDGE_CURVE('',#2746,#2745,#502,.T.);
#2276=EDGE_CURVE('',#2747,#2441,#3099,.T.);
#2277=EDGE_CURVE('',#2747,#2746,#503,.T.);
#2278=EDGE_CURVE('',#2748,#2440,#3100,.T.);
#2279=EDGE_CURVE('',#2748,#2747,#504,.T.);
#2280=EDGE_CURVE('',#2749,#2439,#3101,.T.);
#2281=EDGE_CURVE('',#2749,#2748,#3102,.T.);
#2282=EDGE_CURVE('',#2750,#2438,#3103,.T.);
#2283=EDGE_CURVE('',#2750,#2749,#505,.T.);
#2284=EDGE_CURVE('',#2751,#2437,#3104,.T.);
#2285=EDGE_CURVE('',#2751,#2750,#506,.T.);
#2286=EDGE_CURVE('',#2752,#2436,#3105,.T.);
#2287=EDGE_CURVE('',#2752,#2751,#3106,.T.);
#2288=EDGE_CURVE('',#2753,#2435,#3107,.T.);
#2289=EDGE_CURVE('',#2753,#2752,#3108,.T.);
#2290=EDGE_CURVE('',#2754,#2434,#3109,.T.);
#2291=EDGE_CURVE('',#2754,#2753,#507,.T.);
#2292=EDGE_CURVE('',#2755,#2433,#3110,.T.);
#2293=EDGE_CURVE('',#2755,#2754,#508,.T.);
#2294=EDGE_CURVE('',#2756,#2432,#3111,.T.);
#2295=EDGE_CURVE('',#2756,#2755,#509,.T.);
#2296=EDGE_CURVE('',#2757,#2431,#3112,.T.);
#2297=EDGE_CURVE('',#2757,#2756,#510,.T.);
#2298=EDGE_CURVE('',#2758,#2430,#3113,.T.);
#2299=EDGE_CURVE('',#2758,#2757,#511,.T.);
#2300=EDGE_CURVE('',#2759,#2429,#3114,.T.);
#2301=EDGE_CURVE('',#2759,#2758,#512,.T.);
#2302=EDGE_CURVE('',#2743,#2759,#3115,.T.);
#2303=EDGE_CURVE('',#2729,#2740,#513,.T.);
#2304=EDGE_CURVE('',#2731,#2741,#514,.T.);
#2305=EDGE_CURVE('',#2760,#2419,#3116,.T.);
#2306=EDGE_CURVE('',#2760,#2761,#3117,.T.);
#2307=EDGE_CURVE('',#2761,#2420,#3118,.T.);
#2308=EDGE_CURVE('',#2762,#2418,#3119,.T.);
#2309=EDGE_CURVE('',#2762,#2760,#3120,.T.);
#2310=EDGE_CURVE('',#2763,#2425,#3121,.T.);
#2311=EDGE_CURVE('',#2763,#2762,#3122,.T.);
#2312=EDGE_CURVE('',#2764,#2424,#3123,.T.);
#2313=EDGE_CURVE('',#2764,#2763,#3124,.T.);
#2314=EDGE_CURVE('',#2765,#2423,#3125,.T.);
#2315=EDGE_CURVE('',#2765,#2764,#3126,.T.);
#2316=EDGE_CURVE('',#2766,#2422,#3127,.T.);
#2317=EDGE_CURVE('',#2766,#2765,#3128,.T.);
#2318=EDGE_CURVE('',#2767,#2421,#3129,.T.);
#2319=EDGE_CURVE('',#2767,#2766,#3130,.T.);
#2320=EDGE_CURVE('',#2761,#2767,#3131,.T.);
#2321=EDGE_CURVE('',#2768,#2405,#3132,.T.);
#2322=EDGE_CURVE('',#2768,#2769,#515,.T.);
#2323=EDGE_CURVE('',#2769,#2406,#3133,.T.);
#2324=EDGE_CURVE('',#2770,#2404,#3134,.T.);
#2325=EDGE_CURVE('',#2770,#2768,#516,.T.);
#2326=EDGE_CURVE('',#2771,#2417,#3135,.T.);
#2327=EDGE_CURVE('',#2771,#2770,#386,.T.);
#2328=EDGE_CURVE('',#2772,#2416,#3136,.T.);
#2329=EDGE_CURVE('',#2772,#2771,#3137,.T.);
#2330=EDGE_CURVE('',#2773,#2415,#3138,.T.);
#2331=EDGE_CURVE('',#2773,#2772,#387,.F.);
#2332=EDGE_CURVE('',#2774,#2414,#3139,.T.);
#2333=EDGE_CURVE('',#2774,#2773,#388,.F.);
#2334=EDGE_CURVE('',#2775,#2413,#3140,.T.);
#2335=EDGE_CURVE('',#2775,#2774,#517,.T.);
#2336=EDGE_CURVE('',#2776,#2412,#3141,.T.);
#2337=EDGE_CURVE('',#2776,#2775,#518,.T.);
#2338=EDGE_CURVE('',#2777,#2411,#3142,.T.);
#2339=EDGE_CURVE('',#2777,#2776,#389,.F.);
#2340=EDGE_CURVE('',#2778,#2410,#3143,.T.);
#2341=EDGE_CURVE('',#2778,#2777,#390,.F.);
#2342=EDGE_CURVE('',#2779,#2409,#3144,.T.);
#2343=EDGE_CURVE('',#2779,#2778,#3145,.T.);
#2344=EDGE_CURVE('',#2780,#2408,#3146,.T.);
#2345=EDGE_CURVE('',#2780,#2779,#519,.T.);
#2346=EDGE_CURVE('',#2781,#2407,#3147,.T.);
#2347=EDGE_CURVE('',#2781,#2780,#520,.T.);
#2348=EDGE_CURVE('',#2769,#2781,#521,.T.);
#2349=EDGE_CURVE('',#2782,#2401,#3148,.T.);
#2350=EDGE_CURVE('',#2782,#2783,#3149,.T.);
#2351=EDGE_CURVE('',#2783,#2402,#3150,.T.);
#2352=EDGE_CURVE('',#2784,#2400,#3151,.T.);
#2353=EDGE_CURVE('',#2784,#2782,#3152,.T.);
#2354=EDGE_CURVE('',#2785,#2403,#3153,.T.);
#2355=EDGE_CURVE('',#2785,#2784,#3154,.T.);
#2356=EDGE_CURVE('',#2783,#2785,#3155,.T.);
#2357=EDGE_CURVE('',#2786,#2396,#3156,.T.);
#2358=EDGE_CURVE('',#2786,#2787,#522,.T.);
#2359=EDGE_CURVE('',#2787,#2397,#3157,.T.);
#2360=EDGE_CURVE('',#2788,#2395,#3158,.T.);
#2361=EDGE_CURVE('',#2788,#2786,#523,.T.);
#2362=EDGE_CURVE('',#2789,#2399,#3159,.T.);
#2363=EDGE_CURVE('',#2789,#2788,#524,.T.);
#2364=EDGE_CURVE('',#2790,#2398,#3160,.T.);
#2365=EDGE_CURVE('',#2790,#2789,#525,.T.);
#2366=EDGE_CURVE('',#2787,#2790,#526,.T.);
#2367=EDGE_CURVE('',#2791,#2388,#3161,.T.);
#2368=EDGE_CURVE('',#2791,#2792,#3162,.T.);
#2369=EDGE_CURVE('',#2792,#2389,#3163,.T.);
#2370=EDGE_CURVE('',#2793,#2387,#3164,.T.);
#2371=EDGE_CURVE('',#2793,#2791,#3165,.T.);
#2372=EDGE_CURVE('',#2794,#2394,#3166,.T.);
#2373=EDGE_CURVE('',#2794,#2793,#3167,.T.);
#2374=EDGE_CURVE('',#2795,#2393,#3168,.T.);
#2375=EDGE_CURVE('',#2795,#2794,#3169,.T.);
#2376=EDGE_CURVE('',#2796,#2392,#3170,.T.);
#2377=EDGE_CURVE('',#2796,#2795,#3171,.T.);
#2378=EDGE_CURVE('',#2797,#2391,#3172,.T.);
#2379=EDGE_CURVE('',#2797,#2796,#3173,.T.);
#2380=EDGE_CURVE('',#2798,#2390,#3174,.T.);
#2381=EDGE_CURVE('',#2798,#2797,#3175,.T.);
#2382=EDGE_CURVE('',#2792,#2798,#3176,.T.);
#2383=EDGE_CURVE('',#2799,#2799,#391,.T.);
#2384=EDGE_CURVE('',#2800,#2800,#392,.T.);
#2385=EDGE_CURVE('',#2801,#2801,#393,.T.);
#2386=EDGE_CURVE('',#2802,#2802,#394,.T.);
#2387=VERTEX_POINT('',#6549);
#2388=VERTEX_POINT('',#6550);
#2389=VERTEX_POINT('',#6552);
#2390=VERTEX_POINT('',#6554);
#2391=VERTEX_POINT('',#6556);
#2392=VERTEX_POINT('',#6558);
#2393=VERTEX_POINT('',#6560);
#2394=VERTEX_POINT('',#6562);
#2395=VERTEX_POINT('',#6567);
#2396=VERTEX_POINT('',#6568);
#2397=VERTEX_POINT('',#6572);
#2398=VERTEX_POINT('',#6576);
#2399=VERTEX_POINT('',#6580);
#2400=VERTEX_POINT('',#6585);
#2401=VERTEX_POINT('',#6586);
#2402=VERTEX_POINT('',#6588);
#2403=VERTEX_POINT('',#6590);
#2404=VERTEX_POINT('',#6595);
#2405=VERTEX_POINT('',#6596);
#2406=VERTEX_POINT('',#6600);
#2407=VERTEX_POINT('',#6604);
#2408=VERTEX_POINT('',#6608);
#2409=VERTEX_POINT('',#6612);
#2410=VERTEX_POINT('',#6614);
#2411=VERTEX_POINT('',#6616);
#2412=VERTEX_POINT('',#6618);
#2413=VERTEX_POINT('',#6622);
#2414=VERTEX_POINT('',#6626);
#2415=VERTEX_POINT('',#6628);
#2416=VERTEX_POINT('',#6630);
#2417=VERTEX_POINT('',#6632);
#2418=VERTEX_POINT('',#6635);
#2419=VERTEX_POINT('',#6636);
#2420=VERTEX_POINT('',#6638);
#2421=VERTEX_POINT('',#6640);
#2422=VERTEX_POINT('',#6642);
#2423=VERTEX_POINT('',#6644);
#2424=VERTEX_POINT('',#6646);
#2425=VERTEX_POINT('',#6648);
#2426=VERTEX_POINT('',#6651);
#2427=VERTEX_POINT('',#6652);
#2428=VERTEX_POINT('',#6654);
#2429=VERTEX_POINT('',#6656);
#2430=VERTEX_POINT('',#6660);
#2431=VERTEX_POINT('',#6664);
#2432=VERTEX_POINT('',#6668);
#2433=VERTEX_POINT('',#6672);
#2434=VERTEX_POINT('',#6676);
#2435=VERTEX_POINT('',#6680);
#2436=VERTEX_POINT('',#6682);
#2437=VERTEX_POINT('',#6684);
#2438=VERTEX_POINT('',#6688);
#2439=VERTEX_POINT('',#6692);
#2440=VERTEX_POINT('',#6694);
#2441=VERTEX_POINT('',#6698);
#2442=VERTEX_POINT('',#6702);
#2443=VERTEX_POINT('',#6706);
#2444=VERTEX_POINT('',#6709);
#2445=VERTEX_POINT('',#6710);
#2446=VERTEX_POINT('',#6712);
#2447=VERTEX_POINT('',#6714);
#2448=VERTEX_POINT('',#6719);
#2449=VERTEX_POINT('',#6720);
#2450=VERTEX_POINT('',#6724);
#2451=VERTEX_POINT('',#6728);
#2452=VERTEX_POINT('',#6732);
#2453=VERTEX_POINT('',#6736);
#2454=VERTEX_POINT('',#6740);
#2455=VERTEX_POINT('',#6744);
#2456=VERTEX_POINT('',#6746);
#2457=VERTEX_POINT('',#6748);
#2458=VERTEX_POINT('',#6752);
#2459=VERTEX_POINT('',#6756);
#2460=VERTEX_POINT('',#6758);
#2461=VERTEX_POINT('',#6760);
#2462=VERTEX_POINT('',#6762);
#2463=VERTEX_POINT('',#6767);
#2464=VERTEX_POINT('',#6768);
#2465=VERTEX_POINT('',#6772);
#2466=VERTEX_POINT('',#6776);
#2467=VERTEX_POINT('',#6780);
#2468=VERTEX_POINT('',#6784);
#2469=VERTEX_POINT('',#6788);
#2470=VERTEX_POINT('',#6792);
#2471=VERTEX_POINT('',#6796);
#2472=VERTEX_POINT('',#6800);
#2473=VERTEX_POINT('',#6805);
#2474=VERTEX_POINT('',#6806);
#2475=VERTEX_POINT('',#6808);
#2476=VERTEX_POINT('',#6810);
#2477=VERTEX_POINT('',#6812);
#2478=VERTEX_POINT('',#6814);
#2479=VERTEX_POINT('',#6816);
#2480=VERTEX_POINT('',#6818);
#2481=VERTEX_POINT('',#6823);
#2482=VERTEX_POINT('',#6824);
#2483=VERTEX_POINT('',#6828);
#2484=VERTEX_POINT('',#6832);
#2485=VERTEX_POINT('',#6836);
#2486=VERTEX_POINT('',#6840);
#2487=VERTEX_POINT('',#6842);
#2488=VERTEX_POINT('',#6844);
#2489=VERTEX_POINT('',#6846);
#2490=VERTEX_POINT('',#6850);
#2491=VERTEX_POINT('',#6854);
#2492=VERTEX_POINT('',#6856);
#2493=VERTEX_POINT('',#6858);
#2494=VERTEX_POINT('',#6860);
#2495=VERTEX_POINT('',#6864);
#2496=VERTEX_POINT('',#6866);
#2497=VERTEX_POINT('',#6868);
#2498=VERTEX_POINT('',#6870);
#2499=VERTEX_POINT('',#6872);
#2500=VERTEX_POINT('',#6873);
#2501=VERTEX_POINT('',#6875);
#2502=VERTEX_POINT('',#6877);
#2503=VERTEX_POINT('',#6879);
#2504=VERTEX_POINT('',#6881);
#2505=VERTEX_POINT('',#6883);
#2506=VERTEX_POINT('',#6885);
#2507=VERTEX_POINT('',#6888);
#2508=VERTEX_POINT('',#6889);
#2509=VERTEX_POINT('',#6891);
#2510=VERTEX_POINT('',#6893);
#2511=VERTEX_POINT('',#6895);
#2512=VERTEX_POINT('',#6897);
#2513=VERTEX_POINT('',#6899);
#2514=VERTEX_POINT('',#6901);
#2515=VERTEX_POINT('',#6904);
#2516=VERTEX_POINT('',#6905);
#2517=VERTEX_POINT('',#6907);
#2518=VERTEX_POINT('',#6909);
#2519=VERTEX_POINT('',#6911);
#2520=VERTEX_POINT('',#6913);
#2521=VERTEX_POINT('',#6915);
#2522=VERTEX_POINT('',#6917);
#2523=VERTEX_POINT('',#6920);
#2524=VERTEX_POINT('',#6921);
#2525=VERTEX_POINT('',#6923);
#2526=VERTEX_POINT('',#6925);
#2527=VERTEX_POINT('',#6927);
#2528=VERTEX_POINT('',#6929);
#2529=VERTEX_POINT('',#6931);
#2530=VERTEX_POINT('',#6933);
#2531=VERTEX_POINT('',#6936);
#2532=VERTEX_POINT('',#6938);
#2533=VERTEX_POINT('',#6940);
#2534=VERTEX_POINT('',#6942);
#2535=VERTEX_POINT('',#6944);
#2536=VERTEX_POINT('',#6946);
#2537=VERTEX_POINT('',#6949);
#2538=VERTEX_POINT('',#6950);
#2539=VERTEX_POINT('',#6952);
#2540=VERTEX_POINT('',#6954);
#2541=VERTEX_POINT('',#6956);
#2542=VERTEX_POINT('',#6958);
#2543=VERTEX_POINT('',#6960);
#2544=VERTEX_POINT('',#6962);
#2545=VERTEX_POINT('',#6965);
#2546=VERTEX_POINT('',#6966);
#2547=VERTEX_POINT('',#6968);
#2548=VERTEX_POINT('',#6970);
#2549=VERTEX_POINT('',#6972);
#2550=VERTEX_POINT('',#6974);
#2551=VERTEX_POINT('',#6976);
#2552=VERTEX_POINT('',#6978);
#2553=VERTEX_POINT('',#6981);
#2554=VERTEX_POINT('',#6982);
#2555=VERTEX_POINT('',#6984);
#2556=VERTEX_POINT('',#6986);
#2557=VERTEX_POINT('',#6988);
#2558=VERTEX_POINT('',#6990);
#2559=VERTEX_POINT('',#6992);
#2560=VERTEX_POINT('',#6994);
#2561=VERTEX_POINT('',#6997);
#2562=VERTEX_POINT('',#6998);
#2563=VERTEX_POINT('',#7000);
#2564=VERTEX_POINT('',#7002);
#2565=VERTEX_POINT('',#7004);
#2566=VERTEX_POINT('',#7006);
#2567=VERTEX_POINT('',#7008);
#2568=VERTEX_POINT('',#7010);
#2569=VERTEX_POINT('',#7013);
#2570=VERTEX_POINT('',#7014);
#2571=VERTEX_POINT('',#7016);
#2572=VERTEX_POINT('',#7018);
#2573=VERTEX_POINT('',#7020);
#2574=VERTEX_POINT('',#7022);
#2575=VERTEX_POINT('',#7024);
#2576=VERTEX_POINT('',#7026);
#2577=VERTEX_POINT('',#7030);
#2578=VERTEX_POINT('',#7034);
#2579=VERTEX_POINT('',#7038);
#2580=VERTEX_POINT('',#7042);
#2581=VERTEX_POINT('',#7046);
#2582=VERTEX_POINT('',#7050);
#2583=VERTEX_POINT('',#7057);
#2584=VERTEX_POINT('',#7059);
#2585=VERTEX_POINT('',#7063);
#2586=VERTEX_POINT('',#7067);
#2587=VERTEX_POINT('',#7071);
#2588=VERTEX_POINT('',#7075);
#2589=VERTEX_POINT('',#7079);
#2590=VERTEX_POINT('',#7083);
#2591=VERTEX_POINT('',#7090);
#2592=VERTEX_POINT('',#7092);
#2593=VERTEX_POINT('',#7096);
#2594=VERTEX_POINT('',#7100);
#2595=VERTEX_POINT('',#7104);
#2596=VERTEX_POINT('',#7108);
#2597=VERTEX_POINT('',#7112);
#2598=VERTEX_POINT('',#7116);
#2599=VERTEX_POINT('',#7123);
#2600=VERTEX_POINT('',#7125);
#2601=VERTEX_POINT('',#7129);
#2602=VERTEX_POINT('',#7133);
#2603=VERTEX_POINT('',#7137);
#2604=VERTEX_POINT('',#7141);
#2605=VERTEX_POINT('',#7145);
#2606=VERTEX_POINT('',#7149);
#2607=VERTEX_POINT('',#7156);
#2608=VERTEX_POINT('',#7158);
#2609=VERTEX_POINT('',#7162);
#2610=VERTEX_POINT('',#7166);
#2611=VERTEX_POINT('',#7170);
#2612=VERTEX_POINT('',#7174);
#2613=VERTEX_POINT('',#7178);
#2614=VERTEX_POINT('',#7182);
#2615=VERTEX_POINT('',#7189);
#2616=VERTEX_POINT('',#7191);
#2617=VERTEX_POINT('',#7195);
#2618=VERTEX_POINT('',#7199);
#2619=VERTEX_POINT('',#7203);
#2620=VERTEX_POINT('',#7207);
#2621=VERTEX_POINT('',#7211);
#2622=VERTEX_POINT('',#7215);
#2623=VERTEX_POINT('',#7222);
#2624=VERTEX_POINT('',#7224);
#2625=VERTEX_POINT('',#7228);
#2626=VERTEX_POINT('',#7232);
#2627=VERTEX_POINT('',#7236);
#2628=VERTEX_POINT('',#7240);
#2629=VERTEX_POINT('',#7244);
#2630=VERTEX_POINT('',#7248);
#2631=VERTEX_POINT('',#7255);
#2632=VERTEX_POINT('',#7257);
#2633=VERTEX_POINT('',#7261);
#2634=VERTEX_POINT('',#7265);
#2635=VERTEX_POINT('',#7269);
#2636=VERTEX_POINT('',#7273);
#2637=VERTEX_POINT('',#7277);
#2638=VERTEX_POINT('',#7281);
#2639=VERTEX_POINT('',#7288);
#2640=VERTEX_POINT('',#7290);
#2641=VERTEX_POINT('',#7294);
#2642=VERTEX_POINT('',#7298);
#2643=VERTEX_POINT('',#7302);
#2644=VERTEX_POINT('',#7306);
#2645=VERTEX_POINT('',#7310);
#2646=VERTEX_POINT('',#7314);
#2647=VERTEX_POINT('',#7321);
#2648=VERTEX_POINT('',#7323);
#2649=VERTEX_POINT('',#7327);
#2650=VERTEX_POINT('',#7331);
#2651=VERTEX_POINT('',#7335);
#2652=VERTEX_POINT('',#7339);
#2653=VERTEX_POINT('',#7343);
#2654=VERTEX_POINT('',#7347);
#2655=VERTEX_POINT('',#7361);
#2656=VERTEX_POINT('',#7365);
#2657=VERTEX_POINT('',#7376);
#2658=VERTEX_POINT('',#7382);
#2659=VERTEX_POINT('',#7386);
#2660=VERTEX_POINT('',#7390);
#2661=VERTEX_POINT('',#7394);
#2662=VERTEX_POINT('',#7405);
#2663=VERTEX_POINT('',#7418);
#2664=VERTEX_POINT('',#7424);
#2665=VERTEX_POINT('',#7428);
#2666=VERTEX_POINT('',#7439);
#2667=VERTEX_POINT('',#7452);
#2668=VERTEX_POINT('',#7465);
#2669=VERTEX_POINT('',#7478);
#2670=VERTEX_POINT('',#7493);
#2671=VERTEX_POINT('',#7494);
#2672=VERTEX_POINT('',#7496);
#2673=VERTEX_POINT('',#7500);
#2674=VERTEX_POINT('',#7513);
#2675=VERTEX_POINT('',#7515);
#2676=VERTEX_POINT('',#7530);
#2677=VERTEX_POINT('',#7532);
#2678=VERTEX_POINT('',#7538);
#2679=VERTEX_POINT('',#7540);
#2680=VERTEX_POINT('',#7578);
#2681=VERTEX_POINT('',#7582);
#2682=VERTEX_POINT('',#7593);
#2683=VERTEX_POINT('',#7606);
#2684=VERTEX_POINT('',#7619);
#2685=VERTEX_POINT('',#7632);
#2686=VERTEX_POINT('',#7645);
#2687=VERTEX_POINT('',#7658);
#2688=VERTEX_POINT('',#7671);
#2689=VERTEX_POINT('',#7684);
#2690=VERTEX_POINT('',#7699);
#2691=VERTEX_POINT('',#7700);
#2692=VERTEX_POINT('',#7702);
#2693=VERTEX_POINT('',#7706);
#2694=VERTEX_POINT('',#7719);
#2695=VERTEX_POINT('',#7721);
#2696=VERTEX_POINT('',#7736);
#2697=VERTEX_POINT('',#7738);
#2698=VERTEX_POINT('',#7753);
#2699=VERTEX_POINT('',#7755);
#2700=VERTEX_POINT('',#7770);
#2701=VERTEX_POINT('',#7772);
#2702=VERTEX_POINT('',#7787);
#2703=VERTEX_POINT('',#7789);
#2704=VERTEX_POINT('',#7804);
#2705=VERTEX_POINT('',#7806);
#2706=VERTEX_POINT('',#7839);
#2707=VERTEX_POINT('',#7841);
#2708=VERTEX_POINT('',#7845);
#2709=VERTEX_POINT('',#7849);
#2710=VERTEX_POINT('',#7853);
#2711=VERTEX_POINT('',#7857);
#2712=VERTEX_POINT('',#7861);
#2713=VERTEX_POINT('',#7865);
#2714=VERTEX_POINT('',#7879);
#2715=VERTEX_POINT('',#7883);
#2716=VERTEX_POINT('',#7894);
#2717=VERTEX_POINT('',#7900);
#2718=VERTEX_POINT('',#7904);
#2719=VERTEX_POINT('',#7908);
#2720=VERTEX_POINT('',#7912);
#2721=VERTEX_POINT('',#7923);
#2722=VERTEX_POINT('',#7936);
#2723=VERTEX_POINT('',#7942);
#2724=VERTEX_POINT('',#7946);
#2725=VERTEX_POINT('',#7950);
#2726=VERTEX_POINT('',#7961);
#2727=VERTEX_POINT('',#7974);
#2728=VERTEX_POINT('',#7992);
#2729=VERTEX_POINT('',#7993);
#2730=VERTEX_POINT('',#7995);
#2731=VERTEX_POINT('',#7997);
#2732=VERTEX_POINT('',#8001);
#2733=VERTEX_POINT('',#8003);
#2734=VERTEX_POINT('',#8016);
#2735=VERTEX_POINT('',#8018);
#2736=VERTEX_POINT('',#8033);
#2737=VERTEX_POINT('',#8035);
#2738=VERTEX_POINT('',#8050);
#2739=VERTEX_POINT('',#8052);
#2740=VERTEX_POINT('',#8067);
#2741=VERTEX_POINT('',#8069);
#2742=VERTEX_POINT('',#8075);
#2743=VERTEX_POINT('',#8077);
#2744=VERTEX_POINT('',#8081);
#2745=VERTEX_POINT('',#8085);
#2746=VERTEX_POINT('',#8096);
#2747=VERTEX_POINT('',#8109);
#2748=VERTEX_POINT('',#8122);
#2749=VERTEX_POINT('',#8128);
#2750=VERTEX_POINT('',#8139);
#2751=VERTEX_POINT('',#8152);
#2752=VERTEX_POINT('',#8158);
#2753=VERTEX_POINT('',#8162);
#2754=VERTEX_POINT('',#8173);
#2755=VERTEX_POINT('',#8186);
#2756=VERTEX_POINT('',#8199);
#2757=VERTEX_POINT('',#8212);
#2758=VERTEX_POINT('',#8225);
#2759=VERTEX_POINT('',#8238);
#2760=VERTEX_POINT('',#8261);
#2761=VERTEX_POINT('',#8263);
#2762=VERTEX_POINT('',#8267);
#2763=VERTEX_POINT('',#8271);
#2764=VERTEX_POINT('',#8275);
#2765=VERTEX_POINT('',#8279);
#2766=VERTEX_POINT('',#8283);
#2767=VERTEX_POINT('',#8287);
#2768=VERTEX_POINT('',#8301);
#2769=VERTEX_POINT('',#8305);
#2770=VERTEX_POINT('',#8316);
#2771=VERTEX_POINT('',#8322);
#2772=VERTEX_POINT('',#8326);
#2773=VERTEX_POINT('',#8330);
#2774=VERTEX_POINT('',#8334);
#2775=VERTEX_POINT('',#8345);
#2776=VERTEX_POINT('',#8358);
#2777=VERTEX_POINT('',#8364);
#2778=VERTEX_POINT('',#8368);
#2779=VERTEX_POINT('',#8372);
#2780=VERTEX_POINT('',#8383);
#2781=VERTEX_POINT('',#8396);
#2782=VERTEX_POINT('',#8414);
#2783=VERTEX_POINT('',#8416);
#2784=VERTEX_POINT('',#8420);
#2785=VERTEX_POINT('',#8424);
#2786=VERTEX_POINT('',#8438);
#2787=VERTEX_POINT('',#8442);
#2788=VERTEX_POINT('',#8453);
#2789=VERTEX_POINT('',#8466);
#2790=VERTEX_POINT('',#8479);
#2791=VERTEX_POINT('',#8497);
#2792=VERTEX_POINT('',#8499);
#2793=VERTEX_POINT('',#8503);
#2794=VERTEX_POINT('',#8507);
#2795=VERTEX_POINT('',#8511);
#2796=VERTEX_POINT('',#8515);
#2797=VERTEX_POINT('',#8519);
#2798=VERTEX_POINT('',#8523);
#2799=VERTEX_POINT('',#8531);
#2800=VERTEX_POINT('',#8535);
#2801=VERTEX_POINT('',#8539);
#2802=VERTEX_POINT('',#8543);
#2803=LINE('',#6548,#3177);
#2804=LINE('',#6551,#3178);
#2805=LINE('',#6553,#3179);
#2806=LINE('',#6555,#3180);
#2807=LINE('',#6557,#3181);
#2808=LINE('',#6559,#3182);
#2809=LINE('',#6561,#3183);
#2810=LINE('',#6563,#3184);
#2811=LINE('',#6584,#3185);
#2812=LINE('',#6587,#3186);
#2813=LINE('',#6589,#3187);
#2814=LINE('',#6591,#3188);
#2815=LINE('',#6613,#3189);
#2816=LINE('',#6631,#3190);
#2817=LINE('',#6634,#3191);
#2818=LINE('',#6637,#3192);
#2819=LINE('',#6639,#3193);
#2820=LINE('',#6641,#3194);
#2821=LINE('',#6643,#3195);
#2822=LINE('',#6645,#3196);
#2823=LINE('',#6647,#3197);
#2824=LINE('',#6649,#3198);
#2825=LINE('',#6650,#3199);
#2826=LINE('',#6653,#3200);
#2827=LINE('',#6655,#3201);
#2828=LINE('',#6681,#3202);
#2829=LINE('',#6683,#3203);
#2830=LINE('',#6693,#3204);
#2831=LINE('',#6707,#3205);
#2832=LINE('',#6708,#3206);
#2833=LINE('',#6711,#3207);
#2834=LINE('',#6713,#3208);
#2835=LINE('',#6715,#3209);
#2836=LINE('',#6745,#3210);
#2837=LINE('',#6747,#3211);
#2838=LINE('',#6761,#3212);
#2839=LINE('',#6804,#3213);
#2840=LINE('',#6807,#3214);
#2841=LINE('',#6809,#3215);
#2842=LINE('',#6811,#3216);
#2843=LINE('',#6813,#3217);
#2844=LINE('',#6815,#3218);
#2845=LINE('',#6817,#3219);
#2846=LINE('',#6819,#3220);
#2847=LINE('',#6841,#3221);
#2848=LINE('',#6859,#3222);
#2849=LINE('',#6871,#3223);
#2850=LINE('',#6876,#3224);
#2851=LINE('',#6880,#3225);
#2852=LINE('',#6884,#3226);
#2853=LINE('',#6887,#3227);
#2854=LINE('',#6892,#3228);
#2855=LINE('',#6896,#3229);
#2856=LINE('',#6900,#3230);
#2857=LINE('',#6903,#3231);
#2858=LINE('',#6908,#3232);
#2859=LINE('',#6912,#3233);
#2860=LINE('',#6916,#3234);
#2861=LINE('',#6919,#3235);
#2862=LINE('',#6924,#3236);
#2863=LINE('',#6928,#3237);
#2864=LINE('',#6932,#3238);
#2865=LINE('',#6937,#3239);
#2866=LINE('',#6941,#3240);
#2867=LINE('',#6945,#3241);
#2868=LINE('',#6951,#3242);
#2869=LINE('',#6955,#3243);
#2870=LINE('',#6959,#3244);
#2871=LINE('',#6963,#3245);
#2872=LINE('',#6967,#3246);
#2873=LINE('',#6971,#3247);
#2874=LINE('',#6975,#3248);
#2875=LINE('',#6979,#3249);
#2876=LINE('',#6983,#3250);
#2877=LINE('',#6987,#3251);
#2878=LINE('',#6991,#3252);
#2879=LINE('',#6995,#3253);
#2880=LINE('',#6999,#3254);
#2881=LINE('',#7003,#3255);
#2882=LINE('',#7007,#3256);
#2883=LINE('',#7011,#3257);
#2884=LINE('',#7015,#3258);
#2885=LINE('',#7019,#3259);
#2886=LINE('',#7023,#3260);
#2887=LINE('',#7027,#3261);
#2888=LINE('',#7031,#3262);
#2889=LINE('',#7033,#3263);
#2890=LINE('',#7035,#3264);
#2891=LINE('',#7039,#3265);
#2892=LINE('',#7041,#3266);
#2893=LINE('',#7043,#3267);
#2894=LINE('',#7047,#3268);
#2895=LINE('',#7049,#3269);
#2896=LINE('',#7051,#3270);
#2897=LINE('',#7056,#3271);
#2898=LINE('',#7058,#3272);
#2899=LINE('',#7060,#3273);
#2900=LINE('',#7062,#3274);
#2901=LINE('',#7066,#3275);
#2902=LINE('',#7068,#3276);
#2903=LINE('',#7070,#3277);
#2904=LINE('',#7074,#3278);
#2905=LINE('',#7076,#3279);
#2906=LINE('',#7078,#3280);
#2907=LINE('',#7082,#3281);
#2908=LINE('',#7084,#3282);
#2909=LINE('',#7089,#3283);
#2910=LINE('',#7091,#3284);
#2911=LINE('',#7093,#3285);
#2912=LINE('',#7095,#3286);
#2913=LINE('',#7099,#3287);
#2914=LINE('',#7101,#3288);
#2915=LINE('',#7103,#3289);
#2916=LINE('',#7107,#3290);
#2917=LINE('',#7109,#3291);
#2918=LINE('',#7111,#3292);
#2919=LINE('',#7115,#3293);
#2920=LINE('',#7117,#3294);
#2921=LINE('',#7122,#3295);
#2922=LINE('',#7124,#3296);
#2923=LINE('',#7126,#3297);
#2924=LINE('',#7128,#3298);
#2925=LINE('',#7132,#3299);
#2926=LINE('',#7134,#3300);
#2927=LINE('',#7136,#3301);
#2928=LINE('',#7140,#3302);
#2929=LINE('',#7142,#3303);
#2930=LINE('',#7144,#3304);
#2931=LINE('',#7148,#3305);
#2932=LINE('',#7150,#3306);
#2933=LINE('',#7155,#3307);
#2934=LINE('',#7157,#3308);
#2935=LINE('',#7159,#3309);
#2936=LINE('',#7161,#3310);
#2937=LINE('',#7165,#3311);
#2938=LINE('',#7167,#3312);
#2939=LINE('',#7169,#3313);
#2940=LINE('',#7173,#3314);
#2941=LINE('',#7175,#3315);
#2942=LINE('',#7177,#3316);
#2943=LINE('',#7181,#3317);
#2944=LINE('',#7183,#3318);
#2945=LINE('',#7188,#3319);
#2946=LINE('',#7190,#3320);
#2947=LINE('',#7192,#3321);
#2948=LINE('',#7194,#3322);
#2949=LINE('',#7198,#3323);
#2950=LINE('',#7200,#3324);
#2951=LINE('',#7202,#3325);
#2952=LINE('',#7206,#3326);
#2953=LINE('',#7208,#3327);
#2954=LINE('',#7210,#3328);
#2955=LINE('',#7214,#3329);
#2956=LINE('',#7216,#3330);
#2957=LINE('',#7221,#3331);
#2958=LINE('',#7223,#3332);
#2959=LINE('',#7225,#3333);
#2960=LINE('',#7227,#3334);
#2961=LINE('',#7231,#3335);
#2962=LINE('',#7233,#3336);
#2963=LINE('',#7235,#3337);
#2964=LINE('',#7239,#3338);
#2965=LINE('',#7241,#3339);
#2966=LINE('',#7243,#3340);
#2967=LINE('',#7247,#3341);
#2968=LINE('',#7249,#3342);
#2969=LINE('',#7254,#3343);
#2970=LINE('',#7256,#3344);
#2971=LINE('',#7258,#3345);
#2972=LINE('',#7260,#3346);
#2973=LINE('',#7264,#3347);
#2974=LINE('',#7266,#3348);
#2975=LINE('',#7268,#3349);
#2976=LINE('',#7272,#3350);
#2977=LINE('',#7274,#3351);
#2978=LINE('',#7276,#3352);
#2979=LINE('',#7280,#3353);
#2980=LINE('',#7282,#3354);
#2981=LINE('',#7287,#3355);
#2982=LINE('',#7289,#3356);
#2983=LINE('',#7291,#3357);
#2984=LINE('',#7293,#3358);
#2985=LINE('',#7297,#3359);
#2986=LINE('',#7299,#3360);
#2987=LINE('',#7301,#3361);
#2988=LINE('',#7305,#3362);
#2989=LINE('',#7307,#3363);
#2990=LINE('',#7309,#3364);
#2991=LINE('',#7313,#3365);
#2992=LINE('',#7315,#3366);
#2993=LINE('',#7320,#3367);
#2994=LINE('',#7322,#3368);
#2995=LINE('',#7324,#3369);
#2996=LINE('',#7326,#3370);
#2997=LINE('',#7330,#3371);
#2998=LINE('',#7332,#3372);
#2999=LINE('',#7334,#3373);
#3000=LINE('',#7338,#3374);
#3001=LINE('',#7340,#3375);
#3002=LINE('',#7342,#3376);
#3003=LINE('',#7346,#3377);
#3004=LINE('',#7348,#3378);
#3005=LINE('',#7360,#3379);
#3006=LINE('',#7366,#3380);
#3007=LINE('',#7375,#3381);
#3008=LINE('',#7381,#3382);
#3009=LINE('',#7385,#3383);
#3010=LINE('',#7387,#3384);
#3011=LINE('',#7389,#3385);
#3012=LINE('',#7393,#3386);
#3013=LINE('',#7404,#3387);
#3014=LINE('',#7417,#3388);
#3015=LINE('',#7423,#3389);
#3016=LINE('',#7425,#3390);
#3017=LINE('',#7427,#3391);
#3018=LINE('',#7429,#3392);
#3019=LINE('',#7438,#3393);
#3020=LINE('',#7451,#3394);
#3021=LINE('',#7464,#3395);
#3022=LINE('',#7477,#3396);
#3023=LINE('',#7495,#3397);
#3024=LINE('',#7501,#3398);
#3025=LINE('',#7514,#3399);
#3026=LINE('',#7531,#3400);
#3027=LINE('',#7537,#3401);
#3028=LINE('',#7539,#3402);
#3029=LINE('',#7541,#3403);
#3030=LINE('',#7577,#3404);
#3031=LINE('',#7583,#3405);
#3032=LINE('',#7592,#3406);
#3033=LINE('',#7605,#3407);
#3034=LINE('',#7618,#3408);
#3035=LINE('',#7631,#3409);
#3036=LINE('',#7644,#3410);
#3037=LINE('',#7657,#3411);
#3038=LINE('',#7670,#3412);
#3039=LINE('',#7683,#3413);
#3040=LINE('',#7701,#3414);
#3041=LINE('',#7707,#3415);
#3042=LINE('',#7720,#3416);
#3043=LINE('',#7737,#3417);
#3044=LINE('',#7754,#3418);
#3045=LINE('',#7771,#3419);
#3046=LINE('',#7788,#3420);
#3047=LINE('',#7805,#3421);
#3048=LINE('',#7838,#3422);
#3049=LINE('',#7840,#3423);
#3050=LINE('',#7842,#3424);
#3051=LINE('',#7844,#3425);
#3052=LINE('',#7846,#3426);
#3053=LINE('',#7848,#3427);
#3054=LINE('',#7850,#3428);
#3055=LINE('',#7852,#3429);
#3056=LINE('',#7854,#3430);
#3057=LINE('',#7856,#3431);
#3058=LINE('',#7858,#3432);
#3059=LINE('',#7860,#3433);
#3060=LINE('',#7862,#3434);
#3061=LINE('',#7864,#3435);
#3062=LINE('',#7866,#3436);
#3063=LINE('',#7868,#3437);
#3064=LINE('',#7878,#3438);
#3065=LINE('',#7884,#3439);
#3066=LINE('',#7893,#3440);
#3067=LINE('',#7899,#3441);
#3068=LINE('',#7903,#3442);
#3069=LINE('',#7905,#3443);
#3070=LINE('',#7907,#3444);
#3071=LINE('',#7911,#3445);
#3072=LINE('',#7922,#3446);
#3073=LINE('',#7935,#3447);
#3074=LINE('',#7941,#3448);
#3075=LINE('',#7945,#3449);
#3076=LINE('',#7949,#3450);
#3077=LINE('',#7951,#3451);
#3078=LINE('',#7960,#3452);
#3079=LINE('',#7973,#3453);
#3080=LINE('',#7991,#3454);
#3081=LINE('',#7994,#3455);
#3082=LINE('',#7996,#3456);
#3083=LINE('',#7998,#3457);
#3084=LINE('',#8000,#3458);
#3085=LINE('',#8002,#3459);
#3086=LINE('',#8004,#3460);
#3087=LINE('',#8017,#3461);
#3088=LINE('',#8034,#3462);
#3089=LINE('',#8051,#3463);
#3090=LINE('',#8068,#3464);
#3091=LINE('',#8074,#3465);
#3092=LINE('',#8076,#3466);
#3093=LINE('',#8078,#3467);
#3094=LINE('',#8080,#3468);
#3095=LINE('',#8082,#3469);
#3096=LINE('',#8084,#3470);
#3097=LINE('',#8086,#3471);
#3098=LINE('',#8095,#3472);
#3099=LINE('',#8108,#3473);
#3100=LINE('',#8121,#3474);
#3101=LINE('',#8127,#3475);
#3102=LINE('',#8129,#3476);
#3103=LINE('',#8138,#3477);
#3104=LINE('',#8151,#3478);
#3105=LINE('',#8157,#3479);
#3106=LINE('',#8159,#3480);
#3107=LINE('',#8161,#3481);
#3108=LINE('',#8163,#3482);
#3109=LINE('',#8172,#3483);
#3110=LINE('',#8185,#3484);
#3111=LINE('',#8198,#3485);
#3112=LINE('',#8211,#3486);
#3113=LINE('',#8224,#3487);
#3114=LINE('',#8237,#3488);
#3115=LINE('',#8243,#3489);
#3116=LINE('',#8260,#3490);
#3117=LINE('',#8262,#3491);
#3118=LINE('',#8264,#3492);
#3119=LINE('',#8266,#3493);
#3120=LINE('',#8268,#3494);
#3121=LINE('',#8270,#3495);
#3122=LINE('',#8272,#3496);
#3123=LINE('',#8274,#3497);
#3124=LINE('',#8276,#3498);
#3125=LINE('',#8278,#3499);
#3126=LINE('',#8280,#3500);
#3127=LINE('',#8282,#3501);
#3128=LINE('',#8284,#3502);
#3129=LINE('',#8286,#3503);
#3130=LINE('',#8288,#3504);
#3131=LINE('',#8290,#3505);
#3132=LINE('',#8300,#3506);
#3133=LINE('',#8306,#3507);
#3134=LINE('',#8315,#3508);
#3135=LINE('',#8321,#3509);
#3136=LINE('',#8325,#3510);
#3137=LINE('',#8327,#3511);
#3138=LINE('',#8329,#3512);
#3139=LINE('',#8333,#3513);
#3140=LINE('',#8344,#3514);
#3141=LINE('',#8357,#3515);
#3142=LINE('',#8363,#3516);
#3143=LINE('',#8367,#3517);
#3144=LINE('',#8371,#3518);
#3145=LINE('',#8373,#3519);
#3146=LINE('',#8382,#3520);
#3147=LINE('',#8395,#3521);
#3148=LINE('',#8413,#3522);
#3149=LINE('',#8415,#3523);
#3150=LINE('',#8417,#3524);
#3151=LINE('',#8419,#3525);
#3152=LINE('',#8421,#3526);
#3153=LINE('',#8423,#3527);
#3154=LINE('',#8425,#3528);
#3155=LINE('',#8427,#3529);
#3156=LINE('',#8437,#3530);
#3157=LINE('',#8443,#3531);
#3158=LINE('',#8452,#3532);
#3159=LINE('',#8465,#3533);
#3160=LINE('',#8478,#3534);
#3161=LINE('',#8496,#3535);
#3162=LINE('',#8498,#3536);
#3163=LINE('',#8500,#3537);
#3164=LINE('',#8502,#3538);
#3165=LINE('',#8504,#3539);
#3166=LINE('',#8506,#3540);
#3167=LINE('',#8508,#3541);
#3168=LINE('',#8510,#3542);
#3169=LINE('',#8512,#3543);
#3170=LINE('',#8514,#3544);
#3171=LINE('',#8516,#3545);
#3172=LINE('',#8518,#3546);
#3173=LINE('',#8520,#3547);
#3174=LINE('',#8522,#3548);
#3175=LINE('',#8524,#3549);
#3176=LINE('',#8526,#3550);
#3177=VECTOR('',#5606,1.);
#3178=VECTOR('',#5607,1.);
#3179=VECTOR('',#5608,1.);
#3180=VECTOR('',#5609,1.);
#3181=VECTOR('',#5610,1.);
#3182=VECTOR('',#5611,1.);
#3183=VECTOR('',#5612,1.);
#3184=VECTOR('',#5613,1.);
#3185=VECTOR('',#5614,1.);
#3186=VECTOR('',#5615,1.);
#3187=VECTOR('',#5616,1.);
#3188=VECTOR('',#5617,1.);
#3189=VECTOR('',#5618,1.);
#3190=VECTOR('',#5627,1.);
#3191=VECTOR('',#5630,1.);
#3192=VECTOR('',#5631,1.);
#3193=VECTOR('',#5632,1.);
#3194=VECTOR('',#5633,1.);
#3195=VECTOR('',#5634,1.);
#3196=VECTOR('',#5635,1.);
#3197=VECTOR('',#5636,1.);
#3198=VECTOR('',#5637,1.);
#3199=VECTOR('',#5638,1.);
#3200=VECTOR('',#5639,1.);
#3201=VECTOR('',#5640,1.);
#3202=VECTOR('',#5641,1.);
#3203=VECTOR('',#5642,1.);
#3204=VECTOR('',#5643,1.);
#3205=VECTOR('',#5644,1.);
#3206=VECTOR('',#5645,1.);
#3207=VECTOR('',#5646,1.);
#3208=VECTOR('',#5647,1.);
#3209=VECTOR('',#5648,1.);
#3210=VECTOR('',#5649,1.);
#3211=VECTOR('',#5650,1.);
#3212=VECTOR('',#5655,1.);
#3213=VECTOR('',#5658,1.);
#3214=VECTOR('',#5659,1.);
#3215=VECTOR('',#5660,1.);
#3216=VECTOR('',#5661,1.);
#3217=VECTOR('',#5662,1.);
#3218=VECTOR('',#5663,1.);
#3219=VECTOR('',#5664,1.);
#3220=VECTOR('',#5665,1.);
#3221=VECTOR('',#5666,1.);
#3222=VECTOR('',#5675,1.);
#3223=VECTOR('',#5688,1.);
#3224=VECTOR('',#5691,1.);
#3225=VECTOR('',#5694,1.);
#3226=VECTOR('',#5697,1.);
#3227=VECTOR('',#5700,1.);
#3228=VECTOR('',#5703,1.);
#3229=VECTOR('',#5706,1.);
#3230=VECTOR('',#5709,1.);
#3231=VECTOR('',#5712,1.);
#3232=VECTOR('',#5715,1.);
#3233=VECTOR('',#5718,1.);
#3234=VECTOR('',#5721,1.);
#3235=VECTOR('',#5724,1.);
#3236=VECTOR('',#5727,1.);
#3237=VECTOR('',#5730,1.);
#3238=VECTOR('',#5733,1.);
#3239=VECTOR('',#5738,1.);
#3240=VECTOR('',#5741,1.);
#3241=VECTOR('',#5744,1.);
#3242=VECTOR('',#5749,1.);
#3243=VECTOR('',#5752,1.);
#3244=VECTOR('',#5755,1.);
#3245=VECTOR('',#5758,1.);
#3246=VECTOR('',#5761,1.);
#3247=VECTOR('',#5764,1.);
#3248=VECTOR('',#5767,1.);
#3249=VECTOR('',#5770,1.);
#3250=VECTOR('',#5773,1.);
#3251=VECTOR('',#5776,1.);
#3252=VECTOR('',#5779,1.);
#3253=VECTOR('',#5782,1.);
#3254=VECTOR('',#5785,1.);
#3255=VECTOR('',#5788,1.);
#3256=VECTOR('',#5791,1.);
#3257=VECTOR('',#5794,1.);
#3258=VECTOR('',#5797,1.);
#3259=VECTOR('',#5800,1.);
#3260=VECTOR('',#5803,1.);
#3261=VECTOR('',#5806,1.);
#3262=VECTOR('',#5811,1.);
#3263=VECTOR('',#5814,1.);
#3264=VECTOR('',#5815,1.);
#3265=VECTOR('',#5820,1.);
#3266=VECTOR('',#5823,1.);
#3267=VECTOR('',#5824,1.);
#3268=VECTOR('',#5829,1.);
#3269=VECTOR('',#5832,1.);
#3270=VECTOR('',#5833,1.);
#3271=VECTOR('',#5842,1.);
#3272=VECTOR('',#5843,1.);
#3273=VECTOR('',#5844,1.);
#3274=VECTOR('',#5847,1.);
#3275=VECTOR('',#5852,1.);
#3276=VECTOR('',#5853,1.);
#3277=VECTOR('',#5856,1.);
#3278=VECTOR('',#5861,1.);
#3279=VECTOR('',#5862,1.);
#3280=VECTOR('',#5865,1.);
#3281=VECTOR('',#5870,1.);
#3282=VECTOR('',#5871,1.);
#3283=VECTOR('',#5880,1.);
#3284=VECTOR('',#5881,1.);
#3285=VECTOR('',#5882,1.);
#3286=VECTOR('',#5885,1.);
#3287=VECTOR('',#5890,1.);
#3288=VECTOR('',#5891,1.);
#3289=VECTOR('',#5894,1.);
#3290=VECTOR('',#5899,1.);
#3291=VECTOR('',#5900,1.);
#3292=VECTOR('',#5903,1.);
#3293=VECTOR('',#5908,1.);
#3294=VECTOR('',#5909,1.);
#3295=VECTOR('',#5918,1.);
#3296=VECTOR('',#5919,1.);
#3297=VECTOR('',#5920,1.);
#3298=VECTOR('',#5923,1.);
#3299=VECTOR('',#5928,1.);
#3300=VECTOR('',#5929,1.);
#3301=VECTOR('',#5932,1.);
#3302=VECTOR('',#5937,1.);
#3303=VECTOR('',#5938,1.);
#3304=VECTOR('',#5941,1.);
#3305=VECTOR('',#5946,1.);
#3306=VECTOR('',#5947,1.);
#3307=VECTOR('',#5956,1.);
#3308=VECTOR('',#5957,1.);
#3309=VECTOR('',#5958,1.);
#3310=VECTOR('',#5961,1.);
#3311=VECTOR('',#5966,1.);
#3312=VECTOR('',#5967,1.);
#3313=VECTOR('',#5970,1.);
#3314=VECTOR('',#5975,1.);
#3315=VECTOR('',#5976,1.);
#3316=VECTOR('',#5979,1.);
#3317=VECTOR('',#5984,1.);
#3318=VECTOR('',#5985,1.);
#3319=VECTOR('',#5994,1.);
#3320=VECTOR('',#5995,1.);
#3321=VECTOR('',#5996,1.);
#3322=VECTOR('',#5999,1.);
#3323=VECTOR('',#6004,1.);
#3324=VECTOR('',#6005,1.);
#3325=VECTOR('',#6008,1.);
#3326=VECTOR('',#6013,1.);
#3327=VECTOR('',#6014,1.);
#3328=VECTOR('',#6017,1.);
#3329=VECTOR('',#6022,1.);
#3330=VECTOR('',#6023,1.);
#3331=VECTOR('',#6032,1.);
#3332=VECTOR('',#6033,1.);
#3333=VECTOR('',#6034,1.);
#3334=VECTOR('',#6037,1.);
#3335=VECTOR('',#6042,1.);
#3336=VECTOR('',#6043,1.);
#3337=VECTOR('',#6046,1.);
#3338=VECTOR('',#6051,1.);
#3339=VECTOR('',#6052,1.);
#3340=VECTOR('',#6055,1.);
#3341=VECTOR('',#6060,1.);
#3342=VECTOR('',#6061,1.);
#3343=VECTOR('',#6070,1.);
#3344=VECTOR('',#6071,1.);
#3345=VECTOR('',#6072,1.);
#3346=VECTOR('',#6075,1.);
#3347=VECTOR('',#6080,1.);
#3348=VECTOR('',#6081,1.);
#3349=VECTOR('',#6084,1.);
#3350=VECTOR('',#6089,1.);
#3351=VECTOR('',#6090,1.);
#3352=VECTOR('',#6093,1.);
#3353=VECTOR('',#6098,1.);
#3354=VECTOR('',#6099,1.);
#3355=VECTOR('',#6108,1.);
#3356=VECTOR('',#6109,1.);
#3357=VECTOR('',#6110,1.);
#3358=VECTOR('',#6113,1.);
#3359=VECTOR('',#6118,1.);
#3360=VECTOR('',#6119,1.);
#3361=VECTOR('',#6122,1.);
#3362=VECTOR('',#6127,1.);
#3363=VECTOR('',#6128,1.);
#3364=VECTOR('',#6131,1.);
#3365=VECTOR('',#6136,1.);
#3366=VECTOR('',#6137,1.);
#3367=VECTOR('',#6146,1.);
#3368=VECTOR('',#6147,1.);
#3369=VECTOR('',#6148,1.);
#3370=VECTOR('',#6151,1.);
#3371=VECTOR('',#6156,1.);
#3372=VECTOR('',#6157,1.);
#3373=VECTOR('',#6160,1.);
#3374=VECTOR('',#6165,1.);
#3375=VECTOR('',#6166,1.);
#3376=VECTOR('',#6169,1.);
#3377=VECTOR('',#6174,1.);
#3378=VECTOR('',#6175,1.);
#3379=VECTOR('',#6182,1.);
#3380=VECTOR('',#6183,1.);
#3381=VECTOR('',#6184,1.);
#3382=VECTOR('',#6187,1.);
#3383=VECTOR('',#6192,1.);
#3384=VECTOR('',#6193,1.);
#3385=VECTOR('',#6196,1.);
#3386=VECTOR('',#6201,1.);
#3387=VECTOR('',#6204,1.);
#3388=VECTOR('',#6205,1.);
#3389=VECTOR('',#6208,1.);
#3390=VECTOR('',#6209,1.);
#3391=VECTOR('',#6212,1.);
#3392=VECTOR('',#6213,1.);
#3393=VECTOR('',#6214,1.);
#3394=VECTOR('',#6215,1.);
#3395=VECTOR('',#6216,1.);
#3396=VECTOR('',#6217,1.);
#3397=VECTOR('',#6218,1.);
#3398=VECTOR('',#6219,1.);
#3399=VECTOR('',#6220,1.);
#3400=VECTOR('',#6221,1.);
#3401=VECTOR('',#6224,1.);
#3402=VECTOR('',#6225,1.);
#3403=VECTOR('',#6226,1.);
#3404=VECTOR('',#6231,1.);
#3405=VECTOR('',#6232,1.);
#3406=VECTOR('',#6233,1.);
#3407=VECTOR('',#6234,1.);
#3408=VECTOR('',#6235,1.);
#3409=VECTOR('',#6236,1.);
#3410=VECTOR('',#6237,1.);
#3411=VECTOR('',#6238,1.);
#3412=VECTOR('',#6239,1.);
#3413=VECTOR('',#6240,1.);
#3414=VECTOR('',#6241,1.);
#3415=VECTOR('',#6242,1.);
#3416=VECTOR('',#6243,1.);
#3417=VECTOR('',#6244,1.);
#3418=VECTOR('',#6245,1.);
#3419=VECTOR('',#6246,1.);
#3420=VECTOR('',#6247,1.);
#3421=VECTOR('',#6248,1.);
#3422=VECTOR('',#6255,1.);
#3423=VECTOR('',#6256,1.);
#3424=VECTOR('',#6257,1.);
#3425=VECTOR('',#6260,1.);
#3426=VECTOR('',#6261,1.);
#3427=VECTOR('',#6264,1.);
#3428=VECTOR('',#6265,1.);
#3429=VECTOR('',#6268,1.);
#3430=VECTOR('',#6269,1.);
#3431=VECTOR('',#6272,1.);
#3432=VECTOR('',#6273,1.);
#3433=VECTOR('',#6276,1.);
#3434=VECTOR('',#6277,1.);
#3435=VECTOR('',#6280,1.);
#3436=VECTOR('',#6281,1.);
#3437=VECTOR('',#6284,1.);
#3438=VECTOR('',#6287,1.);
#3439=VECTOR('',#6288,1.);
#3440=VECTOR('',#6289,1.);
#3441=VECTOR('',#6292,1.);
#3442=VECTOR('',#6297,1.);
#3443=VECTOR('',#6298,1.);
#3444=VECTOR('',#6301,1.);
#3445=VECTOR('',#6306,1.);
#3446=VECTOR('',#6309,1.);
#3447=VECTOR('',#6310,1.);
#3448=VECTOR('',#6313,1.);
#3449=VECTOR('',#6318,1.);
#3450=VECTOR('',#6323,1.);
#3451=VECTOR('',#6324,1.);
#3452=VECTOR('',#6325,1.);
#3453=VECTOR('',#6326,1.);
#3454=VECTOR('',#6331,1.);
#3455=VECTOR('',#6332,1.);
#3456=VECTOR('',#6333,1.);
#3457=VECTOR('',#6334,1.);
#3458=VECTOR('',#6337,1.);
#3459=VECTOR('',#6338,1.);
#3460=VECTOR('',#6339,1.);
#3461=VECTOR('',#6340,1.);
#3462=VECTOR('',#6341,1.);
#3463=VECTOR('',#6342,1.);
#3464=VECTOR('',#6343,1.);
#3465=VECTOR('',#6346,1.);
#3466=VECTOR('',#6347,1.);
#3467=VECTOR('',#6348,1.);
#3468=VECTOR('',#6351,1.);
#3469=VECTOR('',#6352,1.);
#3470=VECTOR('',#6355,1.);
#3471=VECTOR('',#6356,1.);
#3472=VECTOR('',#6357,1.);
#3473=VECTOR('',#6358,1.);
#3474=VECTOR('',#6359,1.);
#3475=VECTOR('',#6362,1.);
#3476=VECTOR('',#6363,1.);
#3477=VECTOR('',#6364,1.);
#3478=VECTOR('',#6365,1.);
#3479=VECTOR('',#6368,1.);
#3480=VECTOR('',#6369,1.);
#3481=VECTOR('',#6372,1.);
#3482=VECTOR('',#6373,1.);
#3483=VECTOR('',#6374,1.);
#3484=VECTOR('',#6375,1.);
#3485=VECTOR('',#6376,1.);
#3486=VECTOR('',#6377,1.);
#3487=VECTOR('',#6378,1.);
#3488=VECTOR('',#6379,1.);
#3489=VECTOR('',#6382,1.);
#3490=VECTOR('',#6387,1.);
#3491=VECTOR('',#6388,1.);
#3492=VECTOR('',#6389,1.);
#3493=VECTOR('',#6392,1.);
#3494=VECTOR('',#6393,1.);
#3495=VECTOR('',#6396,1.);
#3496=VECTOR('',#6397,1.);
#3497=VECTOR('',#6400,1.);
#3498=VECTOR('',#6401,1.);
#3499=VECTOR('',#6404,1.);
#3500=VECTOR('',#6405,1.);
#3501=VECTOR('',#6408,1.);
#3502=VECTOR('',#6409,1.);
#3503=VECTOR('',#6412,1.);
#3504=VECTOR('',#6413,1.);
#3505=VECTOR('',#6416,1.);
#3506=VECTOR('',#6419,1.);
#3507=VECTOR('',#6420,1.);
#3508=VECTOR('',#6421,1.);
#3509=VECTOR('',#6424,1.);
#3510=VECTOR('',#6429,1.);
#3511=VECTOR('',#6430,1.);
#3512=VECTOR('',#6433,1.);
#3513=VECTOR('',#6438,1.);
#3514=VECTOR('',#6441,1.);
#3515=VECTOR('',#6442,1.);
#3516=VECTOR('',#6445,1.);
#3517=VECTOR('',#6450,1.);
#3518=VECTOR('',#6455,1.);
#3519=VECTOR('',#6456,1.);
#3520=VECTOR('',#6457,1.);
#3521=VECTOR('',#6458,1.);
#3522=VECTOR('',#6463,1.);
#3523=VECTOR('',#6464,1.);
#3524=VECTOR('',#6465,1.);
#3525=VECTOR('',#6468,1.);
#3526=VECTOR('',#6469,1.);
#3527=VECTOR('',#6472,1.);
#3528=VECTOR('',#6473,1.);
#3529=VECTOR('',#6476,1.);
#3530=VECTOR('',#6479,1.);
#3531=VECTOR('',#6480,1.);
#3532=VECTOR('',#6481,1.);
#3533=VECTOR('',#6482,1.);
#3534=VECTOR('',#6483,1.);
#3535=VECTOR('',#6488,1.);
#3536=VECTOR('',#6489,1.);
#3537=VECTOR('',#6490,1.);
#3538=VECTOR('',#6493,1.);
#3539=VECTOR('',#6494,1.);
#3540=VECTOR('',#6497,1.);
#3541=VECTOR('',#6498,1.);
#3542=VECTOR('',#6501,1.);
#3543=VECTOR('',#6502,1.);
#3544=VECTOR('',#6505,1.);
#3545=VECTOR('',#6506,1.);
#3546=VECTOR('',#6509,1.);
#3547=VECTOR('',#6510,1.);
#3548=VECTOR('',#6513,1.);
#3549=VECTOR('',#6514,1.);
#3550=VECTOR('',#6517,1.);
#3551=EDGE_LOOP('',(#527,#528,#529,#530,#531,#532,#533,#534));
#3552=EDGE_LOOP('',(#535,#536,#537,#538,#539));
#3553=EDGE_LOOP('',(#540,#541,#542,#543));
#3554=EDGE_LOOP('',(#544,#545,#546,#547,#548,#549,#550,#551,#552,#553,#554,
#555,#556,#557));
#3555=EDGE_LOOP('',(#558,#559,#560,#561,#562,#563,#564,#565));
#3556=EDGE_LOOP('',(#566,#567,#568,#569,#570,#571,#572,#573,#574,#575,#576,
#577,#578,#579,#580,#581,#582,#583));
#3557=EDGE_LOOP('',(#584,#585,#586,#587));
#3558=EDGE_LOOP('',(#588,#589,#590,#591,#592,#593,#594,#595,#596,#597,#598,
#599,#600,#601,#602));
#3559=EDGE_LOOP('',(#603,#604,#605,#606,#607,#608,#609,#610,#611,#612));
#3560=EDGE_LOOP('',(#613,#614,#615,#616,#617,#618,#619,#620));
#3561=EDGE_LOOP('',(#621,#622,#623,#624,#625,#626,#627,#628,#629,#630,#631,
#632,#633,#634));
#3562=EDGE_LOOP('',(#635));
#3563=EDGE_LOOP('',(#636));
#3564=EDGE_LOOP('',(#637));
#3565=EDGE_LOOP('',(#638));
#3566=EDGE_LOOP('',(#639,#640,#641,#642,#643,#644,#645,#646));
#3567=EDGE_LOOP('',(#647,#648,#649,#650,#651,#652,#653,#654));
#3568=EDGE_LOOP('',(#655,#656,#657,#658,#659,#660,#661,#662));
#3569=EDGE_LOOP('',(#663,#664,#665,#666,#667,#668,#669,#670));
#3570=EDGE_LOOP('',(#671,#672,#673,#674,#675,#676,#677,#678));
#3571=EDGE_LOOP('',(#679,#680,#681,#682,#683,#684,#685,#686));
#3572=EDGE_LOOP('',(#687,#688,#689,#690,#691,#692,#693,#694));
#3573=EDGE_LOOP('',(#695,#696,#697,#698,#699,#700,#701,#702));
#3574=EDGE_LOOP('',(#703,#704,#705,#706,#707,#708,#709,#710));
#3575=EDGE_LOOP('',(#711,#712,#713,#714,#715,#716,#717,#718));
#3576=EDGE_LOOP('',(#719,#720,#721,#722));
#3577=EDGE_LOOP('',(#723,#724,#725,#726));
#3578=EDGE_LOOP('',(#727,#728,#729,#730));
#3579=EDGE_LOOP('',(#731,#732,#733,#734));
#3580=EDGE_LOOP('',(#735,#736,#737,#738));
#3581=EDGE_LOOP('',(#739,#740,#741,#742));
#3582=EDGE_LOOP('',(#743,#744,#745,#746));
#3583=EDGE_LOOP('',(#747,#748,#749,#750,#751,#752,#753,#754));
#3584=EDGE_LOOP('',(#755,#756,#757,#758));
#3585=EDGE_LOOP('',(#759,#760,#761,#762));
#3586=EDGE_LOOP('',(#763,#764,#765,#766));
#3587=EDGE_LOOP('',(#767,#768,#769,#770));
#3588=EDGE_LOOP('',(#771,#772,#773,#774));
#3589=EDGE_LOOP('',(#775,#776,#777,#778));
#3590=EDGE_LOOP('',(#779,#780,#781,#782));
#3591=EDGE_LOOP('',(#783,#784,#785,#786));
#3592=EDGE_LOOP('',(#787,#788,#789,#790,#791,#792,#793,#794));
#3593=EDGE_LOOP('',(#795,#796,#797,#798));
#3594=EDGE_LOOP('',(#799,#800,#801,#802));
#3595=EDGE_LOOP('',(#803,#804,#805,#806));
#3596=EDGE_LOOP('',(#807,#808,#809,#810));
#3597=EDGE_LOOP('',(#811,#812,#813,#814));
#3598=EDGE_LOOP('',(#815,#816,#817,#818));
#3599=EDGE_LOOP('',(#819,#820,#821,#822));
#3600=EDGE_LOOP('',(#823,#824,#825,#826));
#3601=EDGE_LOOP('',(#827,#828,#829,#830,#831,#832,#833,#834));
#3602=EDGE_LOOP('',(#835,#836,#837,#838));
#3603=EDGE_LOOP('',(#839,#840,#841,#842));
#3604=EDGE_LOOP('',(#843,#844,#845,#846));
#3605=EDGE_LOOP('',(#847,#848,#849,#850));
#3606=EDGE_LOOP('',(#851,#852,#853,#854));
#3607=EDGE_LOOP('',(#855,#856,#857,#858));
#3608=EDGE_LOOP('',(#859,#860,#861,#862));
#3609=EDGE_LOOP('',(#863,#864,#865,#866));
#3610=EDGE_LOOP('',(#867,#868,#869,#870,#871,#872,#873,#874));
#3611=EDGE_LOOP('',(#875,#876,#877,#878));
#3612=EDGE_LOOP('',(#879,#880,#881,#882));
#3613=EDGE_LOOP('',(#883,#884,#885,#886));
#3614=EDGE_LOOP('',(#887,#888,#889,#890));
#3615=EDGE_LOOP('',(#891,#892,#893,#894));
#3616=EDGE_LOOP('',(#895,#896,#897,#898));
#3617=EDGE_LOOP('',(#899,#900,#901,#902));
#3618=EDGE_LOOP('',(#903,#904,#905,#906));
#3619=EDGE_LOOP('',(#907,#908,#909,#910,#911,#912,#913,#914));
#3620=EDGE_LOOP('',(#915,#916,#917,#918));
#3621=EDGE_LOOP('',(#919,#920,#921,#922));
#3622=EDGE_LOOP('',(#923,#924,#925,#926));
#3623=EDGE_LOOP('',(#927,#928,#929,#930));
#3624=EDGE_LOOP('',(#931,#932,#933,#934));
#3625=EDGE_LOOP('',(#935,#936,#937,#938));
#3626=EDGE_LOOP('',(#939,#940,#941,#942));
#3627=EDGE_LOOP('',(#943,#944,#945,#946));
#3628=EDGE_LOOP('',(#947,#948,#949,#950,#951,#952,#953,#954));
#3629=EDGE_LOOP('',(#955,#956,#957,#958));
#3630=EDGE_LOOP('',(#959,#960,#961,#962));
#3631=EDGE_LOOP('',(#963,#964,#965,#966));
#3632=EDGE_LOOP('',(#967,#968,#969,#970));
#3633=EDGE_LOOP('',(#971,#972,#973,#974));
#3634=EDGE_LOOP('',(#975,#976,#977,#978));
#3635=EDGE_LOOP('',(#979,#980,#981,#982));
#3636=EDGE_LOOP('',(#983,#984,#985,#986));
#3637=EDGE_LOOP('',(#987,#988,#989,#990,#991,#992,#993,#994));
#3638=EDGE_LOOP('',(#995,#996,#997,#998));
#3639=EDGE_LOOP('',(#999,#1000,#1001,#1002));
#3640=EDGE_LOOP('',(#1003,#1004,#1005,#1006));
#3641=EDGE_LOOP('',(#1007,#1008,#1009,#1010));
#3642=EDGE_LOOP('',(#1011,#1012,#1013,#1014));
#3643=EDGE_LOOP('',(#1015,#1016,#1017,#1018));
#3644=EDGE_LOOP('',(#1019,#1020,#1021,#1022));
#3645=EDGE_LOOP('',(#1023,#1024,#1025,#1026));
#3646=EDGE_LOOP('',(#1027,#1028,#1029,#1030,#1031,#1032,#1033,#1034));
#3647=EDGE_LOOP('',(#1035,#1036,#1037,#1038));
#3648=EDGE_LOOP('',(#1039,#1040,#1041,#1042));
#3649=EDGE_LOOP('',(#1043,#1044,#1045,#1046));
#3650=EDGE_LOOP('',(#1047,#1048,#1049,#1050));
#3651=EDGE_LOOP('',(#1051,#1052,#1053,#1054));
#3652=EDGE_LOOP('',(#1055,#1056,#1057,#1058));
#3653=EDGE_LOOP('',(#1059,#1060,#1061,#1062));
#3654=EDGE_LOOP('',(#1063,#1064,#1065,#1066));
#3655=EDGE_LOOP('',(#1067,#1068,#1069,#1070,#1071,#1072,#1073,#1074));
#3656=EDGE_LOOP('',(#1075,#1076,#1077,#1078));
#3657=EDGE_LOOP('',(#1079,#1080,#1081,#1082));
#3658=EDGE_LOOP('',(#1083,#1084,#1085,#1086));
#3659=EDGE_LOOP('',(#1087,#1088,#1089,#1090));
#3660=EDGE_LOOP('',(#1091,#1092,#1093,#1094));
#3661=EDGE_LOOP('',(#1095,#1096,#1097,#1098));
#3662=EDGE_LOOP('',(#1099,#1100,#1101,#1102));
#3663=EDGE_LOOP('',(#1103,#1104,#1105,#1106));
#3664=EDGE_LOOP('',(#1107,#1108,#1109,#1110,#1111,#1112,#1113,#1114));
#3665=EDGE_LOOP('',(#1115,#1116,#1117,#1118));
#3666=EDGE_LOOP('',(#1119,#1120,#1121,#1122));
#3667=EDGE_LOOP('',(#1123,#1124,#1125,#1126));
#3668=EDGE_LOOP('',(#1127,#1128,#1129,#1130));
#3669=EDGE_LOOP('',(#1131,#1132,#1133,#1134));
#3670=EDGE_LOOP('',(#1135,#1136,#1137,#1138));
#3671=EDGE_LOOP('',(#1139,#1140,#1141,#1142));
#3672=EDGE_LOOP('',(#1143,#1144,#1145,#1146));
#3673=EDGE_LOOP('',(#1147,#1148,#1149,#1150));
#3674=EDGE_LOOP('',(#1151,#1152,#1153,#1154));
#3675=EDGE_LOOP('',(#1155,#1156,#1157,#1158));
#3676=EDGE_LOOP('',(#1159,#1160,#1161,#1162));
#3677=EDGE_LOOP('',(#1163,#1164,#1165,#1166));
#3678=EDGE_LOOP('',(#1167,#1168,#1169,#1170));
#3679=EDGE_LOOP('',(#1171,#1172,#1173,#1174));
#3680=EDGE_LOOP('',(#1175,#1176,#1177,#1178));
#3681=EDGE_LOOP('',(#1179,#1180,#1181,#1182));
#3682=EDGE_LOOP('',(#1183,#1184,#1185,#1186));
#3683=EDGE_LOOP('',(#1187,#1188,#1189,#1190));
#3684=EDGE_LOOP('',(#1191,#1192,#1193,#1194));
#3685=EDGE_LOOP('',(#1195,#1196,#1197,#1198,#1199));
#3686=EDGE_LOOP('',(#1200,#1201,#1202,#1203,#1204,#1205,#1206,#1207,#1208,
#1209,#1210,#1211,#1212,#1213,#1214));
#3687=EDGE_LOOP('',(#1215,#1216,#1217,#1218,#1219));
#3688=EDGE_LOOP('',(#1220,#1221,#1222,#1223));
#3689=EDGE_LOOP('',(#1224,#1225,#1226,#1227));
#3690=EDGE_LOOP('',(#1228,#1229,#1230,#1231));
#3691=EDGE_LOOP('',(#1232,#1233,#1234,#1235));
#3692=EDGE_LOOP('',(#1236,#1237,#1238,#1239));
#3693=EDGE_LOOP('',(#1240,#1241,#1242,#1243));
#3694=EDGE_LOOP('',(#1244,#1245,#1246,#1247));
#3695=EDGE_LOOP('',(#1248,#1249,#1250,#1251));
#3696=EDGE_LOOP('',(#1252,#1253,#1254,#1255));
#3697=EDGE_LOOP('',(#1256,#1257,#1258,#1259));
#3698=EDGE_LOOP('',(#1260,#1261,#1262,#1263));
#3699=EDGE_LOOP('',(#1264,#1265,#1266,#1267));
#3700=EDGE_LOOP('',(#1268,#1269,#1270,#1271));
#3701=EDGE_LOOP('',(#1272,#1273,#1274,#1275));
#3702=EDGE_LOOP('',(#1276,#1277,#1278,#1279));
#3703=EDGE_LOOP('',(#1280,#1281,#1282,#1283));
#3704=EDGE_LOOP('',(#1284,#1285,#1286,#1287));
#3705=EDGE_LOOP('',(#1288,#1289,#1290,#1291));
#3706=EDGE_LOOP('',(#1292,#1293,#1294,#1295,#1296,#1297,#1298,#1299));
#3707=EDGE_LOOP('',(#1300,#1301,#1302,#1303,#1304,#1305,#1306,#1307,#1308,
#1309));
#3708=EDGE_LOOP('',(#1310,#1311,#1312,#1313,#1314,#1315,#1316,#1317));
#3709=EDGE_LOOP('',(#1318,#1319,#1320,#1321));
#3710=EDGE_LOOP('',(#1322,#1323,#1324,#1325));
#3711=EDGE_LOOP('',(#1326,#1327,#1328,#1329));
#3712=EDGE_LOOP('',(#1330,#1331,#1332,#1333));
#3713=EDGE_LOOP('',(#1334,#1335,#1336,#1337));
#3714=EDGE_LOOP('',(#1338,#1339,#1340,#1341));
#3715=EDGE_LOOP('',(#1342,#1343,#1344,#1345));
#3716=EDGE_LOOP('',(#1346,#1347,#1348,#1349));
#3717=EDGE_LOOP('',(#1350,#1351,#1352,#1353,#1354,#1355,#1356,#1357));
#3718=EDGE_LOOP('',(#1358,#1359,#1360,#1361));
#3719=EDGE_LOOP('',(#1362,#1363,#1364,#1365));
#3720=EDGE_LOOP('',(#1366,#1367,#1368,#1369));
#3721=EDGE_LOOP('',(#1370,#1371,#1372,#1373));
#3722=EDGE_LOOP('',(#1374,#1375,#1376,#1377));
#3723=EDGE_LOOP('',(#1378,#1379,#1380,#1381));
#3724=EDGE_LOOP('',(#1382,#1383,#1384,#1385));
#3725=EDGE_LOOP('',(#1386,#1387,#1388,#1389));
#3726=EDGE_LOOP('',(#1390,#1391,#1392,#1393));
#3727=EDGE_LOOP('',(#1394,#1395,#1396,#1397));
#3728=EDGE_LOOP('',(#1398,#1399,#1400,#1401));
#3729=EDGE_LOOP('',(#1402,#1403,#1404,#1405));
#3730=EDGE_LOOP('',(#1406,#1407,#1408,#1409));
#3731=EDGE_LOOP('',(#1410,#1411,#1412,#1413));
#3732=EDGE_LOOP('',(#1414,#1415,#1416,#1417,#1418,#1419,#1420,#1421,#1422,
#1423,#1424,#1425,#1426,#1427));
#3733=EDGE_LOOP('',(#1428,#1429,#1430,#1431));
#3734=EDGE_LOOP('',(#1432,#1433,#1434,#1435));
#3735=EDGE_LOOP('',(#1436,#1437,#1438,#1439));
#3736=EDGE_LOOP('',(#1440,#1441,#1442,#1443));
#3737=EDGE_LOOP('',(#1444,#1445,#1446,#1447));
#3738=EDGE_LOOP('',(#1448,#1449,#1450,#1451));
#3739=EDGE_LOOP('',(#1452,#1453,#1454,#1455));
#3740=EDGE_LOOP('',(#1456,#1457,#1458,#1459));
#3741=EDGE_LOOP('',(#1460,#1461,#1462,#1463));
#3742=EDGE_LOOP('',(#1464,#1465,#1466,#1467));
#3743=EDGE_LOOP('',(#1468,#1469,#1470,#1471));
#3744=EDGE_LOOP('',(#1472,#1473,#1474,#1475));
#3745=EDGE_LOOP('',(#1476,#1477,#1478,#1479));
#3746=EDGE_LOOP('',(#1480,#1481,#1482,#1483));
#3747=EDGE_LOOP('',(#1484,#1485,#1486,#1487));
#3748=EDGE_LOOP('',(#1488,#1489,#1490,#1491));
#3749=EDGE_LOOP('',(#1492,#1493,#1494,#1495));
#3750=EDGE_LOOP('',(#1496,#1497,#1498,#1499));
#3751=EDGE_LOOP('',(#1500,#1501,#1502,#1503));
#3752=EDGE_LOOP('',(#1504,#1505,#1506,#1507));
#3753=EDGE_LOOP('',(#1508,#1509,#1510,#1511));
#3754=EDGE_LOOP('',(#1512,#1513,#1514,#1515));
#3755=EDGE_LOOP('',(#1516,#1517,#1518,#1519));
#3756=EDGE_LOOP('',(#1520,#1521,#1522,#1523));
#3757=EDGE_LOOP('',(#1524,#1525,#1526,#1527));
#3758=EDGE_LOOP('',(#1528,#1529,#1530,#1531,#1532,#1533,#1534,#1535,#1536,
#1537,#1538,#1539,#1540,#1541,#1542,#1543,#1544,#1545));
#3759=EDGE_LOOP('',(#1546,#1547,#1548,#1549,#1550,#1551,#1552));
#3760=EDGE_LOOP('',(#1553,#1554,#1555,#1556));
#3761=EDGE_LOOP('',(#1557,#1558,#1559,#1560));
#3762=EDGE_LOOP('',(#1561,#1562,#1563,#1564));
#3763=EDGE_LOOP('',(#1565,#1566,#1567,#1568));
#3764=EDGE_LOOP('',(#1569,#1570,#1571,#1572));
#3765=EDGE_LOOP('',(#1573,#1574,#1575,#1576));
#3766=EDGE_LOOP('',(#1577,#1578,#1579,#1580));
#3767=EDGE_LOOP('',(#1581,#1582,#1583,#1584));
#3768=EDGE_LOOP('',(#1585,#1586,#1587,#1588,#1589,#1590,#1591,#1592));
#3769=EDGE_LOOP('',(#1593,#1594,#1595,#1596));
#3770=EDGE_LOOP('',(#1597,#1598,#1599,#1600));
#3771=EDGE_LOOP('',(#1601,#1602,#1603,#1604));
#3772=EDGE_LOOP('',(#1605,#1606,#1607,#1608));
#3773=EDGE_LOOP('',(#1609,#1610,#1611,#1612));
#3774=EDGE_LOOP('',(#1613,#1614,#1615,#1616));
#3775=EDGE_LOOP('',(#1617,#1618,#1619,#1620));
#3776=EDGE_LOOP('',(#1621,#1622,#1623,#1624));
#3777=EDGE_LOOP('',(#1625,#1626,#1627,#1628));
#3778=EDGE_LOOP('',(#1629,#1630,#1631,#1632));
#3779=EDGE_LOOP('',(#1633,#1634,#1635,#1636));
#3780=EDGE_LOOP('',(#1637,#1638,#1639,#1640));
#3781=EDGE_LOOP('',(#1641,#1642,#1643,#1644));
#3782=EDGE_LOOP('',(#1645,#1646,#1647,#1648));
#3783=EDGE_LOOP('',(#1649,#1650,#1651,#1652,#1653,#1654,#1655,#1656,#1657,
#1658,#1659,#1660,#1661,#1662));
#3784=EDGE_LOOP('',(#1663,#1664,#1665,#1666));
#3785=EDGE_LOOP('',(#1667,#1668,#1669,#1670));
#3786=EDGE_LOOP('',(#1671,#1672,#1673,#1674));
#3787=EDGE_LOOP('',(#1675,#1676,#1677,#1678));
#3788=EDGE_LOOP('',(#1679,#1680,#1681,#1682));
#3789=EDGE_LOOP('',(#1683,#1684,#1685,#1686));
#3790=EDGE_LOOP('',(#1687,#1688,#1689,#1690));
#3791=EDGE_LOOP('',(#1691,#1692,#1693,#1694));
#3792=EDGE_LOOP('',(#1695,#1696,#1697,#1698));
#3793=EDGE_LOOP('',(#1699,#1700,#1701,#1702));
#3794=EDGE_LOOP('',(#1703,#1704,#1705,#1706,#1707));
#3795=EDGE_LOOP('',(#1708,#1709,#1710,#1711));
#3796=EDGE_LOOP('',(#1712,#1713,#1714,#1715));
#3797=EDGE_LOOP('',(#1716,#1717,#1718,#1719));
#3798=EDGE_LOOP('',(#1720,#1721,#1722,#1723));
#3799=EDGE_LOOP('',(#1724,#1725,#1726,#1727));
#3800=EDGE_LOOP('',(#1728,#1729,#1730,#1731));
#3801=EDGE_LOOP('',(#1732,#1733,#1734,#1735));
#3802=EDGE_LOOP('',(#1736,#1737,#1738,#1739));
#3803=EDGE_LOOP('',(#1740,#1741,#1742,#1743,#1744,#1745,#1746,#1747));
#3804=EDGE_LOOP('',(#1748,#1749,#1750,#1751,#1752,#1753,#1754));
#3805=EDGE_LOOP('',(#1755));
#3806=EDGE_LOOP('',(#1756));
#3807=EDGE_LOOP('',(#1757));
#3808=EDGE_LOOP('',(#1758));
#3809=EDGE_LOOP('',(#1759));
#3810=EDGE_LOOP('',(#1760));
#3811=EDGE_LOOP('',(#1761));
#3812=EDGE_LOOP('',(#1762));
#3813=EDGE_LOOP('',(#1763));
#3814=EDGE_LOOP('',(#1764));
#3815=EDGE_LOOP('',(#1765));
#3816=EDGE_LOOP('',(#1766));
#3817=FACE_BOUND('',#3551,.T.);
#3818=FACE_BOUND('',#3552,.T.);
#3819=FACE_BOUND('',#3553,.T.);
#3820=FACE_BOUND('',#3554,.T.);
#3821=FACE_BOUND('',#3555,.T.);
#3822=FACE_BOUND('',#3556,.T.);
#3823=FACE_BOUND('',#3557,.T.);
#3824=FACE_BOUND('',#3558,.T.);
#3825=FACE_BOUND('',#3559,.T.);
#3826=FACE_BOUND('',#3560,.T.);
#3827=FACE_BOUND('',#3561,.T.);
#3828=FACE_BOUND('',#3562,.T.);
#3829=FACE_BOUND('',#3563,.T.);
#3830=FACE_BOUND('',#3564,.T.);
#3831=FACE_BOUND('',#3565,.T.);
#3832=FACE_BOUND('',#3566,.T.);
#3833=FACE_BOUND('',#3567,.T.);
#3834=FACE_BOUND('',#3568,.T.);
#3835=FACE_BOUND('',#3569,.T.);
#3836=FACE_BOUND('',#3570,.T.);
#3837=FACE_BOUND('',#3571,.T.);
#3838=FACE_BOUND('',#3572,.T.);
#3839=FACE_BOUND('',#3573,.T.);
#3840=FACE_BOUND('',#3574,.T.);
#3841=FACE_BOUND('',#3575,.T.);
#3842=FACE_BOUND('',#3576,.T.);
#3843=FACE_BOUND('',#3577,.T.);
#3844=FACE_BOUND('',#3578,.T.);
#3845=FACE_BOUND('',#3579,.T.);
#3846=FACE_BOUND('',#3580,.T.);
#3847=FACE_BOUND('',#3581,.T.);
#3848=FACE_BOUND('',#3582,.T.);
#3849=FACE_BOUND('',#3583,.T.);
#3850=FACE_BOUND('',#3584,.T.);
#3851=FACE_BOUND('',#3585,.T.);
#3852=FACE_BOUND('',#3586,.T.);
#3853=FACE_BOUND('',#3587,.T.);
#3854=FACE_BOUND('',#3588,.T.);
#3855=FACE_BOUND('',#3589,.T.);
#3856=FACE_BOUND('',#3590,.T.);
#3857=FACE_BOUND('',#3591,.T.);
#3858=FACE_BOUND('',#3592,.T.);
#3859=FACE_BOUND('',#3593,.T.);
#3860=FACE_BOUND('',#3594,.T.);
#3861=FACE_BOUND('',#3595,.T.);
#3862=FACE_BOUND('',#3596,.T.);
#3863=FACE_BOUND('',#3597,.T.);
#3864=FACE_BOUND('',#3598,.T.);
#3865=FACE_BOUND('',#3599,.T.);
#3866=FACE_BOUND('',#3600,.T.);
#3867=FACE_BOUND('',#3601,.T.);
#3868=FACE_BOUND('',#3602,.T.);
#3869=FACE_BOUND('',#3603,.T.);
#3870=FACE_BOUND('',#3604,.T.);
#3871=FACE_BOUND('',#3605,.T.);
#3872=FACE_BOUND('',#3606,.T.);
#3873=FACE_BOUND('',#3607,.T.);
#3874=FACE_BOUND('',#3608,.T.);
#3875=FACE_BOUND('',#3609,.T.);
#3876=FACE_BOUND('',#3610,.T.);
#3877=FACE_BOUND('',#3611,.T.);
#3878=FACE_BOUND('',#3612,.T.);
#3879=FACE_BOUND('',#3613,.T.);
#3880=FACE_BOUND('',#3614,.T.);
#3881=FACE_BOUND('',#3615,.T.);
#3882=FACE_BOUND('',#3616,.T.);
#3883=FACE_BOUND('',#3617,.T.);
#3884=FACE_BOUND('',#3618,.T.);
#3885=FACE_BOUND('',#3619,.T.);
#3886=FACE_BOUND('',#3620,.T.);
#3887=FACE_BOUND('',#3621,.T.);
#3888=FACE_BOUND('',#3622,.T.);
#3889=FACE_BOUND('',#3623,.T.);
#3890=FACE_BOUND('',#3624,.T.);
#3891=FACE_BOUND('',#3625,.T.);
#3892=FACE_BOUND('',#3626,.T.);
#3893=FACE_BOUND('',#3627,.T.);
#3894=FACE_BOUND('',#3628,.T.);
#3895=FACE_BOUND('',#3629,.T.);
#3896=FACE_BOUND('',#3630,.T.);
#3897=FACE_BOUND('',#3631,.T.);
#3898=FACE_BOUND('',#3632,.T.);
#3899=FACE_BOUND('',#3633,.T.);
#3900=FACE_BOUND('',#3634,.T.);
#3901=FACE_BOUND('',#3635,.T.);
#3902=FACE_BOUND('',#3636,.T.);
#3903=FACE_BOUND('',#3637,.T.);
#3904=FACE_BOUND('',#3638,.T.);
#3905=FACE_BOUND('',#3639,.T.);
#3906=FACE_BOUND('',#3640,.T.);
#3907=FACE_BOUND('',#3641,.T.);
#3908=FACE_BOUND('',#3642,.T.);
#3909=FACE_BOUND('',#3643,.T.);
#3910=FACE_BOUND('',#3644,.T.);
#3911=FACE_BOUND('',#3645,.T.);
#3912=FACE_BOUND('',#3646,.T.);
#3913=FACE_BOUND('',#3647,.T.);
#3914=FACE_BOUND('',#3648,.T.);
#3915=FACE_BOUND('',#3649,.T.);
#3916=FACE_BOUND('',#3650,.T.);
#3917=FACE_BOUND('',#3651,.T.);
#3918=FACE_BOUND('',#3652,.T.);
#3919=FACE_BOUND('',#3653,.T.);
#3920=FACE_BOUND('',#3654,.T.);
#3921=FACE_BOUND('',#3655,.T.);
#3922=FACE_BOUND('',#3656,.T.);
#3923=FACE_BOUND('',#3657,.T.);
#3924=FACE_BOUND('',#3658,.T.);
#3925=FACE_BOUND('',#3659,.T.);
#3926=FACE_BOUND('',#3660,.T.);
#3927=FACE_BOUND('',#3661,.T.);
#3928=FACE_BOUND('',#3662,.T.);
#3929=FACE_BOUND('',#3663,.T.);
#3930=FACE_BOUND('',#3664,.T.);
#3931=FACE_BOUND('',#3665,.T.);
#3932=FACE_BOUND('',#3666,.T.);
#3933=FACE_BOUND('',#3667,.T.);
#3934=FACE_BOUND('',#3668,.T.);
#3935=FACE_BOUND('',#3669,.T.);
#3936=FACE_BOUND('',#3670,.T.);
#3937=FACE_BOUND('',#3671,.T.);
#3938=FACE_BOUND('',#3672,.T.);
#3939=FACE_BOUND('',#3673,.T.);
#3940=FACE_BOUND('',#3674,.T.);
#3941=FACE_BOUND('',#3675,.T.);
#3942=FACE_BOUND('',#3676,.T.);
#3943=FACE_BOUND('',#3677,.T.);
#3944=FACE_BOUND('',#3678,.T.);
#3945=FACE_BOUND('',#3679,.T.);
#3946=FACE_BOUND('',#3680,.T.);
#3947=FACE_BOUND('',#3681,.T.);
#3948=FACE_BOUND('',#3682,.T.);
#3949=FACE_BOUND('',#3683,.T.);
#3950=FACE_BOUND('',#3684,.T.);
#3951=FACE_BOUND('',#3685,.T.);
#3952=FACE_BOUND('',#3686,.T.);
#3953=FACE_BOUND('',#3687,.T.);
#3954=FACE_BOUND('',#3688,.T.);
#3955=FACE_BOUND('',#3689,.T.);
#3956=FACE_BOUND('',#3690,.T.);
#3957=FACE_BOUND('',#3691,.T.);
#3958=FACE_BOUND('',#3692,.T.);
#3959=FACE_BOUND('',#3693,.T.);
#3960=FACE_BOUND('',#3694,.T.);
#3961=FACE_BOUND('',#3695,.T.);
#3962=FACE_BOUND('',#3696,.T.);
#3963=FACE_BOUND('',#3697,.T.);
#3964=FACE_BOUND('',#3698,.T.);
#3965=FACE_BOUND('',#3699,.T.);
#3966=FACE_BOUND('',#3700,.T.);
#3967=FACE_BOUND('',#3701,.T.);
#3968=FACE_BOUND('',#3702,.T.);
#3969=FACE_BOUND('',#3703,.T.);
#3970=FACE_BOUND('',#3704,.T.);
#3971=FACE_BOUND('',#3705,.T.);
#3972=FACE_BOUND('',#3706,.T.);
#3973=FACE_BOUND('',#3707,.T.);
#3974=FACE_BOUND('',#3708,.T.);
#3975=FACE_BOUND('',#3709,.T.);
#3976=FACE_BOUND('',#3710,.T.);
#3977=FACE_BOUND('',#3711,.T.);
#3978=FACE_BOUND('',#3712,.T.);
#3979=FACE_BOUND('',#3713,.T.);
#3980=FACE_BOUND('',#3714,.T.);
#3981=FACE_BOUND('',#3715,.T.);
#3982=FACE_BOUND('',#3716,.T.);
#3983=FACE_BOUND('',#3717,.T.);
#3984=FACE_BOUND('',#3718,.T.);
#3985=FACE_BOUND('',#3719,.T.);
#3986=FACE_BOUND('',#3720,.T.);
#3987=FACE_BOUND('',#3721,.T.);
#3988=FACE_BOUND('',#3722,.T.);
#3989=FACE_BOUND('',#3723,.T.);
#3990=FACE_BOUND('',#3724,.T.);
#3991=FACE_BOUND('',#3725,.T.);
#3992=FACE_BOUND('',#3726,.T.);
#3993=FACE_BOUND('',#3727,.T.);
#3994=FACE_BOUND('',#3728,.T.);
#3995=FACE_BOUND('',#3729,.T.);
#3996=FACE_BOUND('',#3730,.T.);
#3997=FACE_BOUND('',#3731,.T.);
#3998=FACE_BOUND('',#3732,.T.);
#3999=FACE_BOUND('',#3733,.T.);
#4000=FACE_BOUND('',#3734,.T.);
#4001=FACE_BOUND('',#3735,.T.);
#4002=FACE_BOUND('',#3736,.T.);
#4003=FACE_BOUND('',#3737,.T.);
#4004=FACE_BOUND('',#3738,.T.);
#4005=FACE_BOUND('',#3739,.T.);
#4006=FACE_BOUND('',#3740,.T.);
#4007=FACE_BOUND('',#3741,.T.);
#4008=FACE_BOUND('',#3742,.T.);
#4009=FACE_BOUND('',#3743,.T.);
#4010=FACE_BOUND('',#3744,.T.);
#4011=FACE_BOUND('',#3745,.T.);
#4012=FACE_BOUND('',#3746,.T.);
#4013=FACE_BOUND('',#3747,.T.);
#4014=FACE_BOUND('',#3748,.T.);
#4015=FACE_BOUND('',#3749,.T.);
#4016=FACE_BOUND('',#3750,.T.);
#4017=FACE_BOUND('',#3751,.T.);
#4018=FACE_BOUND('',#3752,.T.);
#4019=FACE_BOUND('',#3753,.T.);
#4020=FACE_BOUND('',#3754,.T.);
#4021=FACE_BOUND('',#3755,.T.);
#4022=FACE_BOUND('',#3756,.T.);
#4023=FACE_BOUND('',#3757,.T.);
#4024=FACE_BOUND('',#3758,.T.);
#4025=FACE_BOUND('',#3759,.T.);
#4026=FACE_BOUND('',#3760,.T.);
#4027=FACE_BOUND('',#3761,.T.);
#4028=FACE_BOUND('',#3762,.T.);
#4029=FACE_BOUND('',#3763,.T.);
#4030=FACE_BOUND('',#3764,.T.);
#4031=FACE_BOUND('',#3765,.T.);
#4032=FACE_BOUND('',#3766,.T.);
#4033=FACE_BOUND('',#3767,.T.);
#4034=FACE_BOUND('',#3768,.T.);
#4035=FACE_BOUND('',#3769,.T.);
#4036=FACE_BOUND('',#3770,.T.);
#4037=FACE_BOUND('',#3771,.T.);
#4038=FACE_BOUND('',#3772,.T.);
#4039=FACE_BOUND('',#3773,.T.);
#4040=FACE_BOUND('',#3774,.T.);
#4041=FACE_BOUND('',#3775,.T.);
#4042=FACE_BOUND('',#3776,.T.);
#4043=FACE_BOUND('',#3777,.T.);
#4044=FACE_BOUND('',#3778,.T.);
#4045=FACE_BOUND('',#3779,.T.);
#4046=FACE_BOUND('',#3780,.T.);
#4047=FACE_BOUND('',#3781,.T.);
#4048=FACE_BOUND('',#3782,.T.);
#4049=FACE_BOUND('',#3783,.T.);
#4050=FACE_BOUND('',#3784,.T.);
#4051=FACE_BOUND('',#3785,.T.);
#4052=FACE_BOUND('',#3786,.T.);
#4053=FACE_BOUND('',#3787,.T.);
#4054=FACE_BOUND('',#3788,.T.);
#4055=FACE_BOUND('',#3789,.T.);
#4056=FACE_BOUND('',#3790,.T.);
#4057=FACE_BOUND('',#3791,.T.);
#4058=FACE_BOUND('',#3792,.T.);
#4059=FACE_BOUND('',#3793,.T.);
#4060=FACE_BOUND('',#3794,.T.);
#4061=FACE_BOUND('',#3795,.T.);
#4062=FACE_BOUND('',#3796,.T.);
#4063=FACE_BOUND('',#3797,.T.);
#4064=FACE_BOUND('',#3798,.T.);
#4065=FACE_BOUND('',#3799,.T.);
#4066=FACE_BOUND('',#3800,.T.);
#4067=FACE_BOUND('',#3801,.T.);
#4068=FACE_BOUND('',#3802,.T.);
#4069=FACE_BOUND('',#3803,.T.);
#4070=FACE_BOUND('',#3804,.T.);
#4071=FACE_BOUND('',#3805,.T.);
#4072=FACE_BOUND('',#3806,.T.);
#4073=FACE_BOUND('',#3807,.T.);
#4074=FACE_BOUND('',#3808,.T.);
#4075=FACE_BOUND('',#3809,.T.);
#4076=FACE_BOUND('',#3810,.T.);
#4077=FACE_BOUND('',#3811,.T.);
#4078=FACE_BOUND('',#3812,.T.);
#4079=FACE_BOUND('',#3813,.T.);
#4080=FACE_BOUND('',#3814,.T.);
#4081=FACE_BOUND('',#3815,.T.);
#4082=FACE_BOUND('',#3816,.T.);
#4083=PLANE('',#5318);
#4084=PLANE('',#5332);
#4085=PLANE('',#5379);
#4086=PLANE('',#5382);
#4087=PLANE('',#5385);
#4088=PLANE('',#5388);
#4089=PLANE('',#5389);
#4090=PLANE('',#5392);
#4091=PLANE('',#5395);
#4092=PLANE('',#5398);
#4093=PLANE('',#5401);
#4094=PLANE('',#5402);
#4095=PLANE('',#5405);
#4096=PLANE('',#5408);
#4097=PLANE('',#5411);
#4098=PLANE('',#5414);
#4099=PLANE('',#5415);
#4100=PLANE('',#5418);
#4101=PLANE('',#5421);
#4102=PLANE('',#5424);
#4103=PLANE('',#5427);
#4104=PLANE('',#5428);
#4105=PLANE('',#5431);
#4106=PLANE('',#5434);
#4107=PLANE('',#5437);
#4108=PLANE('',#5440);
#4109=PLANE('',#5441);
#4110=PLANE('',#5444);
#4111=PLANE('',#5447);
#4112=PLANE('',#5450);
#4113=PLANE('',#5453);
#4114=PLANE('',#5454);
#4115=PLANE('',#5457);
#4116=PLANE('',#5460);
#4117=PLANE('',#5463);
#4118=PLANE('',#5466);
#4119=PLANE('',#5467);
#4120=PLANE('',#5470);
#4121=PLANE('',#5473);
#4122=PLANE('',#5476);
#4123=PLANE('',#5479);
#4124=PLANE('',#5480);
#4125=PLANE('',#5483);
#4126=PLANE('',#5486);
#4127=PLANE('',#5489);
#4128=PLANE('',#5492);
#4129=PLANE('',#5493);
#4130=PLANE('',#5496);
#4131=PLANE('',#5499);
#4132=PLANE('',#5502);
#4133=PLANE('',#5505);
#4134=PLANE('',#5508);
#4135=PLANE('',#5513);
#4136=PLANE('',#5514);
#4137=PLANE('',#5515);
#4138=PLANE('',#5516);
#4139=PLANE('',#5517);
#4140=PLANE('',#5518);
#4141=PLANE('',#5519);
#4142=PLANE('',#5520);
#4143=PLANE('',#5521);
#4144=PLANE('',#5522);
#4145=PLANE('',#5523);
#4146=PLANE('',#5524);
#4147=PLANE('',#5525);
#4148=PLANE('',#5526);
#4149=PLANE('',#5527);
#4150=PLANE('',#5528);
#4151=PLANE('',#5531);
#4152=PLANE('',#5540);
#4153=PLANE('',#5541);
#4154=PLANE('',#5542);
#4155=PLANE('',#5543);
#4156=PLANE('',#5544);
#4157=PLANE('',#5545);
#4158=PLANE('',#5546);
#4159=PLANE('',#5547);
#4160=PLANE('',#5548);
#4161=PLANE('',#5549);
#4162=PLANE('',#5550);
#4163=PLANE('',#5551);
#4164=PLANE('',#5552);
#4165=PLANE('',#5553);
#4166=PLANE('',#5554);
#4167=PLANE('',#5555);
#4168=PLANE('',#5556);
#4169=PLANE('',#5557);
#4170=PLANE('',#5558);
#4171=PLANE('',#5559);
#4172=PLANE('',#5560);
#4173=PLANE('',#5563);
#4174=PLANE('',#5572);
#4175=PLANE('',#5573);
#4176=PLANE('',#5574);
#4177=PLANE('',#5575);
#4178=PLANE('',#5576);
#4179=PLANE('',#5577);
#4180=PLANE('',#5578);
#4181=PLANE('',#5579);
#4182=PLANE('',#5580);
#4183=PLANE('',#5581);
#4184=PLANE('',#5582);
#4185=PLANE('',#5583);
#4186=PLANE('',#5584);
#4187=PLANE('',#5585);
#4188=PLANE('',#5586);
#4189=PLANE('',#5587);
#4190=PLANE('',#5588);
#4191=PLANE('',#5589);
#4192=PLANE('',#5592);
#4193=PLANE('',#5595);
#4194=PLANE('',#5598);
#4195=PLANE('',#5601);
#4196=ADVANCED_FACE('',(#3817,#3818,#3819,#3820,#3821,#3822,#3823,#3824,
#3825,#3826,#3827),#4083,.F.);
#4197=ADVANCED_FACE('Face appearance 4',(#3828,#3829,#3830,#3831,#3832,
#3833,#3834,#3835,#3836,#3837,#3838,#3839,#3840,#3841),#4084,.T.);
#4198=ADVANCED_FACE('',(#3842),#79,.T.);
#4199=ADVANCED_FACE('',(#3843),#4085,.T.);
#4200=ADVANCED_FACE('',(#3844),#80,.T.);
#4201=ADVANCED_FACE('',(#3845),#4086,.T.);
#4202=ADVANCED_FACE('',(#3846),#81,.T.);
#4203=ADVANCED_FACE('',(#3847),#4087,.F.);
#4204=ADVANCED_FACE('',(#3848),#82,.T.);
#4205=ADVANCED_FACE('Face appearance 2',(#3849),#4088,.F.);
#4206=ADVANCED_FACE('',(#3850),#4089,.F.);
#4207=ADVANCED_FACE('',(#3851),#83,.F.);
#4208=ADVANCED_FACE('',(#3852),#4090,.T.);
#4209=ADVANCED_FACE('',(#3853),#84,.F.);
#4210=ADVANCED_FACE('',(#3854),#4091,.T.);
#4211=ADVANCED_FACE('',(#3855),#85,.F.);
#4212=ADVANCED_FACE('',(#3856),#4092,.F.);
#4213=ADVANCED_FACE('',(#3857),#86,.F.);
#4214=ADVANCED_FACE('Face appearance 1',(#3858),#4093,.T.);
#4215=ADVANCED_FACE('',(#3859),#4094,.F.);
#4216=ADVANCED_FACE('',(#3860),#87,.F.);
#4217=ADVANCED_FACE('',(#3861),#4095,.F.);
#4218=ADVANCED_FACE('',(#3862),#88,.F.);
#4219=ADVANCED_FACE('',(#3863),#4096,.T.);
#4220=ADVANCED_FACE('',(#3864),#89,.F.);
#4221=ADVANCED_FACE('',(#3865),#4097,.T.);
#4222=ADVANCED_FACE('',(#3866),#90,.F.);
#4223=ADVANCED_FACE('Face appearance 1',(#3867),#4098,.T.);
#4224=ADVANCED_FACE('',(#3868),#4099,.T.);
#4225=ADVANCED_FACE('',(#3869),#91,.F.);
#4226=ADVANCED_FACE('',(#3870),#4100,.T.);
#4227=ADVANCED_FACE('',(#3871),#92,.F.);
#4228=ADVANCED_FACE('',(#3872),#4101,.F.);
#4229=ADVANCED_FACE('',(#3873),#93,.F.);
#4230=ADVANCED_FACE('',(#3874),#4102,.F.);
#4231=ADVANCED_FACE('',(#3875),#94,.F.);
#4232=ADVANCED_FACE('Face appearance 1',(#3876),#4103,.T.);
#4233=ADVANCED_FACE('',(#3877),#4104,.T.);
#4234=ADVANCED_FACE('',(#3878),#95,.F.);
#4235=ADVANCED_FACE('',(#3879),#4105,.F.);
#4236=ADVANCED_FACE('',(#3880),#96,.F.);
#4237=ADVANCED_FACE('',(#3881),#4106,.F.);
#4238=ADVANCED_FACE('',(#3882),#97,.F.);
#4239=ADVANCED_FACE('',(#3883),#4107,.T.);
#4240=ADVANCED_FACE('',(#3884),#98,.F.);
#4241=ADVANCED_FACE('Face appearance 1',(#3885),#4108,.T.);
#4242=ADVANCED_FACE('',(#3886),#4109,.T.);
#4243=ADVANCED_FACE('',(#3887),#99,.F.);
#4244=ADVANCED_FACE('',(#3888),#4110,.F.);
#4245=ADVANCED_FACE('',(#3889),#100,.F.);
#4246=ADVANCED_FACE('',(#3890),#4111,.F.);
#4247=ADVANCED_FACE('',(#3891),#101,.F.);
#4248=ADVANCED_FACE('',(#3892),#4112,.T.);
#4249=ADVANCED_FACE('',(#3893),#102,.F.);
#4250=ADVANCED_FACE('Face appearance 1',(#3894),#4113,.T.);
#4251=ADVANCED_FACE('',(#3895),#4114,.T.);
#4252=ADVANCED_FACE('',(#3896),#103,.F.);
#4253=ADVANCED_FACE('',(#3897),#4115,.T.);
#4254=ADVANCED_FACE('',(#3898),#104,.F.);
#4255=ADVANCED_FACE('',(#3899),#4116,.F.);
#4256=ADVANCED_FACE('',(#3900),#105,.F.);
#4257=ADVANCED_FACE('',(#3901),#4117,.F.);
#4258=ADVANCED_FACE('',(#3902),#106,.F.);
#4259=ADVANCED_FACE('Face appearance 1',(#3903),#4118,.T.);
#4260=ADVANCED_FACE('',(#3904),#4119,.F.);
#4261=ADVANCED_FACE('',(#3905),#107,.F.);
#4262=ADVANCED_FACE('',(#3906),#4120,.F.);
#4263=ADVANCED_FACE('',(#3907),#108,.F.);
#4264=ADVANCED_FACE('',(#3908),#4121,.T.);
#4265=ADVANCED_FACE('',(#3909),#109,.F.);
#4266=ADVANCED_FACE('',(#3910),#4122,.T.);
#4267=ADVANCED_FACE('',(#3911),#110,.F.);
#4268=ADVANCED_FACE('Face appearance 1',(#3912),#4123,.T.);
#4269=ADVANCED_FACE('',(#3913),#4124,.T.);
#4270=ADVANCED_FACE('',(#3914),#111,.F.);
#4271=ADVANCED_FACE('',(#3915),#4125,.T.);
#4272=ADVANCED_FACE('',(#3916),#112,.F.);
#4273=ADVANCED_FACE('',(#3917),#4126,.F.);
#4274=ADVANCED_FACE('',(#3918),#113,.F.);
#4275=ADVANCED_FACE('',(#3919),#4127,.F.);
#4276=ADVANCED_FACE('',(#3920),#114,.F.);
#4277=ADVANCED_FACE('Face appearance 1',(#3921),#4128,.T.);
#4278=ADVANCED_FACE('',(#3922),#4129,.F.);
#4279=ADVANCED_FACE('',(#3923),#115,.F.);
#4280=ADVANCED_FACE('',(#3924),#4130,.T.);
#4281=ADVANCED_FACE('',(#3925),#116,.F.);
#4282=ADVANCED_FACE('',(#3926),#4131,.T.);
#4283=ADVANCED_FACE('',(#3927),#117,.F.);
#4284=ADVANCED_FACE('',(#3928),#4132,.F.);
#4285=ADVANCED_FACE('',(#3929),#118,.F.);
#4286=ADVANCED_FACE('Face appearance 1',(#3930),#4133,.T.);
#4287=ADVANCED_FACE('Face appearance 6',(#3931),#12,.T.);
#4288=ADVANCED_FACE('Face appearance 6',(#3932),#13,.T.);
#4289=ADVANCED_FACE('Face appearance 6',(#3933),#119,.T.);
#4290=ADVANCED_FACE('Face appearance 6',(#3934),#4134,.T.);
#4291=ADVANCED_FACE('Face appearance 6',(#3935),#120,.F.);
#4292=ADVANCED_FACE('Face appearance 6',(#3936),#121,.F.);
#4293=ADVANCED_FACE('Face appearance 6',(#3937),#14,.T.);
#4294=ADVANCED_FACE('Face appearance 6',(#3938),#15,.T.);
#4295=ADVANCED_FACE('Face appearance 6',(#3939),#4135,.T.);
#4296=ADVANCED_FACE('Face appearance 6',(#3940),#4136,.T.);
#4297=ADVANCED_FACE('Face appearance 6',(#3941),#16,.T.);
#4298=ADVANCED_FACE('Face appearance 6',(#3942),#17,.T.);
#4299=ADVANCED_FACE('Face appearance 6',(#3943),#18,.T.);
#4300=ADVANCED_FACE('Face appearance 6',(#3944),#19,.T.);
#4301=ADVANCED_FACE('Face appearance 6',(#3945),#20,.T.);
#4302=ADVANCED_FACE('Face appearance 6',(#3946),#21,.T.);
#4303=ADVANCED_FACE('Face appearance 6',(#3947),#22,.T.);
#4304=ADVANCED_FACE('Face appearance 6',(#3948),#4137,.T.);
#4305=ADVANCED_FACE('Face appearance 6',(#3949),#23,.T.);
#4306=ADVANCED_FACE('Face appearance 6',(#3950),#24,.T.);
#4307=ADVANCED_FACE('Face appearance 6',(#3951,#3952),#4138,.T.);
#4308=ADVANCED_FACE('',(#3953),#4139,.F.);
#4309=ADVANCED_FACE('Face appearance 6',(#3954),#25,.T.);
#4310=ADVANCED_FACE('Face appearance 6',(#3955),#26,.T.);
#4311=ADVANCED_FACE('Face appearance 6',(#3956),#27,.T.);
#4312=ADVANCED_FACE('Face appearance 6',(#3957),#28,.T.);
#4313=ADVANCED_FACE('Face appearance 6',(#3958),#29,.T.);
#4314=ADVANCED_FACE('Face appearance 6',(#3959),#30,.T.);
#4315=ADVANCED_FACE('Face appearance 6',(#3960),#31,.T.);
#4316=ADVANCED_FACE('Face appearance 6',(#3961),#32,.T.);
#4317=ADVANCED_FACE('Face appearance 6',(#3962),#33,.T.);
#4318=ADVANCED_FACE('Face appearance 6',(#3963),#34,.T.);
#4319=ADVANCED_FACE('Face appearance 6',(#3964),#35,.T.);
#4320=ADVANCED_FACE('Face appearance 6',(#3965),#36,.T.);
#4321=ADVANCED_FACE('Face appearance 6',(#3966),#37,.T.);
#4322=ADVANCED_FACE('Face appearance 6',(#3967),#38,.T.);
#4323=ADVANCED_FACE('Face appearance 6',(#3968),#39,.T.);
#4324=ADVANCED_FACE('Face appearance 6',(#3969),#40,.T.);
#4325=ADVANCED_FACE('Face appearance 6',(#3970),#41,.T.);
#4326=ADVANCED_FACE('Face appearance 6',(#3971),#42,.T.);
#4327=ADVANCED_FACE('Face appearance 6',(#3972,#3973),#4140,.T.);
#4328=ADVANCED_FACE('',(#3974),#4141,.F.);
#4329=ADVANCED_FACE('Face appearance 6',(#3975),#4142,.T.);
#4330=ADVANCED_FACE('Face appearance 6',(#3976),#4143,.T.);
#4331=ADVANCED_FACE('Face appearance 6',(#3977),#4144,.T.);
#4332=ADVANCED_FACE('Face appearance 6',(#3978),#4145,.T.);
#4333=ADVANCED_FACE('Face appearance 6',(#3979),#4146,.T.);
#4334=ADVANCED_FACE('Face appearance 6',(#3980),#4147,.T.);
#4335=ADVANCED_FACE('Face appearance 6',(#3981),#4148,.T.);
#4336=ADVANCED_FACE('Face appearance 6',(#3982),#4149,.T.);
#4337=ADVANCED_FACE('Face appearance 6',(#3983),#4150,.T.);
#4338=ADVANCED_FACE('Face appearance 6',(#3984),#43,.T.);
#4339=ADVANCED_FACE('Face appearance 6',(#3985),#44,.T.);
#4340=ADVANCED_FACE('Face appearance 6',(#3986),#122,.T.);
#4341=ADVANCED_FACE('Face appearance 6',(#3987),#4151,.T.);
#4342=ADVANCED_FACE('Face appearance 6',(#3988),#123,.F.);
#4343=ADVANCED_FACE('Face appearance 6',(#3989),#124,.F.);
#4344=ADVANCED_FACE('Face appearance 6',(#3990),#45,.T.);
#4345=ADVANCED_FACE('Face appearance 6',(#3991),#46,.T.);
#4346=ADVANCED_FACE('Face appearance 6',(#3992),#125,.F.);
#4347=ADVANCED_FACE('Face appearance 6',(#3993),#126,.F.);
#4348=ADVANCED_FACE('Face appearance 6',(#3994),#4152,.T.);
#4349=ADVANCED_FACE('Face appearance 6',(#3995),#47,.T.);
#4350=ADVANCED_FACE('Face appearance 6',(#3996),#48,.T.);
#4351=ADVANCED_FACE('Face appearance 6',(#3997),#49,.T.);
#4352=ADVANCED_FACE('Face appearance 6',(#3998),#4153,.T.);
#4353=ADVANCED_FACE('Face appearance 6',(#3999),#4154,.T.);
#4354=ADVANCED_FACE('Face appearance 6',(#4000),#4155,.T.);
#4355=ADVANCED_FACE('Face appearance 6',(#4001),#50,.T.);
#4356=ADVANCED_FACE('Face appearance 6',(#4002),#51,.T.);
#4357=ADVANCED_FACE('Face appearance 6',(#4003),#52,.T.);
#4358=ADVANCED_FACE('Face appearance 6',(#4004),#53,.T.);
#4359=ADVANCED_FACE('Face appearance 6',(#4005),#4156,.T.);
#4360=ADVANCED_FACE('Face appearance 6',(#4006),#4157,.T.);
#4361=ADVANCED_FACE('Face appearance 6',(#4007),#4158,.T.);
#4362=ADVANCED_FACE('Face appearance 6',(#4008),#54,.T.);
#4363=ADVANCED_FACE('Face appearance 6',(#4009),#55,.T.);
#4364=ADVANCED_FACE('Face appearance 6',(#4010),#56,.T.);
#4365=ADVANCED_FACE('Face appearance 6',(#4011),#4159,.T.);
#4366=ADVANCED_FACE('Face appearance 6',(#4012),#57,.T.);
#4367=ADVANCED_FACE('Face appearance 6',(#4013),#58,.T.);
#4368=ADVANCED_FACE('Face appearance 6',(#4014),#4160,.T.);
#4369=ADVANCED_FACE('Face appearance 6',(#4015),#4161,.T.);
#4370=ADVANCED_FACE('Face appearance 6',(#4016),#59,.T.);
#4371=ADVANCED_FACE('Face appearance 6',(#4017),#60,.T.);
#4372=ADVANCED_FACE('Face appearance 6',(#4018),#61,.T.);
#4373=ADVANCED_FACE('Face appearance 6',(#4019),#62,.T.);
#4374=ADVANCED_FACE('Face appearance 6',(#4020),#63,.T.);
#4375=ADVANCED_FACE('Face appearance 6',(#4021),#64,.T.);
#4376=ADVANCED_FACE('Face appearance 6',(#4022),#4162,.T.);
#4377=ADVANCED_FACE('Face appearance 6',(#4023),#65,.T.);
#4378=ADVANCED_FACE('Face appearance 6',(#4024,#4025),#4163,.T.);
#4379=ADVANCED_FACE('Face appearance 6',(#4026),#4164,.T.);
#4380=ADVANCED_FACE('Face appearance 6',(#4027),#4165,.T.);
#4381=ADVANCED_FACE('Face appearance 6',(#4028),#4166,.T.);
#4382=ADVANCED_FACE('Face appearance 6',(#4029),#4167,.T.);
#4383=ADVANCED_FACE('Face appearance 6',(#4030),#4168,.T.);
#4384=ADVANCED_FACE('Face appearance 6',(#4031),#4169,.T.);
#4385=ADVANCED_FACE('Face appearance 6',(#4032),#4170,.T.);
#4386=ADVANCED_FACE('Face appearance 6',(#4033),#4171,.T.);
#4387=ADVANCED_FACE('Face appearance 6',(#4034),#4172,.T.);
#4388=ADVANCED_FACE('Face appearance 6',(#4035),#66,.T.);
#4389=ADVANCED_FACE('Face appearance 6',(#4036),#67,.T.);
#4390=ADVANCED_FACE('Face appearance 6',(#4037),#127,.T.);
#4391=ADVANCED_FACE('Face appearance 6',(#4038),#4173,.T.);
#4392=ADVANCED_FACE('Face appearance 6',(#4039),#128,.F.);
#4393=ADVANCED_FACE('Face appearance 6',(#4040),#129,.F.);
#4394=ADVANCED_FACE('Face appearance 6',(#4041),#68,.T.);
#4395=ADVANCED_FACE('Face appearance 6',(#4042),#69,.T.);
#4396=ADVANCED_FACE('Face appearance 6',(#4043),#130,.F.);
#4397=ADVANCED_FACE('Face appearance 6',(#4044),#131,.F.);
#4398=ADVANCED_FACE('Face appearance 6',(#4045),#4174,.T.);
#4399=ADVANCED_FACE('Face appearance 6',(#4046),#70,.T.);
#4400=ADVANCED_FACE('Face appearance 6',(#4047),#71,.T.);
#4401=ADVANCED_FACE('Face appearance 6',(#4048),#72,.T.);
#4402=ADVANCED_FACE('Face appearance 6',(#4049),#4175,.T.);
#4403=ADVANCED_FACE('Face appearance 6',(#4050),#4176,.T.);
#4404=ADVANCED_FACE('Face appearance 6',(#4051),#4177,.T.);
#4405=ADVANCED_FACE('Face appearance 6',(#4052),#4178,.T.);
#4406=ADVANCED_FACE('Face appearance 6',(#4053),#4179,.T.);
#4407=ADVANCED_FACE('Face appearance 6',(#4054),#4180,.T.);
#4408=ADVANCED_FACE('Face appearance 6',(#4055),#73,.T.);
#4409=ADVANCED_FACE('Face appearance 6',(#4056),#74,.T.);
#4410=ADVANCED_FACE('Face appearance 6',(#4057),#75,.T.);
#4411=ADVANCED_FACE('Face appearance 6',(#4058),#76,.T.);
#4412=ADVANCED_FACE('Face appearance 6',(#4059),#77,.T.);
#4413=ADVANCED_FACE('Face appearance 6',(#4060),#4181,.T.);
#4414=ADVANCED_FACE('Face appearance 6',(#4061),#4182,.T.);
#4415=ADVANCED_FACE('Face appearance 6',(#4062),#4183,.T.);
#4416=ADVANCED_FACE('Face appearance 6',(#4063),#4184,.T.);
#4417=ADVANCED_FACE('Face appearance 6',(#4064),#4185,.T.);
#4418=ADVANCED_FACE('Face appearance 6',(#4065),#4186,.T.);
#4419=ADVANCED_FACE('Face appearance 6',(#4066),#4187,.T.);
#4420=ADVANCED_FACE('Face appearance 6',(#4067),#4188,.T.);
#4421=ADVANCED_FACE('Face appearance 6',(#4068),#4189,.T.);
#4422=ADVANCED_FACE('Face appearance 6',(#4069),#4190,.T.);
#4423=ADVANCED_FACE('',(#4070),#4191,.F.);
#4424=ADVANCED_FACE('',(#4071,#4072),#132,.F.);
#4425=ADVANCED_FACE('',(#4073),#4192,.T.);
#4426=ADVANCED_FACE('',(#4074,#4075),#133,.F.);
#4427=ADVANCED_FACE('',(#4076),#4193,.T.);
#4428=ADVANCED_FACE('',(#4077,#4078),#134,.F.);
#4429=ADVANCED_FACE('',(#4079),#4194,.T.);
#4430=ADVANCED_FACE('',(#4080,#4081),#135,.F.);
#4431=ADVANCED_FACE('',(#4082),#4195,.T.);
#4432=CLOSED_SHELL('',(#4196,#4197,#4198,#4199,#4200,#4201,#4202,#4203,
#4204,#4205,#4206,#4207,#4208,#4209,#4210,#4211,#4212,#4213,#4214,#4215,
#4216,#4217,#4218,#4219,#4220,#4221,#4222,#4223,#4224,#4225,#4226,#4227,
#4228,#4229,#4230,#4231,#4232,#4233,#4234,#4235,#4236,#4237,#4238,#4239,
#4240,#4241,#4242,#4243,#4244,#4245,#4246,#4247,#4248,#4249,#4250,#4251,
#4252,#4253,#4254,#4255,#4256,#4257,#4258,#4259,#4260,#4261,#4262,#4263,
#4264,#4265,#4266,#4267,#4268,#4269,#4270,#4271,#4272,#4273,#4274,#4275,
#4276,#4277,#4278,#4279,#4280,#4281,#4282,#4283,#4284,#4285,#4286,#4287,
#4288,#4289,#4290,#4291,#4292,#4293,#4294,#4295,#4296,#4297,#4298,#4299,
#4300,#4301,#4302,#4303,#4304,#4305,#4306,#4307,#4308,#4309,#4310,#4311,
#4312,#4313,#4314,#4315,#4316,#4317,#4318,#4319,#4320,#4321,#4322,#4323,
#4324,#4325,#4326,#4327,#4328,#4329,#4330,#4331,#4332,#4333,#4334,#4335,
#4336,#4337,#4338,#4339,#4340,#4341,#4342,#4343,#4344,#4345,#4346,#4347,
#4348,#4349,#4350,#4351,#4352,#4353,#4354,#4355,#4356,#4357,#4358,#4359,
#4360,#4361,#4362,#4363,#4364,#4365,#4366,#4367,#4368,#4369,#4370,#4371,
#4372,#4373,#4374,#4375,#4376,#4377,#4378,#4379,#4380,#4381,#4382,#4383,
#4384,#4385,#4386,#4387,#4388,#4389,#4390,#4391,#4392,#4393,#4394,#4395,
#4396,#4397,#4398,#4399,#4400,#4401,#4402,#4403,#4404,#4405,#4406,#4407,
#4408,#4409,#4410,#4411,#4412,#4413,#4414,#4415,#4416,#4417,#4418,#4419,
#4420,#4421,#4422,#4423,#4424,#4425,#4426,#4427,#4428,#4429,#4430,#4431));
#4433=STYLED_ITEM('',(#4434),#5314);
#4434=PRESENTATION_STYLE_ASSIGNMENT((#4580));
#4435=PRESENTATION_STYLE_ASSIGNMENT((#4581));
#4436=PRESENTATION_STYLE_ASSIGNMENT((#4582));
#4437=PRESENTATION_STYLE_ASSIGNMENT((#4583));
#4438=PRESENTATION_STYLE_ASSIGNMENT((#4584));
#4439=PRESENTATION_STYLE_ASSIGNMENT((#4585));
#4440=PRESENTATION_STYLE_ASSIGNMENT((#4586));
#4441=PRESENTATION_STYLE_ASSIGNMENT((#4587));
#4442=PRESENTATION_STYLE_ASSIGNMENT((#4588));
#4443=PRESENTATION_STYLE_ASSIGNMENT((#4589));
#4444=PRESENTATION_STYLE_ASSIGNMENT((#4590));
#4445=PRESENTATION_STYLE_ASSIGNMENT((#4591));
#4446=PRESENTATION_STYLE_ASSIGNMENT((#4592));
#4447=PRESENTATION_STYLE_ASSIGNMENT((#4593));
#4448=PRESENTATION_STYLE_ASSIGNMENT((#4594));
#4449=PRESENTATION_STYLE_ASSIGNMENT((#4595));
#4450=PRESENTATION_STYLE_ASSIGNMENT((#4596));
#4451=PRESENTATION_STYLE_ASSIGNMENT((#4597));
#4452=PRESENTATION_STYLE_ASSIGNMENT((#4598));
#4453=PRESENTATION_STYLE_ASSIGNMENT((#4599));
#4454=PRESENTATION_STYLE_ASSIGNMENT((#4600));
#4455=PRESENTATION_STYLE_ASSIGNMENT((#4601));
#4456=PRESENTATION_STYLE_ASSIGNMENT((#4602));
#4457=PRESENTATION_STYLE_ASSIGNMENT((#4603));
#4458=PRESENTATION_STYLE_ASSIGNMENT((#4604));
#4459=PRESENTATION_STYLE_ASSIGNMENT((#4605));
#4460=PRESENTATION_STYLE_ASSIGNMENT((#4606));
#4461=PRESENTATION_STYLE_ASSIGNMENT((#4607));
#4462=PRESENTATION_STYLE_ASSIGNMENT((#4608));
#4463=PRESENTATION_STYLE_ASSIGNMENT((#4609));
#4464=PRESENTATION_STYLE_ASSIGNMENT((#4610));
#4465=PRESENTATION_STYLE_ASSIGNMENT((#4611));
#4466=PRESENTATION_STYLE_ASSIGNMENT((#4612));
#4467=PRESENTATION_STYLE_ASSIGNMENT((#4613));
#4468=PRESENTATION_STYLE_ASSIGNMENT((#4614));
#4469=PRESENTATION_STYLE_ASSIGNMENT((#4615));
#4470=PRESENTATION_STYLE_ASSIGNMENT((#4616));
#4471=PRESENTATION_STYLE_ASSIGNMENT((#4617));
#4472=PRESENTATION_STYLE_ASSIGNMENT((#4618));
#4473=PRESENTATION_STYLE_ASSIGNMENT((#4619));
#4474=PRESENTATION_STYLE_ASSIGNMENT((#4620));
#4475=PRESENTATION_STYLE_ASSIGNMENT((#4621));
#4476=PRESENTATION_STYLE_ASSIGNMENT((#4622));
#4477=PRESENTATION_STYLE_ASSIGNMENT((#4623));
#4478=PRESENTATION_STYLE_ASSIGNMENT((#4624));
#4479=PRESENTATION_STYLE_ASSIGNMENT((#4625));
#4480=PRESENTATION_STYLE_ASSIGNMENT((#4626));
#4481=PRESENTATION_STYLE_ASSIGNMENT((#4627));
#4482=PRESENTATION_STYLE_ASSIGNMENT((#4628));
#4483=PRESENTATION_STYLE_ASSIGNMENT((#4629));
#4484=PRESENTATION_STYLE_ASSIGNMENT((#4630));
#4485=PRESENTATION_STYLE_ASSIGNMENT((#4631));
#4486=PRESENTATION_STYLE_ASSIGNMENT((#4632));
#4487=PRESENTATION_STYLE_ASSIGNMENT((#4633));
#4488=PRESENTATION_STYLE_ASSIGNMENT((#4634));
#4489=PRESENTATION_STYLE_ASSIGNMENT((#4635));
#4490=PRESENTATION_STYLE_ASSIGNMENT((#4636));
#4491=PRESENTATION_STYLE_ASSIGNMENT((#4637));
#4492=PRESENTATION_STYLE_ASSIGNMENT((#4638));
#4493=PRESENTATION_STYLE_ASSIGNMENT((#4639));
#4494=PRESENTATION_STYLE_ASSIGNMENT((#4640));
#4495=PRESENTATION_STYLE_ASSIGNMENT((#4641));
#4496=PRESENTATION_STYLE_ASSIGNMENT((#4642));
#4497=PRESENTATION_STYLE_ASSIGNMENT((#4643));
#4498=PRESENTATION_STYLE_ASSIGNMENT((#4644));
#4499=PRESENTATION_STYLE_ASSIGNMENT((#4645));
#4500=PRESENTATION_STYLE_ASSIGNMENT((#4646));
#4501=PRESENTATION_STYLE_ASSIGNMENT((#4647));
#4502=PRESENTATION_STYLE_ASSIGNMENT((#4648));
#4503=PRESENTATION_STYLE_ASSIGNMENT((#4649));
#4504=PRESENTATION_STYLE_ASSIGNMENT((#4650));
#4505=PRESENTATION_STYLE_ASSIGNMENT((#4651));
#4506=PRESENTATION_STYLE_ASSIGNMENT((#4652));
#4507=PRESENTATION_STYLE_ASSIGNMENT((#4653));
#4508=PRESENTATION_STYLE_ASSIGNMENT((#4654));
#4509=PRESENTATION_STYLE_ASSIGNMENT((#4655));
#4510=PRESENTATION_STYLE_ASSIGNMENT((#4656));
#4511=PRESENTATION_STYLE_ASSIGNMENT((#4657));
#4512=PRESENTATION_STYLE_ASSIGNMENT((#4658));
#4513=PRESENTATION_STYLE_ASSIGNMENT((#4659));
#4514=PRESENTATION_STYLE_ASSIGNMENT((#4660));
#4515=PRESENTATION_STYLE_ASSIGNMENT((#4661));
#4516=PRESENTATION_STYLE_ASSIGNMENT((#4662));
#4517=PRESENTATION_STYLE_ASSIGNMENT((#4663));
#4518=PRESENTATION_STYLE_ASSIGNMENT((#4664));
#4519=PRESENTATION_STYLE_ASSIGNMENT((#4665));
#4520=PRESENTATION_STYLE_ASSIGNMENT((#4666));
#4521=PRESENTATION_STYLE_ASSIGNMENT((#4667));
#4522=PRESENTATION_STYLE_ASSIGNMENT((#4668));
#4523=PRESENTATION_STYLE_ASSIGNMENT((#4669));
#4524=PRESENTATION_STYLE_ASSIGNMENT((#4670));
#4525=PRESENTATION_STYLE_ASSIGNMENT((#4671));
#4526=PRESENTATION_STYLE_ASSIGNMENT((#4672));
#4527=PRESENTATION_STYLE_ASSIGNMENT((#4673));
#4528=PRESENTATION_STYLE_ASSIGNMENT((#4674));
#4529=PRESENTATION_STYLE_ASSIGNMENT((#4675));
#4530=PRESENTATION_STYLE_ASSIGNMENT((#4676));
#4531=PRESENTATION_STYLE_ASSIGNMENT((#4677));
#4532=PRESENTATION_STYLE_ASSIGNMENT((#4678));
#4533=PRESENTATION_STYLE_ASSIGNMENT((#4679));
#4534=PRESENTATION_STYLE_ASSIGNMENT((#4680));
#4535=PRESENTATION_STYLE_ASSIGNMENT((#4681));
#4536=PRESENTATION_STYLE_ASSIGNMENT((#4682));
#4537=PRESENTATION_STYLE_ASSIGNMENT((#4683));
#4538=PRESENTATION_STYLE_ASSIGNMENT((#4684));
#4539=PRESENTATION_STYLE_ASSIGNMENT((#4685));
#4540=PRESENTATION_STYLE_ASSIGNMENT((#4686));
#4541=PRESENTATION_STYLE_ASSIGNMENT((#4687));
#4542=PRESENTATION_STYLE_ASSIGNMENT((#4688));
#4543=PRESENTATION_STYLE_ASSIGNMENT((#4689));
#4544=PRESENTATION_STYLE_ASSIGNMENT((#4690));
#4545=PRESENTATION_STYLE_ASSIGNMENT((#4691));
#4546=PRESENTATION_STYLE_ASSIGNMENT((#4692));
#4547=PRESENTATION_STYLE_ASSIGNMENT((#4693));
#4548=PRESENTATION_STYLE_ASSIGNMENT((#4694));
#4549=PRESENTATION_STYLE_ASSIGNMENT((#4695));
#4550=PRESENTATION_STYLE_ASSIGNMENT((#4696));
#4551=PRESENTATION_STYLE_ASSIGNMENT((#4697));
#4552=PRESENTATION_STYLE_ASSIGNMENT((#4698));
#4553=PRESENTATION_STYLE_ASSIGNMENT((#4699));
#4554=PRESENTATION_STYLE_ASSIGNMENT((#4700));
#4555=PRESENTATION_STYLE_ASSIGNMENT((#4701));
#4556=PRESENTATION_STYLE_ASSIGNMENT((#4702));
#4557=PRESENTATION_STYLE_ASSIGNMENT((#4703));
#4558=PRESENTATION_STYLE_ASSIGNMENT((#4704));
#4559=PRESENTATION_STYLE_ASSIGNMENT((#4705));
#4560=PRESENTATION_STYLE_ASSIGNMENT((#4706));
#4561=PRESENTATION_STYLE_ASSIGNMENT((#4707));
#4562=PRESENTATION_STYLE_ASSIGNMENT((#4708));
#4563=PRESENTATION_STYLE_ASSIGNMENT((#4709));
#4564=PRESENTATION_STYLE_ASSIGNMENT((#4710));
#4565=PRESENTATION_STYLE_ASSIGNMENT((#4711));
#4566=PRESENTATION_STYLE_ASSIGNMENT((#4712));
#4567=PRESENTATION_STYLE_ASSIGNMENT((#4713));
#4568=PRESENTATION_STYLE_ASSIGNMENT((#4714));
#4569=PRESENTATION_STYLE_ASSIGNMENT((#4715));
#4570=PRESENTATION_STYLE_ASSIGNMENT((#4716));
#4571=PRESENTATION_STYLE_ASSIGNMENT((#4717));
#4572=PRESENTATION_STYLE_ASSIGNMENT((#4718));
#4573=PRESENTATION_STYLE_ASSIGNMENT((#4719));
#4574=PRESENTATION_STYLE_ASSIGNMENT((#4720));
#4575=PRESENTATION_STYLE_ASSIGNMENT((#4721));
#4576=PRESENTATION_STYLE_ASSIGNMENT((#4722));
#4577=PRESENTATION_STYLE_ASSIGNMENT((#4723));
#4578=PRESENTATION_STYLE_ASSIGNMENT((#4724));
#4579=PRESENTATION_STYLE_ASSIGNMENT((#4725));
#4580=SURFACE_STYLE_USAGE(.BOTH.,#4726);
#4581=SURFACE_STYLE_USAGE(.BOTH.,#4727);
#4582=SURFACE_STYLE_USAGE(.BOTH.,#4728);
#4583=SURFACE_STYLE_USAGE(.BOTH.,#4729);
#4584=SURFACE_STYLE_USAGE(.BOTH.,#4730);
#4585=SURFACE_STYLE_USAGE(.BOTH.,#4731);
#4586=SURFACE_STYLE_USAGE(.BOTH.,#4732);
#4587=SURFACE_STYLE_USAGE(.BOTH.,#4733);
#4588=SURFACE_STYLE_USAGE(.BOTH.,#4734);
#4589=SURFACE_STYLE_USAGE(.BOTH.,#4735);
#4590=SURFACE_STYLE_USAGE(.BOTH.,#4736);
#4591=SURFACE_STYLE_USAGE(.BOTH.,#4737);
#4592=SURFACE_STYLE_USAGE(.BOTH.,#4738);
#4593=SURFACE_STYLE_USAGE(.BOTH.,#4739);
#4594=SURFACE_STYLE_USAGE(.BOTH.,#4740);
#4595=SURFACE_STYLE_USAGE(.BOTH.,#4741);
#4596=SURFACE_STYLE_USAGE(.BOTH.,#4742);
#4597=SURFACE_STYLE_USAGE(.BOTH.,#4743);
#4598=SURFACE_STYLE_USAGE(.BOTH.,#4744);
#4599=SURFACE_STYLE_USAGE(.BOTH.,#4745);
#4600=SURFACE_STYLE_USAGE(.BOTH.,#4746);
#4601=SURFACE_STYLE_USAGE(.BOTH.,#4747);
#4602=SURFACE_STYLE_USAGE(.BOTH.,#4748);
#4603=SURFACE_STYLE_USAGE(.BOTH.,#4749);
#4604=SURFACE_STYLE_USAGE(.BOTH.,#4750);
#4605=SURFACE_STYLE_USAGE(.BOTH.,#4751);
#4606=SURFACE_STYLE_USAGE(.BOTH.,#4752);
#4607=SURFACE_STYLE_USAGE(.BOTH.,#4753);
#4608=SURFACE_STYLE_USAGE(.BOTH.,#4754);
#4609=SURFACE_STYLE_USAGE(.BOTH.,#4755);
#4610=SURFACE_STYLE_USAGE(.BOTH.,#4756);
#4611=SURFACE_STYLE_USAGE(.BOTH.,#4757);
#4612=SURFACE_STYLE_USAGE(.BOTH.,#4758);
#4613=SURFACE_STYLE_USAGE(.BOTH.,#4759);
#4614=SURFACE_STYLE_USAGE(.BOTH.,#4760);
#4615=SURFACE_STYLE_USAGE(.BOTH.,#4761);
#4616=SURFACE_STYLE_USAGE(.BOTH.,#4762);
#4617=SURFACE_STYLE_USAGE(.BOTH.,#4763);
#4618=SURFACE_STYLE_USAGE(.BOTH.,#4764);
#4619=SURFACE_STYLE_USAGE(.BOTH.,#4765);
#4620=SURFACE_STYLE_USAGE(.BOTH.,#4766);
#4621=SURFACE_STYLE_USAGE(.BOTH.,#4767);
#4622=SURFACE_STYLE_USAGE(.BOTH.,#4768);
#4623=SURFACE_STYLE_USAGE(.BOTH.,#4769);
#4624=SURFACE_STYLE_USAGE(.BOTH.,#4770);
#4625=SURFACE_STYLE_USAGE(.BOTH.,#4771);
#4626=SURFACE_STYLE_USAGE(.BOTH.,#4772);
#4627=SURFACE_STYLE_USAGE(.BOTH.,#4773);
#4628=SURFACE_STYLE_USAGE(.BOTH.,#4774);
#4629=SURFACE_STYLE_USAGE(.BOTH.,#4775);
#4630=SURFACE_STYLE_USAGE(.BOTH.,#4776);
#4631=SURFACE_STYLE_USAGE(.BOTH.,#4777);
#4632=SURFACE_STYLE_USAGE(.BOTH.,#4778);
#4633=SURFACE_STYLE_USAGE(.BOTH.,#4779);
#4634=SURFACE_STYLE_USAGE(.BOTH.,#4780);
#4635=SURFACE_STYLE_USAGE(.BOTH.,#4781);
#4636=SURFACE_STYLE_USAGE(.BOTH.,#4782);
#4637=SURFACE_STYLE_USAGE(.BOTH.,#4783);
#4638=SURFACE_STYLE_USAGE(.BOTH.,#4784);
#4639=SURFACE_STYLE_USAGE(.BOTH.,#4785);
#4640=SURFACE_STYLE_USAGE(.BOTH.,#4786);
#4641=SURFACE_STYLE_USAGE(.BOTH.,#4787);
#4642=SURFACE_STYLE_USAGE(.BOTH.,#4788);
#4643=SURFACE_STYLE_USAGE(.BOTH.,#4789);
#4644=SURFACE_STYLE_USAGE(.BOTH.,#4790);
#4645=SURFACE_STYLE_USAGE(.BOTH.,#4791);
#4646=SURFACE_STYLE_USAGE(.BOTH.,#4792);
#4647=SURFACE_STYLE_USAGE(.BOTH.,#4793);
#4648=SURFACE_STYLE_USAGE(.BOTH.,#4794);
#4649=SURFACE_STYLE_USAGE(.BOTH.,#4795);
#4650=SURFACE_STYLE_USAGE(.BOTH.,#4796);
#4651=SURFACE_STYLE_USAGE(.BOTH.,#4797);
#4652=SURFACE_STYLE_USAGE(.BOTH.,#4798);
#4653=SURFACE_STYLE_USAGE(.BOTH.,#4799);
#4654=SURFACE_STYLE_USAGE(.BOTH.,#4800);
#4655=SURFACE_STYLE_USAGE(.BOTH.,#4801);
#4656=SURFACE_STYLE_USAGE(.BOTH.,#4802);
#4657=SURFACE_STYLE_USAGE(.BOTH.,#4803);
#4658=SURFACE_STYLE_USAGE(.BOTH.,#4804);
#4659=SURFACE_STYLE_USAGE(.BOTH.,#4805);
#4660=SURFACE_STYLE_USAGE(.BOTH.,#4806);
#4661=SURFACE_STYLE_USAGE(.BOTH.,#4807);
#4662=SURFACE_STYLE_USAGE(.BOTH.,#4808);
#4663=SURFACE_STYLE_USAGE(.BOTH.,#4809);
#4664=SURFACE_STYLE_USAGE(.BOTH.,#4810);
#4665=SURFACE_STYLE_USAGE(.BOTH.,#4811);
#4666=SURFACE_STYLE_USAGE(.BOTH.,#4812);
#4667=SURFACE_STYLE_USAGE(.BOTH.,#4813);
#4668=SURFACE_STYLE_USAGE(.BOTH.,#4814);
#4669=SURFACE_STYLE_USAGE(.BOTH.,#4815);
#4670=SURFACE_STYLE_USAGE(.BOTH.,#4816);
#4671=SURFACE_STYLE_USAGE(.BOTH.,#4817);
#4672=SURFACE_STYLE_USAGE(.BOTH.,#4818);
#4673=SURFACE_STYLE_USAGE(.BOTH.,#4819);
#4674=SURFACE_STYLE_USAGE(.BOTH.,#4820);
#4675=SURFACE_STYLE_USAGE(.BOTH.,#4821);
#4676=SURFACE_STYLE_USAGE(.BOTH.,#4822);
#4677=SURFACE_STYLE_USAGE(.BOTH.,#4823);
#4678=SURFACE_STYLE_USAGE(.BOTH.,#4824);
#4679=SURFACE_STYLE_USAGE(.BOTH.,#4825);
#4680=SURFACE_STYLE_USAGE(.BOTH.,#4826);
#4681=SURFACE_STYLE_USAGE(.BOTH.,#4827);
#4682=SURFACE_STYLE_USAGE(.BOTH.,#4828);
#4683=SURFACE_STYLE_USAGE(.BOTH.,#4829);
#4684=SURFACE_STYLE_USAGE(.BOTH.,#4830);
#4685=SURFACE_STYLE_USAGE(.BOTH.,#4831);
#4686=SURFACE_STYLE_USAGE(.BOTH.,#4832);
#4687=SURFACE_STYLE_USAGE(.BOTH.,#4833);
#4688=SURFACE_STYLE_USAGE(.BOTH.,#4834);
#4689=SURFACE_STYLE_USAGE(.BOTH.,#4835);
#4690=SURFACE_STYLE_USAGE(.BOTH.,#4836);
#4691=SURFACE_STYLE_USAGE(.BOTH.,#4837);
#4692=SURFACE_STYLE_USAGE(.BOTH.,#4838);
#4693=SURFACE_STYLE_USAGE(.BOTH.,#4839);
#4694=SURFACE_STYLE_USAGE(.BOTH.,#4840);
#4695=SURFACE_STYLE_USAGE(.BOTH.,#4841);
#4696=SURFACE_STYLE_USAGE(.BOTH.,#4842);
#4697=SURFACE_STYLE_USAGE(.BOTH.,#4843);
#4698=SURFACE_STYLE_USAGE(.BOTH.,#4844);
#4699=SURFACE_STYLE_USAGE(.BOTH.,#4845);
#4700=SURFACE_STYLE_USAGE(.BOTH.,#4846);
#4701=SURFACE_STYLE_USAGE(.BOTH.,#4847);
#4702=SURFACE_STYLE_USAGE(.BOTH.,#4848);
#4703=SURFACE_STYLE_USAGE(.BOTH.,#4849);
#4704=SURFACE_STYLE_USAGE(.BOTH.,#4850);
#4705=SURFACE_STYLE_USAGE(.BOTH.,#4851);
#4706=SURFACE_STYLE_USAGE(.BOTH.,#4852);
#4707=SURFACE_STYLE_USAGE(.BOTH.,#4853);
#4708=SURFACE_STYLE_USAGE(.BOTH.,#4854);
#4709=SURFACE_STYLE_USAGE(.BOTH.,#4855);
#4710=SURFACE_STYLE_USAGE(.BOTH.,#4856);
#4711=SURFACE_STYLE_USAGE(.BOTH.,#4857);
#4712=SURFACE_STYLE_USAGE(.BOTH.,#4858);
#4713=SURFACE_STYLE_USAGE(.BOTH.,#4859);
#4714=SURFACE_STYLE_USAGE(.BOTH.,#4860);
#4715=SURFACE_STYLE_USAGE(.BOTH.,#4861);
#4716=SURFACE_STYLE_USAGE(.BOTH.,#4862);
#4717=SURFACE_STYLE_USAGE(.BOTH.,#4863);
#4718=SURFACE_STYLE_USAGE(.BOTH.,#4864);
#4719=SURFACE_STYLE_USAGE(.BOTH.,#4865);
#4720=SURFACE_STYLE_USAGE(.BOTH.,#4866);
#4721=SURFACE_STYLE_USAGE(.BOTH.,#4867);
#4722=SURFACE_STYLE_USAGE(.BOTH.,#4868);
#4723=SURFACE_STYLE_USAGE(.BOTH.,#4869);
#4724=SURFACE_STYLE_USAGE(.BOTH.,#4870);
#4725=SURFACE_STYLE_USAGE(.BOTH.,#4871);
#4726=SURFACE_SIDE_STYLE('',(#4872));
#4727=SURFACE_SIDE_STYLE('',(#4873));
#4728=SURFACE_SIDE_STYLE('',(#4874));
#4729=SURFACE_SIDE_STYLE('',(#4875));
#4730=SURFACE_SIDE_STYLE('',(#4876));
#4731=SURFACE_SIDE_STYLE('',(#4877));
#4732=SURFACE_SIDE_STYLE('',(#4878));
#4733=SURFACE_SIDE_STYLE('',(#4879));
#4734=SURFACE_SIDE_STYLE('',(#4880));
#4735=SURFACE_SIDE_STYLE('',(#4881));
#4736=SURFACE_SIDE_STYLE('',(#4882));
#4737=SURFACE_SIDE_STYLE('',(#4883));
#4738=SURFACE_SIDE_STYLE('',(#4884));
#4739=SURFACE_SIDE_STYLE('',(#4885));
#4740=SURFACE_SIDE_STYLE('',(#4886));
#4741=SURFACE_SIDE_STYLE('',(#4887));
#4742=SURFACE_SIDE_STYLE('',(#4888));
#4743=SURFACE_SIDE_STYLE('',(#4889));
#4744=SURFACE_SIDE_STYLE('',(#4890));
#4745=SURFACE_SIDE_STYLE('',(#4891));
#4746=SURFACE_SIDE_STYLE('',(#4892));
#4747=SURFACE_SIDE_STYLE('',(#4893));
#4748=SURFACE_SIDE_STYLE('',(#4894));
#4749=SURFACE_SIDE_STYLE('',(#4895));
#4750=SURFACE_SIDE_STYLE('',(#4896));
#4751=SURFACE_SIDE_STYLE('',(#4897));
#4752=SURFACE_SIDE_STYLE('',(#4898));
#4753=SURFACE_SIDE_STYLE('',(#4899));
#4754=SURFACE_SIDE_STYLE('',(#4900));
#4755=SURFACE_SIDE_STYLE('',(#4901));
#4756=SURFACE_SIDE_STYLE('',(#4902));
#4757=SURFACE_SIDE_STYLE('',(#4903));
#4758=SURFACE_SIDE_STYLE('',(#4904));
#4759=SURFACE_SIDE_STYLE('',(#4905));
#4760=SURFACE_SIDE_STYLE('',(#4906));
#4761=SURFACE_SIDE_STYLE('',(#4907));
#4762=SURFACE_SIDE_STYLE('',(#4908));
#4763=SURFACE_SIDE_STYLE('',(#4909));
#4764=SURFACE_SIDE_STYLE('',(#4910));
#4765=SURFACE_SIDE_STYLE('',(#4911));
#4766=SURFACE_SIDE_STYLE('',(#4912));
#4767=SURFACE_SIDE_STYLE('',(#4913));
#4768=SURFACE_SIDE_STYLE('',(#4914));
#4769=SURFACE_SIDE_STYLE('',(#4915));
#4770=SURFACE_SIDE_STYLE('',(#4916));
#4771=SURFACE_SIDE_STYLE('',(#4917));
#4772=SURFACE_SIDE_STYLE('',(#4918));
#4773=SURFACE_SIDE_STYLE('',(#4919));
#4774=SURFACE_SIDE_STYLE('',(#4920));
#4775=SURFACE_SIDE_STYLE('',(#4921));
#4776=SURFACE_SIDE_STYLE('',(#4922));
#4777=SURFACE_SIDE_STYLE('',(#4923));
#4778=SURFACE_SIDE_STYLE('',(#4924));
#4779=SURFACE_SIDE_STYLE('',(#4925));
#4780=SURFACE_SIDE_STYLE('',(#4926));
#4781=SURFACE_SIDE_STYLE('',(#4927));
#4782=SURFACE_SIDE_STYLE('',(#4928));
#4783=SURFACE_SIDE_STYLE('',(#4929));
#4784=SURFACE_SIDE_STYLE('',(#4930));
#4785=SURFACE_SIDE_STYLE('',(#4931));
#4786=SURFACE_SIDE_STYLE('',(#4932));
#4787=SURFACE_SIDE_STYLE('',(#4933));
#4788=SURFACE_SIDE_STYLE('',(#4934));
#4789=SURFACE_SIDE_STYLE('',(#4935));
#4790=SURFACE_SIDE_STYLE('',(#4936));
#4791=SURFACE_SIDE_STYLE('',(#4937));
#4792=SURFACE_SIDE_STYLE('',(#4938));
#4793=SURFACE_SIDE_STYLE('',(#4939));
#4794=SURFACE_SIDE_STYLE('',(#4940));
#4795=SURFACE_SIDE_STYLE('',(#4941));
#4796=SURFACE_SIDE_STYLE('',(#4942));
#4797=SURFACE_SIDE_STYLE('',(#4943));
#4798=SURFACE_SIDE_STYLE('',(#4944));
#4799=SURFACE_SIDE_STYLE('',(#4945));
#4800=SURFACE_SIDE_STYLE('',(#4946));
#4801=SURFACE_SIDE_STYLE('',(#4947));
#4802=SURFACE_SIDE_STYLE('',(#4948));
#4803=SURFACE_SIDE_STYLE('',(#4949));
#4804=SURFACE_SIDE_STYLE('',(#4950));
#4805=SURFACE_SIDE_STYLE('',(#4951));
#4806=SURFACE_SIDE_STYLE('',(#4952));
#4807=SURFACE_SIDE_STYLE('',(#4953));
#4808=SURFACE_SIDE_STYLE('',(#4954));
#4809=SURFACE_SIDE_STYLE('',(#4955));
#4810=SURFACE_SIDE_STYLE('',(#4956));
#4811=SURFACE_SIDE_STYLE('',(#4957));
#4812=SURFACE_SIDE_STYLE('',(#4958));
#4813=SURFACE_SIDE_STYLE('',(#4959));
#4814=SURFACE_SIDE_STYLE('',(#4960));
#4815=SURFACE_SIDE_STYLE('',(#4961));
#4816=SURFACE_SIDE_STYLE('',(#4962));
#4817=SURFACE_SIDE_STYLE('',(#4963));
#4818=SURFACE_SIDE_STYLE('',(#4964));
#4819=SURFACE_SIDE_STYLE('',(#4965));
#4820=SURFACE_SIDE_STYLE('',(#4966));
#4821=SURFACE_SIDE_STYLE('',(#4967));
#4822=SURFACE_SIDE_STYLE('',(#4968));
#4823=SURFACE_SIDE_STYLE('',(#4969));
#4824=SURFACE_SIDE_STYLE('',(#4970));
#4825=SURFACE_SIDE_STYLE('',(#4971));
#4826=SURFACE_SIDE_STYLE('',(#4972));
#4827=SURFACE_SIDE_STYLE('',(#4973));
#4828=SURFACE_SIDE_STYLE('',(#4974));
#4829=SURFACE_SIDE_STYLE('',(#4975));
#4830=SURFACE_SIDE_STYLE('',(#4976));
#4831=SURFACE_SIDE_STYLE('',(#4977));
#4832=SURFACE_SIDE_STYLE('',(#4978));
#4833=SURFACE_SIDE_STYLE('',(#4979));
#4834=SURFACE_SIDE_STYLE('',(#4980));
#4835=SURFACE_SIDE_STYLE('',(#4981));
#4836=SURFACE_SIDE_STYLE('',(#4982));
#4837=SURFACE_SIDE_STYLE('',(#4983));
#4838=SURFACE_SIDE_STYLE('',(#4984));
#4839=SURFACE_SIDE_STYLE('',(#4985));
#4840=SURFACE_SIDE_STYLE('',(#4986));
#4841=SURFACE_SIDE_STYLE('',(#4987));
#4842=SURFACE_SIDE_STYLE('',(#4988));
#4843=SURFACE_SIDE_STYLE('',(#4989));
#4844=SURFACE_SIDE_STYLE('',(#4990));
#4845=SURFACE_SIDE_STYLE('',(#4991));
#4846=SURFACE_SIDE_STYLE('',(#4992));
#4847=SURFACE_SIDE_STYLE('',(#4993));
#4848=SURFACE_SIDE_STYLE('',(#4994));
#4849=SURFACE_SIDE_STYLE('',(#4995));
#4850=SURFACE_SIDE_STYLE('',(#4996));
#4851=SURFACE_SIDE_STYLE('',(#4997));
#4852=SURFACE_SIDE_STYLE('',(#4998));
#4853=SURFACE_SIDE_STYLE('',(#4999));
#4854=SURFACE_SIDE_STYLE('',(#5000));
#4855=SURFACE_SIDE_STYLE('',(#5001));
#4856=SURFACE_SIDE_STYLE('',(#5002));
#4857=SURFACE_SIDE_STYLE('',(#5003));
#4858=SURFACE_SIDE_STYLE('',(#5004));
#4859=SURFACE_SIDE_STYLE('',(#5005));
#4860=SURFACE_SIDE_STYLE('',(#5006));
#4861=SURFACE_SIDE_STYLE('',(#5007));
#4862=SURFACE_SIDE_STYLE('',(#5008));
#4863=SURFACE_SIDE_STYLE('',(#5009));
#4864=SURFACE_SIDE_STYLE('',(#5010));
#4865=SURFACE_SIDE_STYLE('',(#5011));
#4866=SURFACE_SIDE_STYLE('',(#5012));
#4867=SURFACE_SIDE_STYLE('',(#5013));
#4868=SURFACE_SIDE_STYLE('',(#5014));
#4869=SURFACE_SIDE_STYLE('',(#5015));
#4870=SURFACE_SIDE_STYLE('',(#5016));
#4871=SURFACE_SIDE_STYLE('',(#5017));
#4872=SURFACE_STYLE_FILL_AREA(#5018);
#4873=SURFACE_STYLE_FILL_AREA(#5019);
#4874=SURFACE_STYLE_FILL_AREA(#5020);
#4875=SURFACE_STYLE_FILL_AREA(#5021);
#4876=SURFACE_STYLE_FILL_AREA(#5022);
#4877=SURFACE_STYLE_FILL_AREA(#5023);
#4878=SURFACE_STYLE_FILL_AREA(#5024);
#4879=SURFACE_STYLE_FILL_AREA(#5025);
#4880=SURFACE_STYLE_FILL_AREA(#5026);
#4881=SURFACE_STYLE_FILL_AREA(#5027);
#4882=SURFACE_STYLE_FILL_AREA(#5028);
#4883=SURFACE_STYLE_FILL_AREA(#5029);
#4884=SURFACE_STYLE_FILL_AREA(#5030);
#4885=SURFACE_STYLE_FILL_AREA(#5031);
#4886=SURFACE_STYLE_FILL_AREA(#5032);
#4887=SURFACE_STYLE_FILL_AREA(#5033);
#4888=SURFACE_STYLE_FILL_AREA(#5034);
#4889=SURFACE_STYLE_FILL_AREA(#5035);
#4890=SURFACE_STYLE_FILL_AREA(#5036);
#4891=SURFACE_STYLE_FILL_AREA(#5037);
#4892=SURFACE_STYLE_FILL_AREA(#5038);
#4893=SURFACE_STYLE_FILL_AREA(#5039);
#4894=SURFACE_STYLE_FILL_AREA(#5040);
#4895=SURFACE_STYLE_FILL_AREA(#5041);
#4896=SURFACE_STYLE_FILL_AREA(#5042);
#4897=SURFACE_STYLE_FILL_AREA(#5043);
#4898=SURFACE_STYLE_FILL_AREA(#5044);
#4899=SURFACE_STYLE_FILL_AREA(#5045);
#4900=SURFACE_STYLE_FILL_AREA(#5046);
#4901=SURFACE_STYLE_FILL_AREA(#5047);
#4902=SURFACE_STYLE_FILL_AREA(#5048);
#4903=SURFACE_STYLE_FILL_AREA(#5049);
#4904=SURFACE_STYLE_FILL_AREA(#5050);
#4905=SURFACE_STYLE_FILL_AREA(#5051);
#4906=SURFACE_STYLE_FILL_AREA(#5052);
#4907=SURFACE_STYLE_FILL_AREA(#5053);
#4908=SURFACE_STYLE_FILL_AREA(#5054);
#4909=SURFACE_STYLE_FILL_AREA(#5055);
#4910=SURFACE_STYLE_FILL_AREA(#5056);
#4911=SURFACE_STYLE_FILL_AREA(#5057);
#4912=SURFACE_STYLE_FILL_AREA(#5058);
#4913=SURFACE_STYLE_FILL_AREA(#5059);
#4914=SURFACE_STYLE_FILL_AREA(#5060);
#4915=SURFACE_STYLE_FILL_AREA(#5061);
#4916=SURFACE_STYLE_FILL_AREA(#5062);
#4917=SURFACE_STYLE_FILL_AREA(#5063);
#4918=SURFACE_STYLE_FILL_AREA(#5064);
#4919=SURFACE_STYLE_FILL_AREA(#5065);
#4920=SURFACE_STYLE_FILL_AREA(#5066);
#4921=SURFACE_STYLE_FILL_AREA(#5067);
#4922=SURFACE_STYLE_FILL_AREA(#5068);
#4923=SURFACE_STYLE_FILL_AREA(#5069);
#4924=SURFACE_STYLE_FILL_AREA(#5070);
#4925=SURFACE_STYLE_FILL_AREA(#5071);
#4926=SURFACE_STYLE_FILL_AREA(#5072);
#4927=SURFACE_STYLE_FILL_AREA(#5073);
#4928=SURFACE_STYLE_FILL_AREA(#5074);
#4929=SURFACE_STYLE_FILL_AREA(#5075);
#4930=SURFACE_STYLE_FILL_AREA(#5076);
#4931=SURFACE_STYLE_FILL_AREA(#5077);
#4932=SURFACE_STYLE_FILL_AREA(#5078);
#4933=SURFACE_STYLE_FILL_AREA(#5079);
#4934=SURFACE_STYLE_FILL_AREA(#5080);
#4935=SURFACE_STYLE_FILL_AREA(#5081);
#4936=SURFACE_STYLE_FILL_AREA(#5082);
#4937=SURFACE_STYLE_FILL_AREA(#5083);
#4938=SURFACE_STYLE_FILL_AREA(#5084);
#4939=SURFACE_STYLE_FILL_AREA(#5085);
#4940=SURFACE_STYLE_FILL_AREA(#5086);
#4941=SURFACE_STYLE_FILL_AREA(#5087);
#4942=SURFACE_STYLE_FILL_AREA(#5088);
#4943=SURFACE_STYLE_FILL_AREA(#5089);
#4944=SURFACE_STYLE_FILL_AREA(#5090);
#4945=SURFACE_STYLE_FILL_AREA(#5091);
#4946=SURFACE_STYLE_FILL_AREA(#5092);
#4947=SURFACE_STYLE_FILL_AREA(#5093);
#4948=SURFACE_STYLE_FILL_AREA(#5094);
#4949=SURFACE_STYLE_FILL_AREA(#5095);
#4950=SURFACE_STYLE_FILL_AREA(#5096);
#4951=SURFACE_STYLE_FILL_AREA(#5097);
#4952=SURFACE_STYLE_FILL_AREA(#5098);
#4953=SURFACE_STYLE_FILL_AREA(#5099);
#4954=SURFACE_STYLE_FILL_AREA(#5100);
#4955=SURFACE_STYLE_FILL_AREA(#5101);
#4956=SURFACE_STYLE_FILL_AREA(#5102);
#4957=SURFACE_STYLE_FILL_AREA(#5103);
#4958=SURFACE_STYLE_FILL_AREA(#5104);
#4959=SURFACE_STYLE_FILL_AREA(#5105);
#4960=SURFACE_STYLE_FILL_AREA(#5106);
#4961=SURFACE_STYLE_FILL_AREA(#5107);
#4962=SURFACE_STYLE_FILL_AREA(#5108);
#4963=SURFACE_STYLE_FILL_AREA(#5109);
#4964=SURFACE_STYLE_FILL_AREA(#5110);
#4965=SURFACE_STYLE_FILL_AREA(#5111);
#4966=SURFACE_STYLE_FILL_AREA(#5112);
#4967=SURFACE_STYLE_FILL_AREA(#5113);
#4968=SURFACE_STYLE_FILL_AREA(#5114);
#4969=SURFACE_STYLE_FILL_AREA(#5115);
#4970=SURFACE_STYLE_FILL_AREA(#5116);
#4971=SURFACE_STYLE_FILL_AREA(#5117);
#4972=SURFACE_STYLE_FILL_AREA(#5118);
#4973=SURFACE_STYLE_FILL_AREA(#5119);
#4974=SURFACE_STYLE_FILL_AREA(#5120);
#4975=SURFACE_STYLE_FILL_AREA(#5121);
#4976=SURFACE_STYLE_FILL_AREA(#5122);
#4977=SURFACE_STYLE_FILL_AREA(#5123);
#4978=SURFACE_STYLE_FILL_AREA(#5124);
#4979=SURFACE_STYLE_FILL_AREA(#5125);
#4980=SURFACE_STYLE_FILL_AREA(#5126);
#4981=SURFACE_STYLE_FILL_AREA(#5127);
#4982=SURFACE_STYLE_FILL_AREA(#5128);
#4983=SURFACE_STYLE_FILL_AREA(#5129);
#4984=SURFACE_STYLE_FILL_AREA(#5130);
#4985=SURFACE_STYLE_FILL_AREA(#5131);
#4986=SURFACE_STYLE_FILL_AREA(#5132);
#4987=SURFACE_STYLE_FILL_AREA(#5133);
#4988=SURFACE_STYLE_FILL_AREA(#5134);
#4989=SURFACE_STYLE_FILL_AREA(#5135);
#4990=SURFACE_STYLE_FILL_AREA(#5136);
#4991=SURFACE_STYLE_FILL_AREA(#5137);
#4992=SURFACE_STYLE_FILL_AREA(#5138);
#4993=SURFACE_STYLE_FILL_AREA(#5139);
#4994=SURFACE_STYLE_FILL_AREA(#5140);
#4995=SURFACE_STYLE_FILL_AREA(#5141);
#4996=SURFACE_STYLE_FILL_AREA(#5142);
#4997=SURFACE_STYLE_FILL_AREA(#5143);
#4998=SURFACE_STYLE_FILL_AREA(#5144);
#4999=SURFACE_STYLE_FILL_AREA(#5145);
#5000=SURFACE_STYLE_FILL_AREA(#5146);
#5001=SURFACE_STYLE_FILL_AREA(#5147);
#5002=SURFACE_STYLE_FILL_AREA(#5148);
#5003=SURFACE_STYLE_FILL_AREA(#5149);
#5004=SURFACE_STYLE_FILL_AREA(#5150);
#5005=SURFACE_STYLE_FILL_AREA(#5151);
#5006=SURFACE_STYLE_FILL_AREA(#5152);
#5007=SURFACE_STYLE_FILL_AREA(#5153);
#5008=SURFACE_STYLE_FILL_AREA(#5154);
#5009=SURFACE_STYLE_FILL_AREA(#5155);
#5010=SURFACE_STYLE_FILL_AREA(#5156);
#5011=SURFACE_STYLE_FILL_AREA(#5157);
#5012=SURFACE_STYLE_FILL_AREA(#5158);
#5013=SURFACE_STYLE_FILL_AREA(#5159);
#5014=SURFACE_STYLE_FILL_AREA(#5160);
#5015=SURFACE_STYLE_FILL_AREA(#5161);
#5016=SURFACE_STYLE_FILL_AREA(#5162);
#5017=SURFACE_STYLE_FILL_AREA(#5163);
#5018=FILL_AREA_STYLE('',(#5164));
#5019=FILL_AREA_STYLE('',(#5165));
#5020=FILL_AREA_STYLE('',(#5166));
#5021=FILL_AREA_STYLE('',(#5167));
#5022=FILL_AREA_STYLE('',(#5168));
#5023=FILL_AREA_STYLE('',(#5169));
#5024=FILL_AREA_STYLE('',(#5170));
#5025=FILL_AREA_STYLE('',(#5171));
#5026=FILL_AREA_STYLE('',(#5172));
#5027=FILL_AREA_STYLE('',(#5173));
#5028=FILL_AREA_STYLE('',(#5174));
#5029=FILL_AREA_STYLE('',(#5175));
#5030=FILL_AREA_STYLE('',(#5176));
#5031=FILL_AREA_STYLE('',(#5177));
#5032=FILL_AREA_STYLE('',(#5178));
#5033=FILL_AREA_STYLE('',(#5179));
#5034=FILL_AREA_STYLE('',(#5180));
#5035=FILL_AREA_STYLE('',(#5181));
#5036=FILL_AREA_STYLE('',(#5182));
#5037=FILL_AREA_STYLE('',(#5183));
#5038=FILL_AREA_STYLE('',(#5184));
#5039=FILL_AREA_STYLE('',(#5185));
#5040=FILL_AREA_STYLE('',(#5186));
#5041=FILL_AREA_STYLE('',(#5187));
#5042=FILL_AREA_STYLE('',(#5188));
#5043=FILL_AREA_STYLE('',(#5189));
#5044=FILL_AREA_STYLE('',(#5190));
#5045=FILL_AREA_STYLE('',(#5191));
#5046=FILL_AREA_STYLE('',(#5192));
#5047=FILL_AREA_STYLE('',(#5193));
#5048=FILL_AREA_STYLE('',(#5194));
#5049=FILL_AREA_STYLE('',(#5195));
#5050=FILL_AREA_STYLE('',(#5196));
#5051=FILL_AREA_STYLE('',(#5197));
#5052=FILL_AREA_STYLE('',(#5198));
#5053=FILL_AREA_STYLE('',(#5199));
#5054=FILL_AREA_STYLE('',(#5200));
#5055=FILL_AREA_STYLE('',(#5201));
#5056=FILL_AREA_STYLE('',(#5202));
#5057=FILL_AREA_STYLE('',(#5203));
#5058=FILL_AREA_STYLE('',(#5204));
#5059=FILL_AREA_STYLE('',(#5205));
#5060=FILL_AREA_STYLE('',(#5206));
#5061=FILL_AREA_STYLE('',(#5207));
#5062=FILL_AREA_STYLE('',(#5208));
#5063=FILL_AREA_STYLE('',(#5209));
#5064=FILL_AREA_STYLE('',(#5210));
#5065=FILL_AREA_STYLE('',(#5211));
#5066=FILL_AREA_STYLE('',(#5212));
#5067=FILL_AREA_STYLE('',(#5213));
#5068=FILL_AREA_STYLE('',(#5214));
#5069=FILL_AREA_STYLE('',(#5215));
#5070=FILL_AREA_STYLE('',(#5216));
#5071=FILL_AREA_STYLE('',(#5217));
#5072=FILL_AREA_STYLE('',(#5218));
#5073=FILL_AREA_STYLE('',(#5219));
#5074=FILL_AREA_STYLE('',(#5220));
#5075=FILL_AREA_STYLE('',(#5221));
#5076=FILL_AREA_STYLE('',(#5222));
#5077=FILL_AREA_STYLE('',(#5223));
#5078=FILL_AREA_STYLE('',(#5224));
#5079=FILL_AREA_STYLE('',(#5225));
#5080=FILL_AREA_STYLE('',(#5226));
#5081=FILL_AREA_STYLE('',(#5227));
#5082=FILL_AREA_STYLE('',(#5228));
#5083=FILL_AREA_STYLE('',(#5229));
#5084=FILL_AREA_STYLE('',(#5230));
#5085=FILL_AREA_STYLE('',(#5231));
#5086=FILL_AREA_STYLE('',(#5232));
#5087=FILL_AREA_STYLE('',(#5233));
#5088=FILL_AREA_STYLE('',(#5234));
#5089=FILL_AREA_STYLE('',(#5235));
#5090=FILL_AREA_STYLE('',(#5236));
#5091=FILL_AREA_STYLE('',(#5237));
#5092=FILL_AREA_STYLE('',(#5238));
#5093=FILL_AREA_STYLE('',(#5239));
#5094=FILL_AREA_STYLE('',(#5240));
#5095=FILL_AREA_STYLE('',(#5241));
#5096=FILL_AREA_STYLE('',(#5242));
#5097=FILL_AREA_STYLE('',(#5243));
#5098=FILL_AREA_STYLE('',(#5244));
#5099=FILL_AREA_STYLE('',(#5245));
#5100=FILL_AREA_STYLE('',(#5246));
#5101=FILL_AREA_STYLE('',(#5247));
#5102=FILL_AREA_STYLE('',(#5248));
#5103=FILL_AREA_STYLE('',(#5249));
#5104=FILL_AREA_STYLE('',(#5250));
#5105=FILL_AREA_STYLE('',(#5251));
#5106=FILL_AREA_STYLE('',(#5252));
#5107=FILL_AREA_STYLE('',(#5253));
#5108=FILL_AREA_STYLE('',(#5254));
#5109=FILL_AREA_STYLE('',(#5255));
#5110=FILL_AREA_STYLE('',(#5256));
#5111=FILL_AREA_STYLE('',(#5257));
#5112=FILL_AREA_STYLE('',(#5258));
#5113=FILL_AREA_STYLE('',(#5259));
#5114=FILL_AREA_STYLE('',(#5260));
#5115=FILL_AREA_STYLE('',(#5261));
#5116=FILL_AREA_STYLE('',(#5262));
#5117=FILL_AREA_STYLE('',(#5263));
#5118=FILL_AREA_STYLE('',(#5264));
#5119=FILL_AREA_STYLE('',(#5265));
#5120=FILL_AREA_STYLE('',(#5266));
#5121=FILL_AREA_STYLE('',(#5267));
#5122=FILL_AREA_STYLE('',(#5268));
#5123=FILL_AREA_STYLE('',(#5269));
#5124=FILL_AREA_STYLE('',(#5270));
#5125=FILL_AREA_STYLE('',(#5271));
#5126=FILL_AREA_STYLE('',(#5272));
#5127=FILL_AREA_STYLE('',(#5273));
#5128=FILL_AREA_STYLE('',(#5274));
#5129=FILL_AREA_STYLE('',(#5275));
#5130=FILL_AREA_STYLE('',(#5276));
#5131=FILL_AREA_STYLE('',(#5277));
#5132=FILL_AREA_STYLE('',(#5278));
#5133=FILL_AREA_STYLE('',(#5279));
#5134=FILL_AREA_STYLE('',(#5280));
#5135=FILL_AREA_STYLE('',(#5281));
#5136=FILL_AREA_STYLE('',(#5282));
#5137=FILL_AREA_STYLE('',(#5283));
#5138=FILL_AREA_STYLE('',(#5284));
#5139=FILL_AREA_STYLE('',(#5285));
#5140=FILL_AREA_STYLE('',(#5286));
#5141=FILL_AREA_STYLE('',(#5287));
#5142=FILL_AREA_STYLE('',(#5288));
#5143=FILL_AREA_STYLE('',(#5289));
#5144=FILL_AREA_STYLE('',(#5290));
#5145=FILL_AREA_STYLE('',(#5291));
#5146=FILL_AREA_STYLE('',(#5292));
#5147=FILL_AREA_STYLE('',(#5293));
#5148=FILL_AREA_STYLE('',(#5294));
#5149=FILL_AREA_STYLE('',(#5295));
#5150=FILL_AREA_STYLE('',(#5296));
#5151=FILL_AREA_STYLE('',(#5297));
#5152=FILL_AREA_STYLE('',(#5298));
#5153=FILL_AREA_STYLE('',(#5299));
#5154=FILL_AREA_STYLE('',(#5300));
#5155=FILL_AREA_STYLE('',(#5301));
#5156=FILL_AREA_STYLE('',(#5302));
#5157=FILL_AREA_STYLE('',(#5303));
#5158=FILL_AREA_STYLE('',(#5304));
#5159=FILL_AREA_STYLE('',(#5305));
#5160=FILL_AREA_STYLE('',(#5306));
#5161=FILL_AREA_STYLE('',(#5307));
#5162=FILL_AREA_STYLE('',(#5308));
#5163=FILL_AREA_STYLE('',(#5309));
#5164=FILL_AREA_STYLE_COLOUR('',#5310);
#5165=FILL_AREA_STYLE_COLOUR('',#5311);
#5166=FILL_AREA_STYLE_COLOUR('',#5312);
#5167=FILL_AREA_STYLE_COLOUR('',#5313);
#5168=FILL_AREA_STYLE_COLOUR('',#5313);
#5169=FILL_AREA_STYLE_COLOUR('',#5313);
#5170=FILL_AREA_STYLE_COLOUR('',#5313);
#5171=FILL_AREA_STYLE_COLOUR('',#5313);
#5172=FILL_AREA_STYLE_COLOUR('',#5313);
#5173=FILL_AREA_STYLE_COLOUR('',#5313);
#5174=FILL_AREA_STYLE_COLOUR('',#5313);
#5175=FILL_AREA_STYLE_COLOUR('',#5313);
#5176=FILL_AREA_STYLE_COLOUR('',#78);
#5177=FILL_AREA_STYLE_COLOUR('',#78);
#5178=FILL_AREA_STYLE_COLOUR('',#78);
#5179=FILL_AREA_STYLE_COLOUR('',#78);
#5180=FILL_AREA_STYLE_COLOUR('',#78);
#5181=FILL_AREA_STYLE_COLOUR('',#78);
#5182=FILL_AREA_STYLE_COLOUR('',#78);
#5183=FILL_AREA_STYLE_COLOUR('',#78);
#5184=FILL_AREA_STYLE_COLOUR('',#78);
#5185=FILL_AREA_STYLE_COLOUR('',#78);
#5186=FILL_AREA_STYLE_COLOUR('',#78);
#5187=FILL_AREA_STYLE_COLOUR('',#78);
#5188=FILL_AREA_STYLE_COLOUR('',#78);
#5189=FILL_AREA_STYLE_COLOUR('',#78);
#5190=FILL_AREA_STYLE_COLOUR('',#78);
#5191=FILL_AREA_STYLE_COLOUR('',#78);
#5192=FILL_AREA_STYLE_COLOUR('',#78);
#5193=FILL_AREA_STYLE_COLOUR('',#78);
#5194=FILL_AREA_STYLE_COLOUR('',#78);
#5195=FILL_AREA_STYLE_COLOUR('',#78);
#5196=FILL_AREA_STYLE_COLOUR('',#78);
#5197=FILL_AREA_STYLE_COLOUR('',#78);
#5198=FILL_AREA_STYLE_COLOUR('',#78);
#5199=FILL_AREA_STYLE_COLOUR('',#78);
#5200=FILL_AREA_STYLE_COLOUR('',#78);
#5201=FILL_AREA_STYLE_COLOUR('',#78);
#5202=FILL_AREA_STYLE_COLOUR('',#78);
#5203=FILL_AREA_STYLE_COLOUR('',#78);
#5204=FILL_AREA_STYLE_COLOUR('',#78);
#5205=FILL_AREA_STYLE_COLOUR('',#78);
#5206=FILL_AREA_STYLE_COLOUR('',#78);
#5207=FILL_AREA_STYLE_COLOUR('',#78);
#5208=FILL_AREA_STYLE_COLOUR('',#78);
#5209=FILL_AREA_STYLE_COLOUR('',#78);
#5210=FILL_AREA_STYLE_COLOUR('',#78);
#5211=FILL_AREA_STYLE_COLOUR('',#78);
#5212=FILL_AREA_STYLE_COLOUR('',#78);
#5213=FILL_AREA_STYLE_COLOUR('',#78);
#5214=FILL_AREA_STYLE_COLOUR('',#78);
#5215=FILL_AREA_STYLE_COLOUR('',#78);
#5216=FILL_AREA_STYLE_COLOUR('',#78);
#5217=FILL_AREA_STYLE_COLOUR('',#78);
#5218=FILL_AREA_STYLE_COLOUR('',#78);
#5219=FILL_AREA_STYLE_COLOUR('',#78);
#5220=FILL_AREA_STYLE_COLOUR('',#78);
#5221=FILL_AREA_STYLE_COLOUR('',#78);
#5222=FILL_AREA_STYLE_COLOUR('',#78);
#5223=FILL_AREA_STYLE_COLOUR('',#78);
#5224=FILL_AREA_STYLE_COLOUR('',#78);
#5225=FILL_AREA_STYLE_COLOUR('',#78);
#5226=FILL_AREA_STYLE_COLOUR('',#78);
#5227=FILL_AREA_STYLE_COLOUR('',#78);
#5228=FILL_AREA_STYLE_COLOUR('',#78);
#5229=FILL_AREA_STYLE_COLOUR('',#78);
#5230=FILL_AREA_STYLE_COLOUR('',#78);
#5231=FILL_AREA_STYLE_COLOUR('',#78);
#5232=FILL_AREA_STYLE_COLOUR('',#78);
#5233=FILL_AREA_STYLE_COLOUR('',#78);
#5234=FILL_AREA_STYLE_COLOUR('',#78);
#5235=FILL_AREA_STYLE_COLOUR('',#78);
#5236=FILL_AREA_STYLE_COLOUR('',#78);
#5237=FILL_AREA_STYLE_COLOUR('',#78);
#5238=FILL_AREA_STYLE_COLOUR('',#78);
#5239=FILL_AREA_STYLE_COLOUR('',#78);
#5240=FILL_AREA_STYLE_COLOUR('',#78);
#5241=FILL_AREA_STYLE_COLOUR('',#78);
#5242=FILL_AREA_STYLE_COLOUR('',#78);
#5243=FILL_AREA_STYLE_COLOUR('',#78);
#5244=FILL_AREA_STYLE_COLOUR('',#78);
#5245=FILL_AREA_STYLE_COLOUR('',#78);
#5246=FILL_AREA_STYLE_COLOUR('',#78);
#5247=FILL_AREA_STYLE_COLOUR('',#78);
#5248=FILL_AREA_STYLE_COLOUR('',#78);
#5249=FILL_AREA_STYLE_COLOUR('',#78);
#5250=FILL_AREA_STYLE_COLOUR('',#78);
#5251=FILL_AREA_STYLE_COLOUR('',#78);
#5252=FILL_AREA_STYLE_COLOUR('',#78);
#5253=FILL_AREA_STYLE_COLOUR('',#78);
#5254=FILL_AREA_STYLE_COLOUR('',#78);
#5255=FILL_AREA_STYLE_COLOUR('',#78);
#5256=FILL_AREA_STYLE_COLOUR('',#78);
#5257=FILL_AREA_STYLE_COLOUR('',#78);
#5258=FILL_AREA_STYLE_COLOUR('',#78);
#5259=FILL_AREA_STYLE_COLOUR('',#78);
#5260=FILL_AREA_STYLE_COLOUR('',#78);
#5261=FILL_AREA_STYLE_COLOUR('',#78);
#5262=FILL_AREA_STYLE_COLOUR('',#78);
#5263=FILL_AREA_STYLE_COLOUR('',#78);
#5264=FILL_AREA_STYLE_COLOUR('',#78);
#5265=FILL_AREA_STYLE_COLOUR('',#78);
#5266=FILL_AREA_STYLE_COLOUR('',#78);
#5267=FILL_AREA_STYLE_COLOUR('',#78);
#5268=FILL_AREA_STYLE_COLOUR('',#78);
#5269=FILL_AREA_STYLE_COLOUR('',#78);
#5270=FILL_AREA_STYLE_COLOUR('',#78);
#5271=FILL_AREA_STYLE_COLOUR('',#78);
#5272=FILL_AREA_STYLE_COLOUR('',#78);
#5273=FILL_AREA_STYLE_COLOUR('',#78);
#5274=FILL_AREA_STYLE_COLOUR('',#78);
#5275=FILL_AREA_STYLE_COLOUR('',#78);
#5276=FILL_AREA_STYLE_COLOUR('',#78);
#5277=FILL_AREA_STYLE_COLOUR('',#78);
#5278=FILL_AREA_STYLE_COLOUR('',#78);
#5279=FILL_AREA_STYLE_COLOUR('',#78);
#5280=FILL_AREA_STYLE_COLOUR('',#78);
#5281=FILL_AREA_STYLE_COLOUR('',#78);
#5282=FILL_AREA_STYLE_COLOUR('',#78);
#5283=FILL_AREA_STYLE_COLOUR('',#78);
#5284=FILL_AREA_STYLE_COLOUR('',#78);
#5285=FILL_AREA_STYLE_COLOUR('',#78);
#5286=FILL_AREA_STYLE_COLOUR('',#78);
#5287=FILL_AREA_STYLE_COLOUR('',#78);
#5288=FILL_AREA_STYLE_COLOUR('',#78);
#5289=FILL_AREA_STYLE_COLOUR('',#78);
#5290=FILL_AREA_STYLE_COLOUR('',#78);
#5291=FILL_AREA_STYLE_COLOUR('',#78);
#5292=FILL_AREA_STYLE_COLOUR('',#78);
#5293=FILL_AREA_STYLE_COLOUR('',#78);
#5294=FILL_AREA_STYLE_COLOUR('',#78);
#5295=FILL_AREA_STYLE_COLOUR('',#78);
#5296=FILL_AREA_STYLE_COLOUR('',#78);
#5297=FILL_AREA_STYLE_COLOUR('',#78);
#5298=FILL_AREA_STYLE_COLOUR('',#78);
#5299=FILL_AREA_STYLE_COLOUR('',#78);
#5300=FILL_AREA_STYLE_COLOUR('',#78);
#5301=FILL_AREA_STYLE_COLOUR('',#78);
#5302=FILL_AREA_STYLE_COLOUR('',#78);
#5303=FILL_AREA_STYLE_COLOUR('',#78);
#5304=FILL_AREA_STYLE_COLOUR('',#78);
#5305=FILL_AREA_STYLE_COLOUR('',#78);
#5306=FILL_AREA_STYLE_COLOUR('',#78);
#5307=FILL_AREA_STYLE_COLOUR('',#78);
#5308=FILL_AREA_STYLE_COLOUR('',#78);
#5309=FILL_AREA_STYLE_COLOUR('',#78);
#5310=COLOUR_RGB('',0.756862745098039,0.462745098039216,0.109803921568627);
#5311=COLOUR_RGB('',0.6,0.6,0.6);
#5312=COLOUR_RGB('',0.501960784313726,0.501960784313726,0.501960784313726);
#5313=COLOUR_RGB('',0.282352941176471,0.549019607843137,0.16078431372549);
#5314=MANIFOLD_SOLID_BREP('Part 1',#4432);
#5315=SHAPE_DEFINITION_REPRESENTATION(#8551,#5316);
#5316=SHAPE_REPRESENTATION('Part 1',(#5317),#8546);
#5317=AXIS2_PLACEMENT_3D('',#6546,#5602,#5603);
#5318=AXIS2_PLACEMENT_3D('',#6547,#5604,#5605);
#5319=AXIS2_PLACEMENT_3D('',#6615,#5619,#5620);
#5320=AXIS2_PLACEMENT_3D('',#6617,#5621,#5622);
#5321=AXIS2_PLACEMENT_3D('',#6627,#5623,#5624);
#5322=AXIS2_PLACEMENT_3D('',#6629,#5625,#5626);
#5323=AXIS2_PLACEMENT_3D('',#6633,#5628,#5629);
#5324=AXIS2_PLACEMENT_3D('',#6757,#5651,#5652);
#5325=AXIS2_PLACEMENT_3D('',#6759,#5653,#5654);
#5326=AXIS2_PLACEMENT_3D('',#6763,#5656,#5657);
#5327=AXIS2_PLACEMENT_3D('',#6843,#5667,#5668);
#5328=AXIS2_PLACEMENT_3D('',#6845,#5669,#5670);
#5329=AXIS2_PLACEMENT_3D('',#6855,#5671,#5672);
#5330=AXIS2_PLACEMENT_3D('',#6857,#5673,#5674);
#5331=AXIS2_PLACEMENT_3D('',#6861,#5676,#5677);
#5332=AXIS2_PLACEMENT_3D('',#6862,#5678,#5679);
#5333=AXIS2_PLACEMENT_3D('',#6863,#5680,#5681);
#5334=AXIS2_PLACEMENT_3D('',#6865,#5682,#5683);
#5335=AXIS2_PLACEMENT_3D('',#6867,#5684,#5685);
#5336=AXIS2_PLACEMENT_3D('',#6869,#5686,#5687);
#5337=AXIS2_PLACEMENT_3D('',#6874,#5689,#5690);
#5338=AXIS2_PLACEMENT_3D('',#6878,#5692,#5693);
#5339=AXIS2_PLACEMENT_3D('',#6882,#5695,#5696);
#5340=AXIS2_PLACEMENT_3D('',#6886,#5698,#5699);
#5341=AXIS2_PLACEMENT_3D('',#6890,#5701,#5702);
#5342=AXIS2_PLACEMENT_3D('',#6894,#5704,#5705);
#5343=AXIS2_PLACEMENT_3D('',#6898,#5707,#5708);
#5344=AXIS2_PLACEMENT_3D('',#6902,#5710,#5711);
#5345=AXIS2_PLACEMENT_3D('',#6906,#5713,#5714);
#5346=AXIS2_PLACEMENT_3D('',#6910,#5716,#5717);
#5347=AXIS2_PLACEMENT_3D('',#6914,#5719,#5720);
#5348=AXIS2_PLACEMENT_3D('',#6918,#5722,#5723);
#5349=AXIS2_PLACEMENT_3D('',#6922,#5725,#5726);
#5350=AXIS2_PLACEMENT_3D('',#6926,#5728,#5729);
#5351=AXIS2_PLACEMENT_3D('',#6930,#5731,#5732);
#5352=AXIS2_PLACEMENT_3D('',#6934,#5734,#5735);
#5353=AXIS2_PLACEMENT_3D('',#6935,#5736,#5737);
#5354=AXIS2_PLACEMENT_3D('',#6939,#5739,#5740);
#5355=AXIS2_PLACEMENT_3D('',#6943,#5742,#5743);
#5356=AXIS2_PLACEMENT_3D('',#6947,#5745,#5746);
#5357=AXIS2_PLACEMENT_3D('',#6948,#5747,#5748);
#5358=AXIS2_PLACEMENT_3D('',#6953,#5750,#5751);
#5359=AXIS2_PLACEMENT_3D('',#6957,#5753,#5754);
#5360=AXIS2_PLACEMENT_3D('',#6961,#5756,#5757);
#5361=AXIS2_PLACEMENT_3D('',#6964,#5759,#5760);
#5362=AXIS2_PLACEMENT_3D('',#6969,#5762,#5763);
#5363=AXIS2_PLACEMENT_3D('',#6973,#5765,#5766);
#5364=AXIS2_PLACEMENT_3D('',#6977,#5768,#5769);
#5365=AXIS2_PLACEMENT_3D('',#6980,#5771,#5772);
#5366=AXIS2_PLACEMENT_3D('',#6985,#5774,#5775);
#5367=AXIS2_PLACEMENT_3D('',#6989,#5777,#5778);
#5368=AXIS2_PLACEMENT_3D('',#6993,#5780,#5781);
#5369=AXIS2_PLACEMENT_3D('',#6996,#5783,#5784);
#5370=AXIS2_PLACEMENT_3D('',#7001,#5786,#5787);
#5371=AXIS2_PLACEMENT_3D('',#7005,#5789,#5790);
#5372=AXIS2_PLACEMENT_3D('',#7009,#5792,#5793);
#5373=AXIS2_PLACEMENT_3D('',#7012,#5795,#5796);
#5374=AXIS2_PLACEMENT_3D('',#7017,#5798,#5799);
#5375=AXIS2_PLACEMENT_3D('',#7021,#5801,#5802);
#5376=AXIS2_PLACEMENT_3D('',#7025,#5804,#5805);
#5377=AXIS2_PLACEMENT_3D('',#7028,#5807,#5808);
#5378=AXIS2_PLACEMENT_3D('',#7029,#5809,#5810);
#5379=AXIS2_PLACEMENT_3D('',#7032,#5812,#5813);
#5380=AXIS2_PLACEMENT_3D('',#7036,#5816,#5817);
#5381=AXIS2_PLACEMENT_3D('',#7037,#5818,#5819);
#5382=AXIS2_PLACEMENT_3D('',#7040,#5821,#5822);
#5383=AXIS2_PLACEMENT_3D('',#7044,#5825,#5826);
#5384=AXIS2_PLACEMENT_3D('',#7045,#5827,#5828);
#5385=AXIS2_PLACEMENT_3D('',#7048,#5830,#5831);
#5386=AXIS2_PLACEMENT_3D('',#7052,#5834,#5835);
#5387=AXIS2_PLACEMENT_3D('',#7053,#5836,#5837);
#5388=AXIS2_PLACEMENT_3D('',#7054,#5838,#5839);
#5389=AXIS2_PLACEMENT_3D('',#7055,#5840,#5841);
#5390=AXIS2_PLACEMENT_3D('',#7061,#5845,#5846);
#5391=AXIS2_PLACEMENT_3D('',#7064,#5848,#5849);
#5392=AXIS2_PLACEMENT_3D('',#7065,#5850,#5851);
#5393=AXIS2_PLACEMENT_3D('',#7069,#5854,#5855);
#5394=AXIS2_PLACEMENT_3D('',#7072,#5857,#5858);
#5395=AXIS2_PLACEMENT_3D('',#7073,#5859,#5860);
#5396=AXIS2_PLACEMENT_3D('',#7077,#5863,#5864);
#5397=AXIS2_PLACEMENT_3D('',#7080,#5866,#5867);
#5398=AXIS2_PLACEMENT_3D('',#7081,#5868,#5869);
#5399=AXIS2_PLACEMENT_3D('',#7085,#5872,#5873);
#5400=AXIS2_PLACEMENT_3D('',#7086,#5874,#5875);
#5401=AXIS2_PLACEMENT_3D('',#7087,#5876,#5877);
#5402=AXIS2_PLACEMENT_3D('',#7088,#5878,#5879);
#5403=AXIS2_PLACEMENT_3D('',#7094,#5883,#5884);
#5404=AXIS2_PLACEMENT_3D('',#7097,#5886,#5887);
#5405=AXIS2_PLACEMENT_3D('',#7098,#5888,#5889);
#5406=AXIS2_PLACEMENT_3D('',#7102,#5892,#5893);
#5407=AXIS2_PLACEMENT_3D('',#7105,#5895,#5896);
#5408=AXIS2_PLACEMENT_3D('',#7106,#5897,#5898);
#5409=AXIS2_PLACEMENT_3D('',#7110,#5901,#5902);
#5410=AXIS2_PLACEMENT_3D('',#7113,#5904,#5905);
#5411=AXIS2_PLACEMENT_3D('',#7114,#5906,#5907);
#5412=AXIS2_PLACEMENT_3D('',#7118,#5910,#5911);
#5413=AXIS2_PLACEMENT_3D('',#7119,#5912,#5913);
#5414=AXIS2_PLACEMENT_3D('',#7120,#5914,#5915);
#5415=AXIS2_PLACEMENT_3D('',#7121,#5916,#5917);
#5416=AXIS2_PLACEMENT_3D('',#7127,#5921,#5922);
#5417=AXIS2_PLACEMENT_3D('',#7130,#5924,#5925);
#5418=AXIS2_PLACEMENT_3D('',#7131,#5926,#5927);
#5419=AXIS2_PLACEMENT_3D('',#7135,#5930,#5931);
#5420=AXIS2_PLACEMENT_3D('',#7138,#5933,#5934);
#5421=AXIS2_PLACEMENT_3D('',#7139,#5935,#5936);
#5422=AXIS2_PLACEMENT_3D('',#7143,#5939,#5940);
#5423=AXIS2_PLACEMENT_3D('',#7146,#5942,#5943);
#5424=AXIS2_PLACEMENT_3D('',#7147,#5944,#5945);
#5425=AXIS2_PLACEMENT_3D('',#7151,#5948,#5949);
#5426=AXIS2_PLACEMENT_3D('',#7152,#5950,#5951);
#5427=AXIS2_PLACEMENT_3D('',#7153,#5952,#5953);
#5428=AXIS2_PLACEMENT_3D('',#7154,#5954,#5955);
#5429=AXIS2_PLACEMENT_3D('',#7160,#5959,#5960);
#5430=AXIS2_PLACEMENT_3D('',#7163,#5962,#5963);
#5431=AXIS2_PLACEMENT_3D('',#7164,#5964,#5965);
#5432=AXIS2_PLACEMENT_3D('',#7168,#5968,#5969);
#5433=AXIS2_PLACEMENT_3D('',#7171,#5971,#5972);
#5434=AXIS2_PLACEMENT_3D('',#7172,#5973,#5974);
#5435=AXIS2_PLACEMENT_3D('',#7176,#5977,#5978);
#5436=AXIS2_PLACEMENT_3D('',#7179,#5980,#5981);
#5437=AXIS2_PLACEMENT_3D('',#7180,#5982,#5983);
#5438=AXIS2_PLACEMENT_3D('',#7184,#5986,#5987);
#5439=AXIS2_PLACEMENT_3D('',#7185,#5988,#5989);
#5440=AXIS2_PLACEMENT_3D('',#7186,#5990,#5991);
#5441=AXIS2_PLACEMENT_3D('',#7187,#5992,#5993);
#5442=AXIS2_PLACEMENT_3D('',#7193,#5997,#5998);
#5443=AXIS2_PLACEMENT_3D('',#7196,#6000,#6001);
#5444=AXIS2_PLACEMENT_3D('',#7197,#6002,#6003);
#5445=AXIS2_PLACEMENT_3D('',#7201,#6006,#6007);
#5446=AXIS2_PLACEMENT_3D('',#7204,#6009,#6010);
#5447=AXIS2_PLACEMENT_3D('',#7205,#6011,#6012);
#5448=AXIS2_PLACEMENT_3D('',#7209,#6015,#6016);
#5449=AXIS2_PLACEMENT_3D('',#7212,#6018,#6019);
#5450=AXIS2_PLACEMENT_3D('',#7213,#6020,#6021);
#5451=AXIS2_PLACEMENT_3D('',#7217,#6024,#6025);
#5452=AXIS2_PLACEMENT_3D('',#7218,#6026,#6027);
#5453=AXIS2_PLACEMENT_3D('',#7219,#6028,#6029);
#5454=AXIS2_PLACEMENT_3D('',#7220,#6030,#6031);
#5455=AXIS2_PLACEMENT_3D('',#7226,#6035,#6036);
#5456=AXIS2_PLACEMENT_3D('',#7229,#6038,#6039);
#5457=AXIS2_PLACEMENT_3D('',#7230,#6040,#6041);
#5458=AXIS2_PLACEMENT_3D('',#7234,#6044,#6045);
#5459=AXIS2_PLACEMENT_3D('',#7237,#6047,#6048);
#5460=AXIS2_PLACEMENT_3D('',#7238,#6049,#6050);
#5461=AXIS2_PLACEMENT_3D('',#7242,#6053,#6054);
#5462=AXIS2_PLACEMENT_3D('',#7245,#6056,#6057);
#5463=AXIS2_PLACEMENT_3D('',#7246,#6058,#6059);
#5464=AXIS2_PLACEMENT_3D('',#7250,#6062,#6063);
#5465=AXIS2_PLACEMENT_3D('',#7251,#6064,#6065);
#5466=AXIS2_PLACEMENT_3D('',#7252,#6066,#6067);
#5467=AXIS2_PLACEMENT_3D('',#7253,#6068,#6069);
#5468=AXIS2_PLACEMENT_3D('',#7259,#6073,#6074);
#5469=AXIS2_PLACEMENT_3D('',#7262,#6076,#6077);
#5470=AXIS2_PLACEMENT_3D('',#7263,#6078,#6079);
#5471=AXIS2_PLACEMENT_3D('',#7267,#6082,#6083);
#5472=AXIS2_PLACEMENT_3D('',#7270,#6085,#6086);
#5473=AXIS2_PLACEMENT_3D('',#7271,#6087,#6088);
#5474=AXIS2_PLACEMENT_3D('',#7275,#6091,#6092);
#5475=AXIS2_PLACEMENT_3D('',#7278,#6094,#6095);
#5476=AXIS2_PLACEMENT_3D('',#7279,#6096,#6097);
#5477=AXIS2_PLACEMENT_3D('',#7283,#6100,#6101);
#5478=AXIS2_PLACEMENT_3D('',#7284,#6102,#6103);
#5479=AXIS2_PLACEMENT_3D('',#7285,#6104,#6105);
#5480=AXIS2_PLACEMENT_3D('',#7286,#6106,#6107);
#5481=AXIS2_PLACEMENT_3D('',#7292,#6111,#6112);
#5482=AXIS2_PLACEMENT_3D('',#7295,#6114,#6115);
#5483=AXIS2_PLACEMENT_3D('',#7296,#6116,#6117);
#5484=AXIS2_PLACEMENT_3D('',#7300,#6120,#6121);
#5485=AXIS2_PLACEMENT_3D('',#7303,#6123,#6124);
#5486=AXIS2_PLACEMENT_3D('',#7304,#6125,#6126);
#5487=AXIS2_PLACEMENT_3D('',#7308,#6129,#6130);
#5488=AXIS2_PLACEMENT_3D('',#7311,#6132,#6133);
#5489=AXIS2_PLACEMENT_3D('',#7312,#6134,#6135);
#5490=AXIS2_PLACEMENT_3D('',#7316,#6138,#6139);
#5491=AXIS2_PLACEMENT_3D('',#7317,#6140,#6141);
#5492=AXIS2_PLACEMENT_3D('',#7318,#6142,#6143);
#5493=AXIS2_PLACEMENT_3D('',#7319,#6144,#6145);
#5494=AXIS2_PLACEMENT_3D('',#7325,#6149,#6150);
#5495=AXIS2_PLACEMENT_3D('',#7328,#6152,#6153);
#5496=AXIS2_PLACEMENT_3D('',#7329,#6154,#6155);
#5497=AXIS2_PLACEMENT_3D('',#7333,#6158,#6159);
#5498=AXIS2_PLACEMENT_3D('',#7336,#6161,#6162);
#5499=AXIS2_PLACEMENT_3D('',#7337,#6163,#6164);
#5500=AXIS2_PLACEMENT_3D('',#7341,#6167,#6168);
#5501=AXIS2_PLACEMENT_3D('',#7344,#6170,#6171);
#5502=AXIS2_PLACEMENT_3D('',#7345,#6172,#6173);
#5503=AXIS2_PLACEMENT_3D('',#7349,#6176,#6177);
#5504=AXIS2_PLACEMENT_3D('',#7350,#6178,#6179);
#5505=AXIS2_PLACEMENT_3D('',#7351,#6180,#6181);
#5506=AXIS2_PLACEMENT_3D('',#7380,#6185,#6186);
#5507=AXIS2_PLACEMENT_3D('',#7383,#6188,#6189);
#5508=AXIS2_PLACEMENT_3D('',#7384,#6190,#6191);
#5509=AXIS2_PLACEMENT_3D('',#7388,#6194,#6195);
#5510=AXIS2_PLACEMENT_3D('',#7391,#6197,#6198);
#5511=AXIS2_PLACEMENT_3D('',#7392,#6199,#6200);
#5512=AXIS2_PLACEMENT_3D('',#7395,#6202,#6203);
#5513=AXIS2_PLACEMENT_3D('',#7422,#6206,#6207);
#5514=AXIS2_PLACEMENT_3D('',#7426,#6210,#6211);
#5515=AXIS2_PLACEMENT_3D('',#7536,#6222,#6223);
#5516=AXIS2_PLACEMENT_3D('',#7567,#6227,#6228);
#5517=AXIS2_PLACEMENT_3D('',#7568,#6229,#6230);
#5518=AXIS2_PLACEMENT_3D('',#7835,#6249,#6250);
#5519=AXIS2_PLACEMENT_3D('',#7836,#6251,#6252);
#5520=AXIS2_PLACEMENT_3D('',#7837,#6253,#6254);
#5521=AXIS2_PLACEMENT_3D('',#7843,#6258,#6259);
#5522=AXIS2_PLACEMENT_3D('',#7847,#6262,#6263);
#5523=AXIS2_PLACEMENT_3D('',#7851,#6266,#6267);
#5524=AXIS2_PLACEMENT_3D('',#7855,#6270,#6271);
#5525=AXIS2_PLACEMENT_3D('',#7859,#6274,#6275);
#5526=AXIS2_PLACEMENT_3D('',#7863,#6278,#6279);
#5527=AXIS2_PLACEMENT_3D('',#7867,#6282,#6283);
#5528=AXIS2_PLACEMENT_3D('',#7869,#6285,#6286);
#5529=AXIS2_PLACEMENT_3D('',#7898,#6290,#6291);
#5530=AXIS2_PLACEMENT_3D('',#7901,#6293,#6294);
#5531=AXIS2_PLACEMENT_3D('',#7902,#6295,#6296);
#5532=AXIS2_PLACEMENT_3D('',#7906,#6299,#6300);
#5533=AXIS2_PLACEMENT_3D('',#7909,#6302,#6303);
#5534=AXIS2_PLACEMENT_3D('',#7910,#6304,#6305);
#5535=AXIS2_PLACEMENT_3D('',#7913,#6307,#6308);
#5536=AXIS2_PLACEMENT_3D('',#7940,#6311,#6312);
#5537=AXIS2_PLACEMENT_3D('',#7943,#6314,#6315);
#5538=AXIS2_PLACEMENT_3D('',#7944,#6316,#6317);
#5539=AXIS2_PLACEMENT_3D('',#7947,#6319,#6320);
#5540=AXIS2_PLACEMENT_3D('',#7948,#6321,#6322);
#5541=AXIS2_PLACEMENT_3D('',#7989,#6327,#6328);
#5542=AXIS2_PLACEMENT_3D('',#7990,#6329,#6330);
#5543=AXIS2_PLACEMENT_3D('',#7999,#6335,#6336);
#5544=AXIS2_PLACEMENT_3D('',#8073,#6344,#6345);
#5545=AXIS2_PLACEMENT_3D('',#8079,#6349,#6350);
#5546=AXIS2_PLACEMENT_3D('',#8083,#6353,#6354);
#5547=AXIS2_PLACEMENT_3D('',#8126,#6360,#6361);
#5548=AXIS2_PLACEMENT_3D('',#8156,#6366,#6367);
#5549=AXIS2_PLACEMENT_3D('',#8160,#6370,#6371);
#5550=AXIS2_PLACEMENT_3D('',#8242,#6380,#6381);
#5551=AXIS2_PLACEMENT_3D('',#8258,#6383,#6384);
#5552=AXIS2_PLACEMENT_3D('',#8259,#6385,#6386);
#5553=AXIS2_PLACEMENT_3D('',#8265,#6390,#6391);
#5554=AXIS2_PLACEMENT_3D('',#8269,#6394,#6395);
#5555=AXIS2_PLACEMENT_3D('',#8273,#6398,#6399);
#5556=AXIS2_PLACEMENT_3D('',#8277,#6402,#6403);
#5557=AXIS2_PLACEMENT_3D('',#8281,#6406,#6407);
#5558=AXIS2_PLACEMENT_3D('',#8285,#6410,#6411);
#5559=AXIS2_PLACEMENT_3D('',#8289,#6414,#6415);
#5560=AXIS2_PLACEMENT_3D('',#8291,#6417,#6418);
#5561=AXIS2_PLACEMENT_3D('',#8320,#6422,#6423);
#5562=AXIS2_PLACEMENT_3D('',#8323,#6425,#6426);
#5563=AXIS2_PLACEMENT_3D('',#8324,#6427,#6428);
#5564=AXIS2_PLACEMENT_3D('',#8328,#6431,#6432);
#5565=AXIS2_PLACEMENT_3D('',#8331,#6434,#6435);
#5566=AXIS2_PLACEMENT_3D('',#8332,#6436,#6437);
#5567=AXIS2_PLACEMENT_3D('',#8335,#6439,#6440);
#5568=AXIS2_PLACEMENT_3D('',#8362,#6443,#6444);
#5569=AXIS2_PLACEMENT_3D('',#8365,#6446,#6447);
#5570=AXIS2_PLACEMENT_3D('',#8366,#6448,#6449);
#5571=AXIS2_PLACEMENT_3D('',#8369,#6451,#6452);
#5572=AXIS2_PLACEMENT_3D('',#8370,#6453,#6454);
#5573=AXIS2_PLACEMENT_3D('',#8411,#6459,#6460);
#5574=AXIS2_PLACEMENT_3D('',#8412,#6461,#6462);
#5575=AXIS2_PLACEMENT_3D('',#8418,#6466,#6467);
#5576=AXIS2_PLACEMENT_3D('',#8422,#6470,#6471);
#5577=AXIS2_PLACEMENT_3D('',#8426,#6474,#6475);
#5578=AXIS2_PLACEMENT_3D('',#8428,#6477,#6478);
#5579=AXIS2_PLACEMENT_3D('',#8494,#6484,#6485);
#5580=AXIS2_PLACEMENT_3D('',#8495,#6486,#6487);
#5581=AXIS2_PLACEMENT_3D('',#8501,#6491,#6492);
#5582=AXIS2_PLACEMENT_3D('',#8505,#6495,#6496);
#5583=AXIS2_PLACEMENT_3D('',#8509,#6499,#6500);
#5584=AXIS2_PLACEMENT_3D('',#8513,#6503,#6504);
#5585=AXIS2_PLACEMENT_3D('',#8517,#6507,#6508);
#5586=AXIS2_PLACEMENT_3D('',#8521,#6511,#6512);
#5587=AXIS2_PLACEMENT_3D('',#8525,#6515,#6516);
#5588=AXIS2_PLACEMENT_3D('',#8527,#6518,#6519);
#5589=AXIS2_PLACEMENT_3D('',#8528,#6520,#6521);
#5590=AXIS2_PLACEMENT_3D('',#8529,#6522,#6523);
#5591=AXIS2_PLACEMENT_3D('',#8530,#6524,#6525);
#5592=AXIS2_PLACEMENT_3D('',#8532,#6526,#6527);
#5593=AXIS2_PLACEMENT_3D('',#8533,#6528,#6529);
#5594=AXIS2_PLACEMENT_3D('',#8534,#6530,#6531);
#5595=AXIS2_PLACEMENT_3D('',#8536,#6532,#6533);
#5596=AXIS2_PLACEMENT_3D('',#8537,#6534,#6535);
#5597=AXIS2_PLACEMENT_3D('',#8538,#6536,#6537);
#5598=AXIS2_PLACEMENT_3D('',#8540,#6538,#6539);
#5599=AXIS2_PLACEMENT_3D('',#8541,#6540,#6541);
#5600=AXIS2_PLACEMENT_3D('',#8542,#6542,#6543);
#5601=AXIS2_PLACEMENT_3D('',#8544,#6544,#6545);
#5602=DIRECTION('',(0.,0.,1.));
#5603=DIRECTION('',(1.,0.,0.));
#5604=DIRECTION('',(0.,0.,1.));
#5605=DIRECTION('',(1.,0.,0.));
#5606=DIRECTION('',(9.13493598731799E-16,1.,0.));
#5607=DIRECTION('',(-1.,1.10857727426076E-15,0.));
#5608=DIRECTION('',(-1.8269871974636E-15,-1.,0.));
#5609=DIRECTION('',(-1.,1.38496229332303E-15,0.));
#5610=DIRECTION('',(0.,-1.,0.));
#5611=DIRECTION('',(1.,-9.963699745008E-16,0.));
#5612=DIRECTION('',(0.,1.,0.));
#5613=DIRECTION('',(-1.,1.38607919839829E-15,0.));
#5614=DIRECTION('',(9.83822670872284E-16,1.,0.));
#5615=DIRECTION('',(-1.,1.12718927466808E-15,0.));
#5616=DIRECTION('',(-9.83822670872284E-16,-1.,0.));
#5617=DIRECTION('',(1.,-1.80350283946892E-15,0.));
#5618=DIRECTION('',(-0.356942580167974,0.934126326822571,0.));
#5619=DIRECTION('',(0.,0.,1.));
#5620=DIRECTION('',(1.,0.,0.));
#5621=DIRECTION('',(0.,0.,1.));
#5622=DIRECTION('',(1.,0.,0.));
#5623=DIRECTION('',(0.,0.,1.));
#5624=DIRECTION('',(1.,0.,0.));
#5625=DIRECTION('',(0.,0.,1.));
#5626=DIRECTION('',(1.,0.,0.));
#5627=DIRECTION('',(0.,1.,0.));
#5628=DIRECTION('',(0.,0.,1.));
#5629=DIRECTION('',(1.,0.,0.));
#5630=DIRECTION('',(9.13493598731799E-16,1.,0.));
#5631=DIRECTION('',(-1.,1.10857727426076E-15,0.));
#5632=DIRECTION('',(-9.13493598731799E-16,-1.,0.));
#5633=DIRECTION('',(-1.,1.38496229332303E-15,0.));
#5634=DIRECTION('',(0.,-1.,0.));
#5635=DIRECTION('',(1.,-9.963699745008E-16,0.));
#5636=DIRECTION('',(1.06621476799868E-15,1.,0.));
#5637=DIRECTION('',(-1.,1.38607919839829E-15,0.));
#5638=DIRECTION('',(-1.,9.69213274067975E-16,0.));
#5639=DIRECTION('',(-0.362919553442001,-0.931820475053783,0.));
#5640=DIRECTION('',(-1.,0.,0.));
#5641=DIRECTION('',(0.999510468287049,-0.0312861596333683,0.));
#5642=DIRECTION('',(-1.4041978807303E-15,-1.,0.));
#5643=DIRECTION('',(-0.439385247314075,-0.898298727842108,0.));
#5644=DIRECTION('',(1.06129131062927E-15,1.,0.));
#5645=DIRECTION('',(1.,0.,0.));
#5646=DIRECTION('',(0.,1.,0.));
#5647=DIRECTION('',(1.,0.,0.));
#5648=DIRECTION('',(0.,1.,0.));
#5649=DIRECTION('',(0.,1.,0.));
#5650=DIRECTION('',(-1.,1.14429973769233E-15,0.));
#5651=DIRECTION('',(0.,0.,1.));
#5652=DIRECTION('',(1.,0.,0.));
#5653=DIRECTION('',(0.,0.,1.));
#5654=DIRECTION('',(1.,0.,0.));
#5655=DIRECTION('',(0.,1.,0.));
#5656=DIRECTION('',(0.,0.,1.));
#5657=DIRECTION('',(1.,0.,0.));
#5658=DIRECTION('',(9.13493598731799E-16,1.,0.));
#5659=DIRECTION('',(-1.,1.10857727426076E-15,0.));
#5660=DIRECTION('',(-9.13493598731799E-16,-1.,0.));
#5661=DIRECTION('',(-1.,1.38496229332303E-15,0.));
#5662=DIRECTION('',(0.,-1.,0.));
#5663=DIRECTION('',(1.,-9.963699745008E-16,0.));
#5664=DIRECTION('',(0.,1.,0.));
#5665=DIRECTION('',(-1.,1.38607919839829E-15,0.));
#5666=DIRECTION('',(-0.356942580167973,0.934126326822572,0.));
#5667=DIRECTION('',(0.,0.,1.));
#5668=DIRECTION('',(1.,0.,0.));
#5669=DIRECTION('',(0.,0.,1.));
#5670=DIRECTION('',(1.,0.,0.));
#5671=DIRECTION('',(0.,0.,1.));
#5672=DIRECTION('',(1.,0.,0.));
#5673=DIRECTION('',(0.,0.,1.));
#5674=DIRECTION('',(1.,0.,0.));
#5675=DIRECTION('',(1.05314841054772E-15,1.,0.));
#5676=DIRECTION('',(0.,0.,1.));
#5677=DIRECTION('',(1.,0.,0.));
#5678=DIRECTION('',(0.,-1.,0.));
#5679=DIRECTION('',(1.,0.,0.));
#5680=DIRECTION('',(0.,-1.,0.));
#5681=DIRECTION('',(1.,0.,0.));
#5682=DIRECTION('',(0.,-1.,0.));
#5683=DIRECTION('',(1.,0.,0.));
#5684=DIRECTION('',(0.,-1.,0.));
#5685=DIRECTION('',(1.,0.,0.));
#5686=DIRECTION('',(0.,-1.,0.));
#5687=DIRECTION('',(1.,0.,0.));
#5688=DIRECTION('',(-2.43914999434309E-16,0.,1.));
#5689=DIRECTION('',(0.,-1.,0.));
#5690=DIRECTION('',(0.,1.13826999736011E-15,-1.));
#5691=DIRECTION('',(1.,0.,0.));
#5692=DIRECTION('',(0.,-1.,0.));
#5693=DIRECTION('',(-1.,1.13826999736011E-15,-1.13826999736011E-15));
#5694=DIRECTION('',(-2.43914999434309E-16,0.,1.));
#5695=DIRECTION('',(0.,-1.,0.));
#5696=DIRECTION('',(0.,-1.13826999736011E-15,1.));
#5697=DIRECTION('',(1.,0.,0.));
#5698=DIRECTION('',(0.,-1.,0.));
#5699=DIRECTION('',(1.,1.13826999736011E-15,-2.27653999472022E-15));
#5700=DIRECTION('',(1.,0.,0.));
#5701=DIRECTION('',(0.,-1.,0.));
#5702=DIRECTION('',(-1.,1.13826999736011E-15,8.53702498020081E-16));
#5703=DIRECTION('',(-2.43914999434309E-16,0.,1.));
#5704=DIRECTION('',(0.,-1.,0.));
#5705=DIRECTION('',(0.,1.13826999736011E-15,1.));
#5706=DIRECTION('',(1.,0.,0.));
#5707=DIRECTION('',(0.,-1.,0.));
#5708=DIRECTION('',(1.,-1.13826999736011E-15,-3.98394499076039E-15));
#5709=DIRECTION('',(0.,0.,1.));
#5710=DIRECTION('',(0.,-1.,0.));
#5711=DIRECTION('',(2.27653999472022E-15,0.,-1.));
#5712=DIRECTION('',(1.,0.,0.));
#5713=DIRECTION('',(0.,-1.,0.));
#5714=DIRECTION('',(-1.,0.,-2.27653999472022E-15));
#5715=DIRECTION('',(-2.43914999434309E-16,0.,1.));
#5716=DIRECTION('',(0.,-1.,0.));
#5717=DIRECTION('',(-1.13826999736011E-15,1.13826999736011E-15,1.));
#5718=DIRECTION('',(1.,0.,0.));
#5719=DIRECTION('',(0.,-1.,0.));
#5720=DIRECTION('',(1.,-1.13826999736011E-15,-3.41480999208033E-15));
#5721=DIRECTION('',(0.,0.,1.));
#5722=DIRECTION('',(0.,-1.,0.));
#5723=DIRECTION('',(3.41480999208031E-15,0.,-1.));
#5724=DIRECTION('',(-2.43914999434309E-16,0.,1.));
#5725=DIRECTION('',(0.,-1.,0.));
#5726=DIRECTION('',(0.,1.13826999736011E-15,-1.));
#5727=DIRECTION('',(1.,0.,0.));
#5728=DIRECTION('',(0.,-1.,0.));
#5729=DIRECTION('',(-1.,0.,0.));
#5730=DIRECTION('',(0.,0.,1.));
#5731=DIRECTION('',(0.,-1.,0.));
#5732=DIRECTION('',(0.,0.,1.));
#5733=DIRECTION('',(1.,0.,0.));
#5734=DIRECTION('',(0.,-1.,0.));
#5735=DIRECTION('',(1.,-1.13826999736011E-15,0.));
#5736=DIRECTION('',(0.,-1.,0.));
#5737=DIRECTION('',(-4.55307998944045E-15,0.,-1.));
#5738=DIRECTION('',(-1.97959999540888E-16,0.,-1.));
#5739=DIRECTION('',(0.,-1.,0.));
#5740=DIRECTION('',(1.,0.,-4.55307998944045E-15));
#5741=DIRECTION('',(1.,0.,0.));
#5742=DIRECTION('',(0.,-1.,0.));
#5743=DIRECTION('',(4.55307998944045E-15,0.,1.));
#5744=DIRECTION('',(-1.97959999540888E-16,0.,-1.));
#5745=DIRECTION('',(0.,-1.,0.));
#5746=DIRECTION('',(-1.,0.,-4.55307998944042E-15));
#5747=DIRECTION('',(0.,-1.,0.));
#5748=DIRECTION('',(-8.53702498020081E-16,1.13826999736011E-15,1.));
#5749=DIRECTION('',(1.,0.,0.));
#5750=DIRECTION('',(0.,-1.,0.));
#5751=DIRECTION('',(1.,1.13826999736011E-15,0.));
#5752=DIRECTION('',(-2.43914999434309E-16,0.,1.));
#5753=DIRECTION('',(0.,-1.,0.));
#5754=DIRECTION('',(0.,0.,-1.));
#5755=DIRECTION('',(1.,0.,0.));
#5756=DIRECTION('',(0.,-1.,0.));
#5757=DIRECTION('',(-1.,0.,-2.27653999472022E-15));
#5758=DIRECTION('',(-2.43914999434309E-16,0.,1.));
#5759=DIRECTION('',(0.,-1.,0.));
#5760=DIRECTION('',(-1.,0.,-3.41480999208031E-15));
#5761=DIRECTION('',(0.,0.,1.));
#5762=DIRECTION('',(0.,-1.,0.));
#5763=DIRECTION('',(-2.27653999472022E-15,0.,1.));
#5764=DIRECTION('',(1.,0.,0.));
#5765=DIRECTION('',(0.,-1.,0.));
#5766=DIRECTION('',(1.,1.13826999736011E-15,0.));
#5767=DIRECTION('',(-2.43914999434309E-16,0.,1.));
#5768=DIRECTION('',(0.,-1.,0.));
#5769=DIRECTION('',(0.,0.,-1.));
#5770=DIRECTION('',(1.,0.,0.));
#5771=DIRECTION('',(0.,-1.,0.));
#5772=DIRECTION('',(-1.,0.,0.));
#5773=DIRECTION('',(0.,0.,1.));
#5774=DIRECTION('',(0.,-1.,0.));
#5775=DIRECTION('',(-2.27653999472022E-15,0.,1.));
#5776=DIRECTION('',(1.,0.,0.));
#5777=DIRECTION('',(0.,-1.,0.));
#5778=DIRECTION('',(1.,1.13826999736011E-15,0.));
#5779=DIRECTION('',(-2.4391499943431E-16,0.,1.));
#5780=DIRECTION('',(0.,-1.,0.));
#5781=DIRECTION('',(1.13826999736011E-15,1.13826999736011E-15,-1.));
#5782=DIRECTION('',(1.,0.,0.));
#5783=DIRECTION('',(0.,-1.,0.));
#5784=DIRECTION('',(0.,0.,1.));
#5785=DIRECTION('',(1.,0.,0.));
#5786=DIRECTION('',(0.,-1.,0.));
#5787=DIRECTION('',(1.,1.13826999736011E-15,0.));
#5788=DIRECTION('',(-2.4391499943431E-16,0.,1.));
#5789=DIRECTION('',(0.,-1.,0.));
#5790=DIRECTION('',(0.,0.,-1.));
#5791=DIRECTION('',(1.,0.,0.));
#5792=DIRECTION('',(0.,-1.,0.));
#5793=DIRECTION('',(-1.,1.13826999736011E-15,8.53702498020084E-16));
#5794=DIRECTION('',(-2.43914999434309E-16,0.,1.));
#5795=DIRECTION('',(0.,-1.,0.));
#5796=DIRECTION('',(3.41480999208033E-15,-1.13826999736011E-15,1.));
#5797=DIRECTION('',(1.,0.,0.));
#5798=DIRECTION('',(0.,-1.,0.));
#5799=DIRECTION('',(1.,1.13826999736011E-15,0.));
#5800=DIRECTION('',(0.,0.,1.));
#5801=DIRECTION('',(0.,-1.,0.));
#5802=DIRECTION('',(2.27653999472022E-15,0.,-1.));
#5803=DIRECTION('',(1.,0.,0.));
#5804=DIRECTION('',(0.,-1.,0.));
#5805=DIRECTION('',(-1.,1.13826999736011E-15,-1.13826999736011E-15));
#5806=DIRECTION('',(-2.4391499943431E-16,0.,1.));
#5807=DIRECTION('',(0.,1.,0.));
#5808=DIRECTION('',(0.,0.,1.));
#5809=DIRECTION('',(0.,-1.,0.));
#5810=DIRECTION('',(-4.55307998944045E-15,0.,-1.));
#5811=DIRECTION('',(0.,1.,0.));
#5812=DIRECTION('',(1.,0.,-1.97959999540888E-16));
#5813=DIRECTION('',(-1.97959999540888E-16,0.,-1.));
#5814=DIRECTION('',(-1.97959999540888E-16,0.,-1.));
#5815=DIRECTION('',(0.,1.,0.));
#5816=DIRECTION('',(0.,1.,0.));
#5817=DIRECTION('',(0.,0.,1.));
#5818=DIRECTION('',(0.,-1.,0.));
#5819=DIRECTION('',(1.,0.,-4.55307998944045E-15));
#5820=DIRECTION('',(0.,1.,0.));
#5821=DIRECTION('',(0.,0.,1.));
#5822=DIRECTION('',(1.,0.,0.));
#5823=DIRECTION('',(1.,0.,0.));
#5824=DIRECTION('',(0.,1.,0.));
#5825=DIRECTION('',(0.,1.,0.));
#5826=DIRECTION('',(0.,0.,1.));
#5827=DIRECTION('',(0.,-1.,0.));
#5828=DIRECTION('',(4.55307998944045E-15,0.,1.));
#5829=DIRECTION('',(0.,1.,0.));
#5830=DIRECTION('',(1.,0.,-1.97959999540888E-16));
#5831=DIRECTION('',(-1.97959999540888E-16,0.,-1.));
#5832=DIRECTION('',(-1.97959999540888E-16,0.,-1.));
#5833=DIRECTION('',(0.,1.,0.));
#5834=DIRECTION('',(0.,1.,0.));
#5835=DIRECTION('',(0.,0.,1.));
#5836=DIRECTION('',(0.,-1.,0.));
#5837=DIRECTION('',(-1.,0.,-4.55307998944042E-15));
#5838=DIRECTION('',(0.,-1.,0.));
#5839=DIRECTION('',(1.,0.,0.));
#5840=DIRECTION('',(1.,0.,2.43914999434309E-16));
#5841=DIRECTION('',(2.43914999434309E-16,0.,-1.));
#5842=DIRECTION('',(0.,-1.,0.));
#5843=DIRECTION('',(-2.43914999434309E-16,0.,1.));
#5844=DIRECTION('',(0.,-1.,0.));
#5845=DIRECTION('',(0.,-1.,0.));
#5846=DIRECTION('',(0.,0.,-1.));
#5847=DIRECTION('',(0.,-1.,0.));
#5848=DIRECTION('',(0.,-1.,0.));
#5849=DIRECTION('',(1.,-1.13826999736011E-15,0.));
#5850=DIRECTION('',(0.,0.,-1.));
#5851=DIRECTION('',(-1.,0.,0.));
#5852=DIRECTION('',(0.,-1.,0.));
#5853=DIRECTION('',(1.,0.,0.));
#5854=DIRECTION('',(0.,-1.,0.));
#5855=DIRECTION('',(0.,0.,-1.));
#5856=DIRECTION('',(0.,-1.,0.));
#5857=DIRECTION('',(0.,-1.,0.));
#5858=DIRECTION('',(0.,0.,1.));
#5859=DIRECTION('',(1.,0.,0.));
#5860=DIRECTION('',(0.,0.,-1.));
#5861=DIRECTION('',(0.,-1.,0.));
#5862=DIRECTION('',(0.,0.,1.));
#5863=DIRECTION('',(0.,-1.,0.));
#5864=DIRECTION('',(0.,0.,-1.));
#5865=DIRECTION('',(0.,-1.,0.));
#5866=DIRECTION('',(0.,-1.,0.));
#5867=DIRECTION('',(-1.,0.,0.));
#5868=DIRECTION('',(0.,0.,-1.));
#5869=DIRECTION('',(-1.,0.,0.));
#5870=DIRECTION('',(0.,-1.,0.));
#5871=DIRECTION('',(1.,0.,0.));
#5872=DIRECTION('',(0.,-1.,0.));
#5873=DIRECTION('',(0.,0.,-1.));
#5874=DIRECTION('',(0.,-1.,0.));
#5875=DIRECTION('',(0.,1.13826999736011E-15,-1.));
#5876=DIRECTION('',(0.,-1.,0.));
#5877=DIRECTION('',(1.,0.,0.));
#5878=DIRECTION('',(0.,0.,-1.));
#5879=DIRECTION('',(-1.,0.,0.));
#5880=DIRECTION('',(0.,-1.,0.));
#5881=DIRECTION('',(1.,0.,0.));
#5882=DIRECTION('',(0.,-1.,0.));
#5883=DIRECTION('',(0.,-1.,0.));
#5884=DIRECTION('',(0.,0.,-1.));
#5885=DIRECTION('',(0.,-1.,0.));
#5886=DIRECTION('',(0.,-1.,0.));
#5887=DIRECTION('',(3.41480999208031E-15,0.,-1.));
#5888=DIRECTION('',(1.,0.,0.));
#5889=DIRECTION('',(0.,0.,-1.));
#5890=DIRECTION('',(0.,-1.,0.));
#5891=DIRECTION('',(0.,0.,1.));
#5892=DIRECTION('',(0.,-1.,0.));
#5893=DIRECTION('',(0.,0.,-1.));
#5894=DIRECTION('',(0.,-1.,0.));
#5895=DIRECTION('',(0.,-1.,0.));
#5896=DIRECTION('',(1.,-1.13826999736011E-15,-3.41480999208033E-15));
#5897=DIRECTION('',(0.,0.,-1.));
#5898=DIRECTION('',(-1.,0.,0.));
#5899=DIRECTION('',(0.,-1.,0.));
#5900=DIRECTION('',(1.,0.,0.));
#5901=DIRECTION('',(0.,-1.,0.));
#5902=DIRECTION('',(0.,0.,-1.));
#5903=DIRECTION('',(0.,-1.,0.));
#5904=DIRECTION('',(0.,-1.,0.));
#5905=DIRECTION('',(-1.13826999736011E-15,1.13826999736011E-15,1.));
#5906=DIRECTION('',(1.,0.,2.43914999434309E-16));
#5907=DIRECTION('',(2.43914999434309E-16,0.,-1.));
#5908=DIRECTION('',(0.,-1.,0.));
#5909=DIRECTION('',(-2.43914999434309E-16,0.,1.));
#5910=DIRECTION('',(0.,-1.,0.));
#5911=DIRECTION('',(0.,0.,-1.));
#5912=DIRECTION('',(0.,-1.,0.));
#5913=DIRECTION('',(-1.,0.,-2.27653999472022E-15));
#5914=DIRECTION('',(0.,-1.,0.));
#5915=DIRECTION('',(1.,0.,0.));
#5916=DIRECTION('',(0.,0.,-1.));
#5917=DIRECTION('',(-1.,0.,0.));
#5918=DIRECTION('',(0.,-1.,0.));
#5919=DIRECTION('',(1.,0.,0.));
#5920=DIRECTION('',(0.,-1.,0.));
#5921=DIRECTION('',(0.,-1.,0.));
#5922=DIRECTION('',(0.,0.,-1.));
#5923=DIRECTION('',(0.,-1.,0.));
#5924=DIRECTION('',(0.,-1.,0.));
#5925=DIRECTION('',(-8.53702498020081E-16,1.13826999736011E-15,1.));
#5926=DIRECTION('',(1.,0.,2.43914999434309E-16));
#5927=DIRECTION('',(2.43914999434309E-16,0.,-1.));
#5928=DIRECTION('',(0.,-1.,0.));
#5929=DIRECTION('',(-2.43914999434309E-16,0.,1.));
#5930=DIRECTION('',(0.,-1.,0.));
#5931=DIRECTION('',(0.,0.,-1.));
#5932=DIRECTION('',(0.,-1.,0.));
#5933=DIRECTION('',(0.,-1.,0.));
#5934=DIRECTION('',(-1.,0.,-2.27653999472022E-15));
#5935=DIRECTION('',(0.,0.,-1.));
#5936=DIRECTION('',(-1.,0.,0.));
#5937=DIRECTION('',(0.,-1.,0.));
#5938=DIRECTION('',(1.,0.,0.));
#5939=DIRECTION('',(0.,-1.,0.));
#5940=DIRECTION('',(0.,0.,-1.));
#5941=DIRECTION('',(0.,-1.,0.));
#5942=DIRECTION('',(0.,-1.,0.));
#5943=DIRECTION('',(0.,0.,-1.));
#5944=DIRECTION('',(1.,0.,2.43914999434309E-16));
#5945=DIRECTION('',(2.43914999434309E-16,0.,-1.));
#5946=DIRECTION('',(0.,-1.,0.));
#5947=DIRECTION('',(-2.43914999434309E-16,0.,1.));
#5948=DIRECTION('',(0.,-1.,0.));
#5949=DIRECTION('',(0.,0.,-1.));
#5950=DIRECTION('',(0.,-1.,0.));
#5951=DIRECTION('',(1.,1.13826999736011E-15,0.));
#5952=DIRECTION('',(0.,-1.,0.));
#5953=DIRECTION('',(1.,0.,0.));
#5954=DIRECTION('',(1.,0.,0.));
#5955=DIRECTION('',(0.,0.,-1.));
#5956=DIRECTION('',(0.,-1.,0.));
#5957=DIRECTION('',(0.,0.,1.));
#5958=DIRECTION('',(0.,-1.,0.));
#5959=DIRECTION('',(0.,-1.,0.));
#5960=DIRECTION('',(0.,0.,-1.));
#5961=DIRECTION('',(0.,-1.,0.));
#5962=DIRECTION('',(0.,-1.,0.));
#5963=DIRECTION('',(-1.,0.,-3.41480999208031E-15));
#5964=DIRECTION('',(0.,0.,-1.));
#5965=DIRECTION('',(-1.,0.,0.));
#5966=DIRECTION('',(0.,-1.,0.));
#5967=DIRECTION('',(1.,0.,0.));
#5968=DIRECTION('',(0.,-1.,0.));
#5969=DIRECTION('',(0.,0.,-1.));
#5970=DIRECTION('',(0.,-1.,0.));
#5971=DIRECTION('',(0.,-1.,0.));
#5972=DIRECTION('',(0.,0.,-1.));
#5973=DIRECTION('',(1.,0.,2.43914999434309E-16));
#5974=DIRECTION('',(2.43914999434309E-16,0.,-1.));
#5975=DIRECTION('',(0.,-1.,0.));
#5976=DIRECTION('',(-2.43914999434309E-16,0.,1.));
#5977=DIRECTION('',(0.,-1.,0.));
#5978=DIRECTION('',(0.,0.,-1.));
#5979=DIRECTION('',(0.,-1.,0.));
#5980=DIRECTION('',(0.,-1.,0.));
#5981=DIRECTION('',(1.,1.13826999736011E-15,0.));
#5982=DIRECTION('',(0.,0.,-1.));
#5983=DIRECTION('',(-1.,0.,0.));
#5984=DIRECTION('',(0.,-1.,0.));
#5985=DIRECTION('',(1.,0.,0.));
#5986=DIRECTION('',(0.,-1.,0.));
#5987=DIRECTION('',(0.,0.,-1.));
#5988=DIRECTION('',(0.,-1.,0.));
#5989=DIRECTION('',(-2.27653999472022E-15,0.,1.));
#5990=DIRECTION('',(0.,-1.,0.));
#5991=DIRECTION('',(1.,0.,0.));
#5992=DIRECTION('',(1.,0.,0.));
#5993=DIRECTION('',(0.,0.,-1.));
#5994=DIRECTION('',(0.,-1.,0.));
#5995=DIRECTION('',(0.,0.,1.));
#5996=DIRECTION('',(0.,-1.,0.));
#5997=DIRECTION('',(0.,-1.,0.));
#5998=DIRECTION('',(0.,0.,-1.));
#5999=DIRECTION('',(0.,-1.,0.));
#6000=DIRECTION('',(0.,-1.,0.));
#6001=DIRECTION('',(-1.,0.,0.));
#6002=DIRECTION('',(0.,0.,-1.));
#6003=DIRECTION('',(-1.,0.,0.));
#6004=DIRECTION('',(0.,-1.,0.));
#6005=DIRECTION('',(1.,0.,0.));
#6006=DIRECTION('',(0.,-1.,0.));
#6007=DIRECTION('',(0.,0.,-1.));
#6008=DIRECTION('',(0.,-1.,0.));
#6009=DIRECTION('',(0.,-1.,0.));
#6010=DIRECTION('',(1.13826999736011E-15,1.13826999736011E-15,-1.));
#6011=DIRECTION('',(1.,0.,2.4391499943431E-16));
#6012=DIRECTION('',(2.4391499943431E-16,0.,-1.));
#6013=DIRECTION('',(0.,-1.,0.));
#6014=DIRECTION('',(-2.4391499943431E-16,0.,1.));
#6015=DIRECTION('',(0.,-1.,0.));
#6016=DIRECTION('',(0.,0.,-1.));
#6017=DIRECTION('',(0.,-1.,0.));
#6018=DIRECTION('',(0.,-1.,0.));
#6019=DIRECTION('',(1.,1.13826999736011E-15,0.));
#6020=DIRECTION('',(0.,0.,-1.));
#6021=DIRECTION('',(-1.,0.,0.));
#6022=DIRECTION('',(0.,-1.,0.));
#6023=DIRECTION('',(1.,0.,0.));
#6024=DIRECTION('',(0.,-1.,0.));
#6025=DIRECTION('',(0.,0.,-1.));
#6026=DIRECTION('',(0.,-1.,0.));
#6027=DIRECTION('',(-2.27653999472022E-15,0.,1.));
#6028=DIRECTION('',(0.,-1.,0.));
#6029=DIRECTION('',(1.,0.,0.));
#6030=DIRECTION('',(0.,0.,-1.));
#6031=DIRECTION('',(-1.,0.,0.));
#6032=DIRECTION('',(0.,-1.,0.));
#6033=DIRECTION('',(1.,0.,0.));
#6034=DIRECTION('',(0.,-1.,0.));
#6035=DIRECTION('',(0.,-1.,0.));
#6036=DIRECTION('',(0.,0.,-1.));
#6037=DIRECTION('',(0.,-1.,0.));
#6038=DIRECTION('',(0.,-1.,0.));
#6039=DIRECTION('',(0.,0.,1.));
#6040=DIRECTION('',(1.,0.,2.43914999434309E-16));
#6041=DIRECTION('',(2.43914999434309E-16,0.,-1.));
#6042=DIRECTION('',(0.,-1.,0.));
#6043=DIRECTION('',(-2.43914999434309E-16,0.,1.));
#6044=DIRECTION('',(0.,-1.,0.));
#6045=DIRECTION('',(0.,0.,-1.));
#6046=DIRECTION('',(0.,-1.,0.));
#6047=DIRECTION('',(0.,-1.,0.));
#6048=DIRECTION('',(-1.,1.13826999736011E-15,8.53702498020084E-16));
#6049=DIRECTION('',(0.,0.,-1.));
#6050=DIRECTION('',(-1.,0.,0.));
#6051=DIRECTION('',(0.,-1.,0.));
#6052=DIRECTION('',(1.,0.,0.));
#6053=DIRECTION('',(0.,-1.,0.));
#6054=DIRECTION('',(0.,0.,-1.));
#6055=DIRECTION('',(0.,-1.,0.));
#6056=DIRECTION('',(0.,-1.,0.));
#6057=DIRECTION('',(0.,0.,-1.));
#6058=DIRECTION('',(1.,0.,2.4391499943431E-16));
#6059=DIRECTION('',(2.4391499943431E-16,0.,-1.));
#6060=DIRECTION('',(0.,-1.,0.));
#6061=DIRECTION('',(-2.4391499943431E-16,0.,1.));
#6062=DIRECTION('',(0.,-1.,0.));
#6063=DIRECTION('',(0.,0.,-1.));
#6064=DIRECTION('',(0.,-1.,0.));
#6065=DIRECTION('',(1.,1.13826999736011E-15,0.));
#6066=DIRECTION('',(0.,-1.,0.));
#6067=DIRECTION('',(1.,0.,0.));
#6068=DIRECTION('',(0.,0.,-1.));
#6069=DIRECTION('',(-1.,0.,0.));
#6070=DIRECTION('',(0.,-1.,0.));
#6071=DIRECTION('',(1.,0.,0.));
#6072=DIRECTION('',(0.,-1.,0.));
#6073=DIRECTION('',(0.,-1.,0.));
#6074=DIRECTION('',(0.,0.,-1.));
#6075=DIRECTION('',(0.,-1.,0.));
#6076=DIRECTION('',(0.,-1.,0.));
#6077=DIRECTION('',(2.27653999472022E-15,0.,-1.));
#6078=DIRECTION('',(1.,0.,0.));
#6079=DIRECTION('',(0.,0.,-1.));
#6080=DIRECTION('',(0.,-1.,0.));
#6081=DIRECTION('',(0.,0.,1.));
#6082=DIRECTION('',(0.,-1.,0.));
#6083=DIRECTION('',(0.,0.,-1.));
#6084=DIRECTION('',(0.,-1.,0.));
#6085=DIRECTION('',(0.,-1.,0.));
#6086=DIRECTION('',(1.,-1.13826999736011E-15,-3.98394499076039E-15));
#6087=DIRECTION('',(0.,0.,-1.));
#6088=DIRECTION('',(-1.,0.,0.));
#6089=DIRECTION('',(0.,-1.,0.));
#6090=DIRECTION('',(1.,0.,0.));
#6091=DIRECTION('',(0.,-1.,0.));
#6092=DIRECTION('',(0.,0.,-1.));
#6093=DIRECTION('',(0.,-1.,0.));
#6094=DIRECTION('',(0.,-1.,0.));
#6095=DIRECTION('',(0.,1.13826999736011E-15,1.));
#6096=DIRECTION('',(1.,0.,2.43914999434309E-16));
#6097=DIRECTION('',(2.43914999434309E-16,0.,-1.));
#6098=DIRECTION('',(0.,-1.,0.));
#6099=DIRECTION('',(-2.43914999434309E-16,0.,1.));
#6100=DIRECTION('',(0.,-1.,0.));
#6101=DIRECTION('',(0.,0.,-1.));
#6102=DIRECTION('',(0.,-1.,0.));
#6103=DIRECTION('',(-1.,1.13826999736011E-15,8.53702498020081E-16));
#6104=DIRECTION('',(0.,-1.,0.));
#6105=DIRECTION('',(1.,0.,0.));
#6106=DIRECTION('',(0.,0.,-1.));
#6107=DIRECTION('',(-1.,0.,0.));
#6108=DIRECTION('',(0.,-1.,0.));
#6109=DIRECTION('',(1.,0.,0.));
#6110=DIRECTION('',(0.,-1.,0.));
#6111=DIRECTION('',(0.,-1.,0.));
#6112=DIRECTION('',(0.,0.,-1.));
#6113=DIRECTION('',(0.,-1.,0.));
#6114=DIRECTION('',(0.,-1.,0.));
#6115=DIRECTION('',(3.41480999208033E-15,-1.13826999736011E-15,1.));
#6116=DIRECTION('',(1.,0.,2.4391499943431E-16));
#6117=DIRECTION('',(2.4391499943431E-16,0.,-1.));
#6118=DIRECTION('',(0.,-1.,0.));
#6119=DIRECTION('',(-2.4391499943431E-16,0.,1.));
#6120=DIRECTION('',(0.,-1.,0.));
#6121=DIRECTION('',(0.,0.,-1.));
#6122=DIRECTION('',(0.,-1.,0.));
#6123=DIRECTION('',(0.,-1.,0.));
#6124=DIRECTION('',(-1.,1.13826999736011E-15,-1.13826999736011E-15));
#6125=DIRECTION('',(0.,0.,-1.));
#6126=DIRECTION('',(-1.,0.,0.));
#6127=DIRECTION('',(0.,-1.,0.));
#6128=DIRECTION('',(1.,0.,0.));
#6129=DIRECTION('',(0.,-1.,0.));
#6130=DIRECTION('',(0.,0.,-1.));
#6131=DIRECTION('',(0.,-1.,0.));
#6132=DIRECTION('',(0.,-1.,0.));
#6133=DIRECTION('',(2.27653999472022E-15,0.,-1.));
#6134=DIRECTION('',(1.,0.,0.));
#6135=DIRECTION('',(0.,0.,-1.));
#6136=DIRECTION('',(0.,-1.,0.));
#6137=DIRECTION('',(0.,0.,1.));
#6138=DIRECTION('',(0.,-1.,0.));
#6139=DIRECTION('',(0.,0.,-1.));
#6140=DIRECTION('',(0.,-1.,0.));
#6141=DIRECTION('',(1.,1.13826999736011E-15,0.));
#6142=DIRECTION('',(0.,-1.,0.));
#6143=DIRECTION('',(1.,0.,0.));
#6144=DIRECTION('',(1.,0.,2.43914999434309E-16));
#6145=DIRECTION('',(2.43914999434309E-16,0.,-1.));
#6146=DIRECTION('',(0.,-1.,0.));
#6147=DIRECTION('',(-2.43914999434309E-16,0.,1.));
#6148=DIRECTION('',(0.,-1.,0.));
#6149=DIRECTION('',(0.,-1.,0.));
#6150=DIRECTION('',(0.,0.,-1.));
#6151=DIRECTION('',(0.,-1.,0.));
#6152=DIRECTION('',(0.,-1.,0.));
#6153=DIRECTION('',(1.,1.13826999736011E-15,-2.27653999472022E-15));
#6154=DIRECTION('',(0.,0.,-1.));
#6155=DIRECTION('',(-1.,0.,0.));
#6156=DIRECTION('',(0.,-1.,0.));
#6157=DIRECTION('',(1.,0.,0.));
#6158=DIRECTION('',(0.,-1.,0.));
#6159=DIRECTION('',(0.,0.,-1.));
#6160=DIRECTION('',(0.,-1.,0.));
#6161=DIRECTION('',(0.,-1.,0.));
#6162=DIRECTION('',(0.,-1.13826999736011E-15,1.));
#6163=DIRECTION('',(1.,0.,2.43914999434309E-16));
#6164=DIRECTION('',(2.43914999434309E-16,0.,-1.));
#6165=DIRECTION('',(0.,-1.,0.));
#6166=DIRECTION('',(-2.43914999434309E-16,0.,1.));
#6167=DIRECTION('',(0.,-1.,0.));
#6168=DIRECTION('',(0.,0.,-1.));
#6169=DIRECTION('',(0.,-1.,0.));
#6170=DIRECTION('',(0.,-1.,0.));
#6171=DIRECTION('',(-1.,1.13826999736011E-15,-1.13826999736011E-15));
#6172=DIRECTION('',(0.,0.,-1.));
#6173=DIRECTION('',(-1.,0.,0.));
#6174=DIRECTION('',(0.,-1.,0.));
#6175=DIRECTION('',(1.,0.,0.));
#6176=DIRECTION('',(0.,-1.,0.));
#6177=DIRECTION('',(0.,0.,-1.));
#6178=DIRECTION('',(0.,-1.,0.));
#6179=DIRECTION('',(0.,1.13826999736011E-15,-1.));
#6180=DIRECTION('',(0.,-1.,0.));
#6181=DIRECTION('',(1.,0.,0.));
#6182=DIRECTION('',(0.,0.,1.));
#6183=DIRECTION('',(0.,0.,1.));
#6184=DIRECTION('',(0.,0.,1.));
#6185=DIRECTION('',(0.,0.,1.));
#6186=DIRECTION('',(0.329701939797635,0.944085076088843,0.));
#6187=DIRECTION('',(0.,0.,1.));
#6188=DIRECTION('',(0.,0.,1.));
#6189=DIRECTION('',(1.,0.,0.));
#6190=DIRECTION('',(1.,0.,0.));
#6191=DIRECTION('',(0.,0.,-1.));
#6192=DIRECTION('',(0.,0.,1.));
#6193=DIRECTION('',(0.,1.,0.));
#6194=DIRECTION('',(0.,0.,1.));
#6195=DIRECTION('',(0.333521090645697,0.942742638313609,0.));
#6196=DIRECTION('',(0.,0.,1.));
#6197=DIRECTION('',(0.,0.,1.));
#6198=DIRECTION('',(1.,0.,0.));
#6199=DIRECTION('',(0.,0.,1.));
#6200=DIRECTION('',(0.110789932971099,0.993843846261705,0.));
#6201=DIRECTION('',(0.,0.,1.));
#6202=DIRECTION('',(0.,0.,1.));
#6203=DIRECTION('',(1.,0.,0.));
#6204=DIRECTION('',(0.,0.,1.));
#6205=DIRECTION('',(0.,0.,1.));
#6206=DIRECTION('',(1.14429973769233E-15,1.,0.));
#6207=DIRECTION('',(-1.,1.14429973769233E-15,0.));
#6208=DIRECTION('',(0.,0.,1.));
#6209=DIRECTION('',(-1.,1.14429973769233E-15,0.));
#6210=DIRECTION('',(1.,0.,0.));
#6211=DIRECTION('',(0.,0.,-1.));
#6212=DIRECTION('',(0.,0.,1.));
#6213=DIRECTION('',(0.,1.,0.));
#6214=DIRECTION('',(0.,0.,1.));
#6215=DIRECTION('',(0.,0.,1.));
#6216=DIRECTION('',(0.,0.,1.));
#6217=DIRECTION('',(0.,0.,1.));
#6218=DIRECTION('',(0.,0.,1.));
#6219=DIRECTION('',(0.,0.,1.));
#6220=DIRECTION('',(0.,0.,1.));
#6221=DIRECTION('',(0.,0.,1.));
#6222=DIRECTION('',(-1.28455770255148E-15,-1.,0.));
#6223=DIRECTION('',(1.,-1.28455770255148E-15,0.));
#6224=DIRECTION('',(1.,-1.28455770255148E-15,0.));
#6225=DIRECTION('',(0.,0.,1.));
#6226=DIRECTION('',(1.,-1.28455770255148E-15,0.));
#6227=DIRECTION('',(0.,0.,-1.));
#6228=DIRECTION('',(1.,0.,0.));
#6229=DIRECTION('',(0.,0.,1.));
#6230=DIRECTION('',(1.,0.,0.));
#6231=DIRECTION('',(0.,0.,1.));
#6232=DIRECTION('',(0.,0.,1.));
#6233=DIRECTION('',(0.,0.,1.));
#6234=DIRECTION('',(0.,0.,1.));
#6235=DIRECTION('',(0.,0.,1.));
#6236=DIRECTION('',(0.,0.,1.));
#6237=DIRECTION('',(0.,0.,1.));
#6238=DIRECTION('',(0.,0.,1.));
#6239=DIRECTION('',(0.,0.,1.));
#6240=DIRECTION('',(0.,0.,1.));
#6241=DIRECTION('',(0.,0.,1.));
#6242=DIRECTION('',(0.,0.,1.));
#6243=DIRECTION('',(0.,0.,1.));
#6244=DIRECTION('',(0.,0.,1.));
#6245=DIRECTION('',(0.,0.,1.));
#6246=DIRECTION('',(0.,0.,1.));
#6247=DIRECTION('',(0.,0.,1.));
#6248=DIRECTION('',(0.,0.,1.));
#6249=DIRECTION('',(0.,0.,-1.));
#6250=DIRECTION('',(1.,0.,0.));
#6251=DIRECTION('',(0.,0.,1.));
#6252=DIRECTION('',(1.,0.,0.));
#6253=DIRECTION('',(1.10857727426076E-15,1.,0.));
#6254=DIRECTION('',(-1.,1.10857727426076E-15,0.));
#6255=DIRECTION('',(0.,0.,1.));
#6256=DIRECTION('',(-1.,1.10857727426076E-15,0.));
#6257=DIRECTION('',(0.,0.,1.));
#6258=DIRECTION('',(1.,-9.13493598731799E-16,0.));
#6259=DIRECTION('',(9.13493598731799E-16,1.,0.));
#6260=DIRECTION('',(0.,0.,1.));
#6261=DIRECTION('',(9.13493598731799E-16,1.,0.));
#6262=DIRECTION('',(1.38607919839829E-15,1.,0.));
#6263=DIRECTION('',(-1.,1.38607919839829E-15,0.));
#6264=DIRECTION('',(0.,0.,1.));
#6265=DIRECTION('',(-1.,1.38607919839829E-15,0.));
#6266=DIRECTION('',(1.,0.,0.));
#6267=DIRECTION('',(0.,0.,-1.));
#6268=DIRECTION('',(0.,0.,1.));
#6269=DIRECTION('',(0.,1.,0.));
#6270=DIRECTION('',(-9.963699745008E-16,-1.,0.));
#6271=DIRECTION('',(1.,-9.963699745008E-16,0.));
#6272=DIRECTION('',(0.,0.,1.));
#6273=DIRECTION('',(1.,-9.963699745008E-16,0.));
#6274=DIRECTION('',(-1.,0.,0.));
#6275=DIRECTION('',(0.,0.,1.));
#6276=DIRECTION('',(0.,0.,1.));
#6277=DIRECTION('',(0.,-1.,0.));
#6278=DIRECTION('',(1.38496229332303E-15,1.,0.));
#6279=DIRECTION('',(-1.,1.38496229332303E-15,0.));
#6280=DIRECTION('',(0.,0.,1.));
#6281=DIRECTION('',(-1.,1.38496229332303E-15,0.));
#6282=DIRECTION('',(-1.,9.13493598731799E-16,0.));
#6283=DIRECTION('',(-9.13493598731799E-16,-1.,0.));
#6284=DIRECTION('',(-9.13493598731799E-16,-1.,0.));
#6285=DIRECTION('',(0.,0.,-1.));
#6286=DIRECTION('',(1.,0.,0.));
#6287=DIRECTION('',(0.,0.,1.));
#6288=DIRECTION('',(0.,0.,1.));
#6289=DIRECTION('',(0.,0.,1.));
#6290=DIRECTION('',(0.,0.,1.));
#6291=DIRECTION('',(0.396369248047403,0.918091182400929,0.));
#6292=DIRECTION('',(0.,0.,1.));
#6293=DIRECTION('',(0.,0.,1.));
#6294=DIRECTION('',(1.,0.,0.));
#6295=DIRECTION('',(1.,-1.05314841054772E-15,0.));
#6296=DIRECTION('',(1.05314841054772E-15,1.,0.));
#6297=DIRECTION('',(0.,0.,1.));
#6298=DIRECTION('',(1.05314841054772E-15,1.,0.));
#6299=DIRECTION('',(0.,0.,1.));
#6300=DIRECTION('',(0.43849806852371,0.898732131338908,0.));
#6301=DIRECTION('',(0.,0.,1.));
#6302=DIRECTION('',(0.,0.,1.));
#6303=DIRECTION('',(1.,0.,0.));
#6304=DIRECTION('',(0.,0.,1.));
#6305=DIRECTION('',(0.145630804293765,0.989339006024098,0.));
#6306=DIRECTION('',(0.,0.,1.));
#6307=DIRECTION('',(0.,0.,1.));
#6308=DIRECTION('',(1.,0.,0.));
#6309=DIRECTION('',(0.,0.,1.));
#6310=DIRECTION('',(0.,0.,1.));
#6311=DIRECTION('',(0.,0.,1.));
#6312=DIRECTION('',(0.14704410591248,-0.989129936315952,0.));
#6313=DIRECTION('',(0.,0.,1.));
#6314=DIRECTION('',(0.,0.,1.));
#6315=DIRECTION('',(1.,0.,0.));
#6316=DIRECTION('',(0.,0.,1.));
#6317=DIRECTION('',(0.334093205538983,-0.942540041596476,0.));
#6318=DIRECTION('',(0.,0.,1.));
#6319=DIRECTION('',(0.,0.,1.));
#6320=DIRECTION('',(1.,0.,0.));
#6321=DIRECTION('',(0.934126326822572,0.356942580167973,0.));
#6322=DIRECTION('',(-0.356942580167973,0.934126326822572,0.));
#6323=DIRECTION('',(0.,0.,1.));
#6324=DIRECTION('',(-0.356942580167973,0.934126326822572,0.));
#6325=DIRECTION('',(0.,0.,1.));
#6326=DIRECTION('',(0.,0.,1.));
#6327=DIRECTION('',(0.,0.,-1.));
#6328=DIRECTION('',(1.,0.,0.));
#6329=DIRECTION('',(0.0352085090706872,0.999379988237217,0.));
#6330=DIRECTION('',(-0.999379988237217,0.0352085090706872,0.));
#6331=DIRECTION('',(-0.999379988237217,0.0352085090706872,0.));
#6332=DIRECTION('',(0.,0.,1.));
#6333=DIRECTION('',(-0.999379988237217,0.0352085090706872,0.));
#6334=DIRECTION('',(0.,0.,1.));
#6335=DIRECTION('',(-1.,7.45980124137969E-16,0.));
#6336=DIRECTION('',(-7.45980124137969E-16,-1.,0.));
#6337=DIRECTION('',(-7.45980124137969E-16,-1.,0.));
#6338=DIRECTION('',(0.,0.,1.));
#6339=DIRECTION('',(-7.45980124137969E-16,-1.,0.));
#6340=DIRECTION('',(0.,0.,1.));
#6341=DIRECTION('',(0.,0.,1.));
#6342=DIRECTION('',(0.,0.,1.));
#6343=DIRECTION('',(0.,0.,1.));
#6344=DIRECTION('',(-0.931820475053783,0.362919553442001,0.));
#6345=DIRECTION('',(-0.362919553442001,-0.931820475053783,0.));
#6346=DIRECTION('',(0.,0.,1.));
#6347=DIRECTION('',(-0.362919553442001,-0.931820475053783,0.));
#6348=DIRECTION('',(0.,0.,1.));
#6349=DIRECTION('',(9.69213274067975E-16,1.,0.));
#6350=DIRECTION('',(-1.,9.69213274067975E-16,0.));
#6351=DIRECTION('',(0.,0.,1.));
#6352=DIRECTION('',(-1.,9.69213274067975E-16,0.));
#6353=DIRECTION('',(1.,-1.06129131062927E-15,0.));
#6354=DIRECTION('',(1.06129131062927E-15,1.,0.));
#6355=DIRECTION('',(0.,0.,1.));
#6356=DIRECTION('',(1.06129131062927E-15,1.,0.));
#6357=DIRECTION('',(0.,0.,1.));
#6358=DIRECTION('',(0.,0.,1.));
#6359=DIRECTION('',(0.,0.,1.));
#6360=DIRECTION('',(-0.898298727842108,0.439385247314075,0.));
#6361=DIRECTION('',(-0.439385247314075,-0.898298727842108,0.));
#6362=DIRECTION('',(0.,0.,1.));
#6363=DIRECTION('',(-0.439385247314075,-0.898298727842108,0.));
#6364=DIRECTION('',(0.,0.,1.));
#6365=DIRECTION('',(0.,0.,1.));
#6366=DIRECTION('',(-1.,1.4041978807303E-15,0.));
#6367=DIRECTION('',(-1.4041978807303E-15,-1.,0.));
#6368=DIRECTION('',(0.,0.,1.));
#6369=DIRECTION('',(-1.4041978807303E-15,-1.,0.));
#6370=DIRECTION('',(-0.0312861596333683,-0.999510468287049,0.));
#6371=DIRECTION('',(0.999510468287049,-0.0312861596333683,0.));
#6372=DIRECTION('',(0.,0.,1.));
#6373=DIRECTION('',(0.999510468287049,-0.0312861596333683,0.));
#6374=DIRECTION('',(0.,0.,1.));
#6375=DIRECTION('',(0.,0.,1.));
#6376=DIRECTION('',(0.,0.,1.));
#6377=DIRECTION('',(0.,0.,1.));
#6378=DIRECTION('',(0.,0.,1.));
#6379=DIRECTION('',(0.,0.,1.));
#6380=DIRECTION('',(0.,1.,0.));
#6381=DIRECTION('',(0.,0.,1.));
#6382=DIRECTION('',(-1.,0.,0.));
#6383=DIRECTION('',(0.,0.,-1.));
#6384=DIRECTION('',(1.,0.,0.));
#6385=DIRECTION('',(1.10857727426076E-15,1.,0.));
#6386=DIRECTION('',(-1.,1.10857727426076E-15,0.));
#6387=DIRECTION('',(0.,0.,1.));
#6388=DIRECTION('',(-1.,1.10857727426076E-15,0.));
#6389=DIRECTION('',(0.,0.,1.));
#6390=DIRECTION('',(1.,-9.13493598731799E-16,0.));
#6391=DIRECTION('',(9.13493598731799E-16,1.,0.));
#6392=DIRECTION('',(0.,0.,1.));
#6393=DIRECTION('',(9.13493598731799E-16,1.,0.));
#6394=DIRECTION('',(1.38607919839829E-15,1.,0.));
#6395=DIRECTION('',(-1.,1.38607919839829E-15,0.));
#6396=DIRECTION('',(0.,0.,1.));
#6397=DIRECTION('',(-1.,1.38607919839829E-15,0.));
#6398=DIRECTION('',(1.,-1.06621476799868E-15,0.));
#6399=DIRECTION('',(1.06621476799868E-15,1.,0.));
#6400=DIRECTION('',(0.,0.,1.));
#6401=DIRECTION('',(1.06621476799868E-15,1.,0.));
#6402=DIRECTION('',(-9.963699745008E-16,-1.,0.));
#6403=DIRECTION('',(1.,-9.963699745008E-16,0.));
#6404=DIRECTION('',(0.,0.,1.));
#6405=DIRECTION('',(1.,-9.963699745008E-16,0.));
#6406=DIRECTION('',(-1.,0.,0.));
#6407=DIRECTION('',(0.,0.,1.));
#6408=DIRECTION('',(0.,0.,1.));
#6409=DIRECTION('',(0.,-1.,0.));
#6410=DIRECTION('',(1.38496229332303E-15,1.,0.));
#6411=DIRECTION('',(-1.,1.38496229332303E-15,0.));
#6412=DIRECTION('',(0.,0.,1.));
#6413=DIRECTION('',(-1.,1.38496229332303E-15,0.));
#6414=DIRECTION('',(-1.,9.13493598731799E-16,0.));
#6415=DIRECTION('',(-9.13493598731799E-16,-1.,0.));
#6416=DIRECTION('',(-9.13493598731799E-16,-1.,0.));
#6417=DIRECTION('',(0.,0.,-1.));
#6418=DIRECTION('',(1.,0.,0.));
#6419=DIRECTION('',(0.,0.,1.));
#6420=DIRECTION('',(0.,0.,1.));
#6421=DIRECTION('',(0.,0.,1.));
#6422=DIRECTION('',(0.,0.,1.));
#6423=DIRECTION('',(0.396369248047402,0.91809118240093,0.));
#6424=DIRECTION('',(0.,0.,1.));
#6425=DIRECTION('',(0.,0.,1.));
#6426=DIRECTION('',(1.,0.,0.));
#6427=DIRECTION('',(1.,0.,0.));
#6428=DIRECTION('',(0.,0.,-1.));
#6429=DIRECTION('',(0.,0.,1.));
#6430=DIRECTION('',(0.,1.,0.));
#6431=DIRECTION('',(0.,0.,1.));
#6432=DIRECTION('',(0.438498068523573,0.898732131338975,0.));
#6433=DIRECTION('',(0.,0.,1.));
#6434=DIRECTION('',(0.,0.,1.));
#6435=DIRECTION('',(1.,0.,0.));
#6436=DIRECTION('',(0.,0.,1.));
#6437=DIRECTION('',(0.14563080429376,0.989339006024099,0.));
#6438=DIRECTION('',(0.,0.,1.));
#6439=DIRECTION('',(0.,0.,1.));
#6440=DIRECTION('',(1.,0.,0.));
#6441=DIRECTION('',(0.,0.,1.));
#6442=DIRECTION('',(0.,0.,1.));
#6443=DIRECTION('',(0.,0.,1.));
#6444=DIRECTION('',(0.147044105912477,-0.989129936315953,0.));
#6445=DIRECTION('',(0.,0.,1.));
#6446=DIRECTION('',(0.,0.,1.));
#6447=DIRECTION('',(1.,0.,0.));
#6448=DIRECTION('',(0.,0.,1.));
#6449=DIRECTION('',(0.334093205538979,-0.942540041596477,0.));
#6450=DIRECTION('',(0.,0.,1.));
#6451=DIRECTION('',(0.,0.,1.));
#6452=DIRECTION('',(1.,0.,0.));
#6453=DIRECTION('',(0.934126326822571,0.356942580167974,0.));
#6454=DIRECTION('',(-0.356942580167974,0.934126326822572,0.));
#6455=DIRECTION('',(0.,0.,1.));
#6456=DIRECTION('',(-0.356942580167974,0.934126326822571,0.));
#6457=DIRECTION('',(0.,0.,1.));
#6458=DIRECTION('',(0.,0.,1.));
#6459=DIRECTION('',(0.,0.,-1.));
#6460=DIRECTION('',(1.,0.,0.));
#6461=DIRECTION('',(1.12718927466808E-15,1.,0.));
#6462=DIRECTION('',(-1.,1.12718927466808E-15,0.));
#6463=DIRECTION('',(0.,0.,1.));
#6464=DIRECTION('',(-1.,1.12718927466808E-15,0.));
#6465=DIRECTION('',(0.,0.,1.));
#6466=DIRECTION('',(1.,-9.83822670872284E-16,0.));
#6467=DIRECTION('',(9.83822670872284E-16,1.,0.));
#6468=DIRECTION('',(0.,0.,1.));
#6469=DIRECTION('',(9.83822670872284E-16,1.,0.));
#6470=DIRECTION('',(-1.80350283946892E-15,-1.,0.));
#6471=DIRECTION('',(1.,-1.80350283946892E-15,0.));
#6472=DIRECTION('',(0.,0.,1.));
#6473=DIRECTION('',(1.,-1.80350283946892E-15,0.));
#6474=DIRECTION('',(-1.,9.83822670872284E-16,0.));
#6475=DIRECTION('',(-9.83822670872284E-16,-1.,0.));
#6476=DIRECTION('',(-9.83822670872284E-16,-1.,0.));
#6477=DIRECTION('',(0.,0.,-1.));
#6478=DIRECTION('',(1.,0.,0.));
#6479=DIRECTION('',(0.,0.,1.));
#6480=DIRECTION('',(0.,0.,1.));
#6481=DIRECTION('',(0.,0.,1.));
#6482=DIRECTION('',(0.,0.,1.));
#6483=DIRECTION('',(0.,0.,1.));
#6484=DIRECTION('',(0.,0.,-1.));
#6485=DIRECTION('',(1.,0.,0.));
#6486=DIRECTION('',(1.10857727426076E-15,1.,0.));
#6487=DIRECTION('',(-1.,1.10857727426076E-15,0.));
#6488=DIRECTION('',(0.,0.,1.));
#6489=DIRECTION('',(-1.,1.10857727426076E-15,0.));
#6490=DIRECTION('',(0.,0.,1.));
#6491=DIRECTION('',(1.,-9.13493598731799E-16,0.));
#6492=DIRECTION('',(9.13493598731799E-16,1.,0.));
#6493=DIRECTION('',(0.,0.,1.));
#6494=DIRECTION('',(9.13493598731799E-16,1.,0.));
#6495=DIRECTION('',(1.38607919839829E-15,1.,0.));
#6496=DIRECTION('',(-1.,1.38607919839829E-15,0.));
#6497=DIRECTION('',(0.,0.,1.));
#6498=DIRECTION('',(-1.,1.38607919839829E-15,0.));
#6499=DIRECTION('',(1.,0.,0.));
#6500=DIRECTION('',(0.,0.,-1.));
#6501=DIRECTION('',(0.,0.,1.));
#6502=DIRECTION('',(0.,1.,0.));
#6503=DIRECTION('',(-9.963699745008E-16,-1.,0.));
#6504=DIRECTION('',(1.,-9.963699745008E-16,0.));
#6505=DIRECTION('',(0.,0.,1.));
#6506=DIRECTION('',(1.,-9.963699745008E-16,0.));
#6507=DIRECTION('',(-1.,0.,0.));
#6508=DIRECTION('',(0.,0.,1.));
#6509=DIRECTION('',(0.,0.,1.));
#6510=DIRECTION('',(0.,-1.,0.));
#6511=DIRECTION('',(1.38496229332303E-15,1.,0.));
#6512=DIRECTION('',(-1.,1.38496229332303E-15,0.));
#6513=DIRECTION('',(0.,0.,1.));
#6514=DIRECTION('',(-1.,1.38496229332303E-15,0.));
#6515=DIRECTION('',(-1.,1.8269871974636E-15,0.));
#6516=DIRECTION('',(-1.8269871974636E-15,-1.,0.));
#6517=DIRECTION('',(-1.8269871974636E-15,-1.,0.));
#6518=DIRECTION('',(0.,0.,-1.));
#6519=DIRECTION('',(1.,0.,0.));
#6520=DIRECTION('',(0.,0.,1.));
#6521=DIRECTION('',(1.,0.,0.));
#6522=DIRECTION('',(0.,-1.,0.));
#6523=DIRECTION('',(0.,0.,-1.));
#6524=DIRECTION('',(0.,-1.,0.));
#6525=DIRECTION('',(1.,0.,0.));
#6526=DIRECTION('',(0.,-1.,0.));
#6527=DIRECTION('',(1.,0.,0.));
#6528=DIRECTION('',(0.,-1.,0.));
#6529=DIRECTION('',(0.,0.,-1.));
#6530=DIRECTION('',(0.,-1.,0.));
#6531=DIRECTION('',(1.,0.,0.));
#6532=DIRECTION('',(0.,-1.,0.));
#6533=DIRECTION('',(1.,0.,0.));
#6534=DIRECTION('',(0.,-1.,0.));
#6535=DIRECTION('',(0.,0.,-1.));
#6536=DIRECTION('',(0.,-1.,0.));
#6537=DIRECTION('',(1.,0.,0.));
#6538=DIRECTION('',(0.,-1.,0.));
#6539=DIRECTION('',(1.,0.,0.));
#6540=DIRECTION('',(0.,-1.,0.));
#6541=DIRECTION('',(0.,0.,-1.));
#6542=DIRECTION('',(0.,-1.,0.));
#6543=DIRECTION('',(1.,0.,0.));
#6544=DIRECTION('',(0.,-1.,0.));
#6545=DIRECTION('',(1.,0.,0.));
#6546=CARTESIAN_POINT('',(0.,0.,0.));
#6547=CARTESIAN_POINT('',(-6.93889390390723E-18,-0.0127,-0.0381));
#6548=CARTESIAN_POINT('',(-0.0303325104667569,-0.00563164414907445,-0.0381));
#6549=CARTESIAN_POINT('',(-0.0303325104667569,-0.00942964224864542,-0.0381));
#6550=CARTESIAN_POINT('',(-0.0303325104667569,-0.00183364604950349,-0.0381));
#6551=CARTESIAN_POINT('',(-0.0313105227331625,-0.00183364604950349,-0.0381));
#6552=CARTESIAN_POINT('',(-0.0322885349995681,-0.00183364604950349,-0.0381));
#6553=CARTESIAN_POINT('',(-0.0322885349995681,-0.00563164414907445,-0.0381));
#6554=CARTESIAN_POINT('',(-0.0322885349995681,-0.00942964224864542,-0.0381));
#6555=CARTESIAN_POINT('',(-0.0335410770249648,-0.00942964224864542,-0.0381));
#6556=CARTESIAN_POINT('',(-0.0347936190503614,-0.00942964224864541,-0.0381));
#6557=CARTESIAN_POINT('',(-0.0347936190503614,-0.0102431385197733,-0.0381));
#6558=CARTESIAN_POINT('',(-0.0347936190503614,-0.0110566347909012,-0.0381));
#6559=CARTESIAN_POINT('',(-0.031311532033747,-0.0110566347909012,-0.0381));
#6560=CARTESIAN_POINT('',(-0.0278294450171327,-0.0110566347909012,-0.0381));
#6561=CARTESIAN_POINT('',(-0.0278294450171327,-0.0102431385197733,-0.0381));
#6562=CARTESIAN_POINT('',(-0.0278294450171327,-0.00942964224864542,-0.0381));
#6563=CARTESIAN_POINT('',(-0.0290809777419448,-0.00942964224864542,-0.0381));
#6564=CARTESIAN_POINT('',(-0.0255968721241614,-0.00976271144153897,-0.0381));
#6565=CARTESIAN_POINT('',(-0.0266445261308992,-0.00976271144153897,-0.0381));
#6566=CARTESIAN_POINT('',(-0.0266445261308992,-0.0107094353898243,-0.0381));
#6567=CARTESIAN_POINT('',(-0.0255968721241614,-0.00976271144153897,-0.0381));
#6568=CARTESIAN_POINT('',(-0.0266445261308992,-0.0107094353898243,-0.0381));
#6569=CARTESIAN_POINT('',(-0.0266445261308992,-0.0107094353898243,-0.0381));
#6570=CARTESIAN_POINT('',(-0.0266445261308992,-0.0116501035346024,-0.0381));
#6571=CARTESIAN_POINT('',(-0.0255968721241614,-0.0116501035346024,-0.0381));
#6572=CARTESIAN_POINT('',(-0.0255968721241614,-0.0116501035346024,-0.0381));
#6573=CARTESIAN_POINT('',(-0.0255968721241614,-0.0116501035346024,-0.0381));
#6574=CARTESIAN_POINT('',(-0.0245492181174235,-0.0116501035346024,-0.0381));
#6575=CARTESIAN_POINT('',(-0.0245492181174235,-0.0107094353898243,-0.0381));
#6576=CARTESIAN_POINT('',(-0.0245492181174235,-0.0107094353898243,-0.0381));
#6577=CARTESIAN_POINT('',(-0.0245492181174235,-0.0107094353898243,-0.0381));
#6578=CARTESIAN_POINT('',(-0.0245492181174235,-0.0102613059302948,-0.0381));
#6579=CARTESIAN_POINT('',(-0.0248106269688157,-0.0100120086859169,-0.0381));
#6580=CARTESIAN_POINT('',(-0.0248106269688157,-0.0100120086859169,-0.0381));
#6581=CARTESIAN_POINT('',(-0.0248106269688157,-0.0100120086859169,-0.0381));
#6582=CARTESIAN_POINT('',(-0.0250720358202079,-0.00976271144153897,-0.0381));
#6583=CARTESIAN_POINT('',(-0.0255968721241614,-0.00976271144153897,-0.0381));
#6584=CARTESIAN_POINT('',(-0.0246380365688617,-0.00536014229183699,-0.0381));
#6585=CARTESIAN_POINT('',(-0.0246380365688617,-0.00888663853417049,-0.0381));
#6586=CARTESIAN_POINT('',(-0.0246380365688617,-0.0018336460495035,-0.0381));
#6587=CARTESIAN_POINT('',(-0.0255999000259149,-0.0018336460495035,-0.0381));
#6588=CARTESIAN_POINT('',(-0.0265617634829682,-0.0018336460495035,-0.0381));
#6589=CARTESIAN_POINT('',(-0.0265617634829682,-0.00536014229183699,-0.0381));
#6590=CARTESIAN_POINT('',(-0.0265617634829682,-0.00888663853417049,-0.0381));
#6591=CARTESIAN_POINT('',(-0.0255999000259149,-0.00888663853417049,-0.0381));
#6592=CARTESIAN_POINT('',(-0.0185539726453396,-0.00182052514190467,-0.0381));
#6593=CARTESIAN_POINT('',(-0.0190303625212359,-0.00170647417585324,-0.0381));
#6594=CARTESIAN_POINT('',(-0.0197550403409254,-0.00170647417585324,-0.0381));
#6595=CARTESIAN_POINT('',(-0.0185539726453396,-0.00182052514190467,-0.0381));
#6596=CARTESIAN_POINT('',(-0.0197550403409254,-0.00170647417585324,-0.0381));
#6597=CARTESIAN_POINT('',(-0.0197550403409254,-0.00170647417585324,-0.0381));
#6598=CARTESIAN_POINT('',(-0.023047378847649,-0.00170647417585324,-0.0381));
#6599=CARTESIAN_POINT('',(-0.023047378847649,-0.00532178886962501,-0.0381));
#6600=CARTESIAN_POINT('',(-0.023047378847649,-0.00532178886962501,-0.0381));
#6601=CARTESIAN_POINT('',(-0.023047378847649,-0.00532178886962501,-0.0381));
#6602=CARTESIAN_POINT('',(-0.023047378847649,-0.00712036251125017,-0.0381));
#6603=CARTESIAN_POINT('',(-0.0221521292291745,-0.00806910506070451,-0.0381));
#6604=CARTESIAN_POINT('',(-0.0221521292291745,-0.00806910506070451,-0.0381));
#6605=CARTESIAN_POINT('',(-0.0221521292291745,-0.00806910506070451,-0.0381));
#6606=CARTESIAN_POINT('',(-0.0212568796107,-0.00901784761015886,-0.0381));
#6607=CARTESIAN_POINT('',(-0.0195854778427251,-0.00901784761015886,-0.0381));
#6608=CARTESIAN_POINT('',(-0.0195854778427251,-0.00901784761015886,-0.0381));
#6609=CARTESIAN_POINT('',(-0.0195854778427251,-0.00901784761015886,-0.0381));
#6610=CARTESIAN_POINT('',(-0.0183622055342797,-0.00901784761015886,-0.0381));
#6611=CARTESIAN_POINT('',(-0.0173892397707968,-0.00853943913309359,-0.0381));
#6612=CARTESIAN_POINT('',(-0.0173892397707968,-0.00853943913309359,-0.0381));
#6613=CARTESIAN_POINT('',(-0.0176738625356331,-0.00779457530171347,-0.0381));
#6614=CARTESIAN_POINT('',(-0.0179585963033268,-0.00704942097349357,-0.0381));
#6615=CARTESIAN_POINT('',(-0.0216458175474584,0.00194941463695414,-0.0381));
#6616=CARTESIAN_POINT('',(-0.0188032540460445,-0.00735053418823776,-0.0381));
#6617=CARTESIAN_POINT('',(-0.0195928501822358,-0.00475614160531201,-0.0381));
#6618=CARTESIAN_POINT('',(-0.0195854778427251,-0.00746756191232708,-0.0381));
#6619=CARTESIAN_POINT('',(-0.0195854778427251,-0.00746756191232708,-0.0381));
#6620=CARTESIAN_POINT('',(-0.0210873171124996,-0.00746756191232708,-0.0381));
#6621=CARTESIAN_POINT('',(-0.0210873171124996,-0.00533390047663932,-0.0381));
#6622=CARTESIAN_POINT('',(-0.0210873171124996,-0.00533390047663932,-0.0381));
#6623=CARTESIAN_POINT('',(-0.0210873171124996,-0.00533390047663932,-0.0381));
#6624=CARTESIAN_POINT('',(-0.0210873171124996,-0.00326483427836123,-0.0381));
#6625=CARTESIAN_POINT('',(-0.0195854778427251,-0.00326483427836123,-0.0381));
#6626=CARTESIAN_POINT('',(-0.0195854778427251,-0.00326483427836123,-0.0381));
#6627=CARTESIAN_POINT('',(-0.0195498010623126,-0.00669187072606437,-0.0381));
#6628=CARTESIAN_POINT('',(-0.0185568636210358,-0.0034127807543945,-0.0381));
#6629=CARTESIAN_POINT('',(-0.01969879373068,-0.00691356204092718,-0.0381));
#6630=CARTESIAN_POINT('',(-0.0176115407287303,-0.00387885953566596,-0.0381));
#6631=CARTESIAN_POINT('',(-0.0176112858993925,-0.00305489975677984,-0.0381));
#6632=CARTESIAN_POINT('',(-0.0176115379683253,-0.0022316960418369,-0.0381));
#6633=CARTESIAN_POINT('',(-0.0193108316978491,-0.00483091813917885,-0.0381));
#6634=CARTESIAN_POINT('',(-0.00890909625961013,-0.00563164414907448,-0.0381));
#6635=CARTESIAN_POINT('',(-0.00890909625961013,-0.00942964224864544,-0.0381));
#6636=CARTESIAN_POINT('',(-0.00890909625961013,-0.00183364604950351,-0.0381));
#6637=CARTESIAN_POINT('',(-0.00988710852601572,-0.00183364604950351,-0.0381));
#6638=CARTESIAN_POINT('',(-0.0108651207924213,-0.00183364604950351,-0.0381));
#6639=CARTESIAN_POINT('',(-0.0108651207924213,-0.00563164414907448,-0.0381));
#6640=CARTESIAN_POINT('',(-0.0108651207924213,-0.00942964224864544,-0.0381));
#6641=CARTESIAN_POINT('',(-0.012117662817818,-0.00942964224864544,-0.0381));
#6642=CARTESIAN_POINT('',(-0.0133702048432146,-0.00942964224864544,-0.0381));
#6643=CARTESIAN_POINT('',(-0.0133702048432146,-0.0102431385197733,-0.0381));
#6644=CARTESIAN_POINT('',(-0.0133702048432146,-0.0110566347909012,-0.0381));
#6645=CARTESIAN_POINT('',(-0.00988811782660026,-0.0110566347909012,-0.0381));
#6646=CARTESIAN_POINT('',(-0.0064060308099859,-0.0110566347909012,-0.0381));
#6647=CARTESIAN_POINT('',(-0.0064060308099859,-0.0102431385197733,-0.0381));
#6648=CARTESIAN_POINT('',(-0.0064060308099859,-0.00942964224864544,-0.0381));
#6649=CARTESIAN_POINT('',(-0.00765756353479802,-0.00942964224864544,-0.0381));
#6650=CARTESIAN_POINT('',(1.21116070143125E-5,-0.00183364604950352,-0.0381));
#6651=CARTESIAN_POINT('',(0.000683296495724038,-0.00183364604950352,-0.0381));
#6652=CARTESIAN_POINT('',(-0.000659073281695413,-0.00183364604950352,-0.0381));
#6653=CARTESIAN_POINT('',(-0.000845793889832705,-0.00231306382715332,-0.0381));
#6654=CARTESIAN_POINT('',(-0.00103251449797,-0.00279248160480312,-0.0381));
#6655=CARTESIAN_POINT('',(-0.00105774701258314,-0.00279248160480312,-0.0381));
#6656=CARTESIAN_POINT('',(-0.00108297952719629,-0.00279248160480312,-0.0381));
#6657=CARTESIAN_POINT('',(-0.00108297952719629,-0.00279248160480312,-0.0381));
#6658=CARTESIAN_POINT('',(-0.00156744380776872,-0.00218084545058043,-0.0381));
#6659=CARTESIAN_POINT('',(-0.00208218710587693,-0.00194365981321684,-0.0381));
#6660=CARTESIAN_POINT('',(-0.00208218710587693,-0.00194365981321684,-0.0381));
#6661=CARTESIAN_POINT('',(-0.00208218710587693,-0.00194365981321684,-0.0381));
#6662=CARTESIAN_POINT('',(-0.00259693040398514,-0.00170647417585326,-0.0381));
#6663=CARTESIAN_POINT('',(-0.00342253828212733,-0.00170647417585326,-0.0381));
#6664=CARTESIAN_POINT('',(-0.00342253828212733,-0.00170647417585326,-0.0381));
#6665=CARTESIAN_POINT('',(-0.00342253828212733,-0.00170647417585326,-0.0381));
#6666=CARTESIAN_POINT('',(-0.00443789467016039,-0.00170647417585326,-0.0381));
#6667=CARTESIAN_POINT('',(-0.00502127040801636,-0.00228783131254017,-0.0381));
#6668=CARTESIAN_POINT('',(-0.00502127040801636,-0.00228783131254017,-0.0381));
#6669=CARTESIAN_POINT('',(-0.00502127040801636,-0.00228783131254017,-0.0381));
#6670=CARTESIAN_POINT('',(-0.00560464614587233,-0.00286918844922709,-0.0381));
#6671=CARTESIAN_POINT('',(-0.00560464614587233,-0.00394106566999359,-0.0381));
#6672=CARTESIAN_POINT('',(-0.00560464614587233,-0.00394106566999359,-0.0381));
#6673=CARTESIAN_POINT('',(-0.00560464614587233,-0.00394106566999359,-0.0381));
#6674=CARTESIAN_POINT('',(-0.00560464614587233,-0.0050634079199864,-0.0381));
#6675=CARTESIAN_POINT('',(-0.00481941029111118,-0.00559631862861607,-0.0381));
#6676=CARTESIAN_POINT('',(-0.00481941029111118,-0.00559631862861607,-0.0381));
#6677=CARTESIAN_POINT('',(-0.00481941029111118,-0.00559631862861607,-0.0381));
#6678=CARTESIAN_POINT('',(-0.00403417443635002,-0.00612922933724575,-0.0381));
#6679=CARTESIAN_POINT('',(-0.00245159111981342,-0.0061857501699792,-0.0381));
#6680=CARTESIAN_POINT('',(-0.00245159111981342,-0.0061857501699792,-0.0381));
#6681=CARTESIAN_POINT('',(-0.0018389456650062,-0.0062049268810852,-0.0381));
#6682=CARTESIAN_POINT('',(-0.00122630021019898,-0.00622410359219119,-0.0381));
#6683=CARTESIAN_POINT('',(-0.00122630021019898,-0.00637852658162365,-0.0381));
#6684=CARTESIAN_POINT('',(-0.00122630021019898,-0.00653294957105611,-0.0381));
#6685=CARTESIAN_POINT('',(-0.00122630021019898,-0.00653294957105611,-0.0381));
#6686=CARTESIAN_POINT('',(-0.00122630021019898,-0.00760482679182262,-0.0381));
#6687=CARTESIAN_POINT('',(-0.00232441924616315,-0.00760482679182262,-0.0381));
#6688=CARTESIAN_POINT('',(-0.00232441924616315,-0.00760482679182262,-0.0381));
#6689=CARTESIAN_POINT('',(-0.00232441924616315,-0.00760482679182262,-0.0381));
#6690=CARTESIAN_POINT('',(-0.00317021313599586,-0.00760482679182262,-0.0381));
#6691=CARTESIAN_POINT('',(-0.00431274139767918,-0.00709412069605251,-0.0381));
#6692=CARTESIAN_POINT('',(-0.00431274139767918,-0.00709412069605251,-0.0381));
#6693=CARTESIAN_POINT('',(-0.00463067108180484,-0.00774411027248719,-0.0381));
#6694=CARTESIAN_POINT('',(-0.0049486007659305,-0.00839409984892187,-0.0381));
#6695=CARTESIAN_POINT('',(-0.0049486007659305,-0.00839409984892187,-0.0381));
#6696=CARTESIAN_POINT('',(-0.00373138426099226,-0.00903197781834224,-0.0381));
#6697=CARTESIAN_POINT('',(-0.00224973100290824,-0.00903197781834224,-0.0381));
#6698=CARTESIAN_POINT('',(-0.00224973100290824,-0.00903197781834224,-0.0381));
#6699=CARTESIAN_POINT('',(-0.00224973100290824,-0.00903197781834224,-0.0381));
#6700=CARTESIAN_POINT('',(-0.000830654381064826,-0.00903197781834224,-0.0381));
#6701=CARTESIAN_POINT('',(-7.36789426703938E-5,-0.00841327656002787,-0.0381));
#6702=CARTESIAN_POINT('',(-7.36789426703938E-5,-0.00841327656002787,-0.0381));
#6703=CARTESIAN_POINT('',(-7.36789426703938E-5,-0.00841327656002787,-0.0381));
#6704=CARTESIAN_POINT('',(0.000683296495724031,-0.00779457530171349,-0.0381));
#6705=CARTESIAN_POINT('',(0.000683296495724031,-0.00653294957105612,-0.0381));
#6706=CARTESIAN_POINT('',(0.000683296495724036,-0.00653294957105612,-0.0381));
#6707=CARTESIAN_POINT('',(0.000683296495724038,-0.00418329781027982,-0.0381));
#6708=CARTESIAN_POINT('',(-6.93889390390723E-18,0.,-0.0381));
#6709=CARTESIAN_POINT('',(-0.035052,0.,-0.0381));
#6710=CARTESIAN_POINT('',(0.035052,0.,-0.0381));
#6711=CARTESIAN_POINT('',(0.035052,-0.0127,-0.0381));
#6712=CARTESIAN_POINT('',(0.035052,-0.0127,-0.0381));
#6713=CARTESIAN_POINT('',(-6.93889390390723E-18,-0.0127,-0.0381));
#6714=CARTESIAN_POINT('',(-0.035052,-0.0127,-0.0381));
#6715=CARTESIAN_POINT('',(-0.035052,-0.0127,-0.0381));
#6716=CARTESIAN_POINT('',(0.0327386830602667,-0.00182960884716546,-0.0381));
#6717=CARTESIAN_POINT('',(0.032165400328256,-0.00170647417585329,-0.0381));
#6718=CARTESIAN_POINT('',(0.0313377738489447,-0.00170647417585329,-0.0381));
#6719=CARTESIAN_POINT('',(0.0327386830602667,-0.00182960884716546,-0.0381));
#6720=CARTESIAN_POINT('',(0.0313377738489447,-0.00170647417585329,-0.0381));
#6721=CARTESIAN_POINT('',(0.0313377738489447,-0.00170647417585329,-0.0381));
#6722=CARTESIAN_POINT('',(0.029636093063434,-0.00170647417585329,-0.0381));
#6723=CARTESIAN_POINT('',(0.0286772575081344,-0.00264714232063143,-0.0381));
#6724=CARTESIAN_POINT('',(0.0286772575081344,-0.00264714232063143,-0.0381));
#6725=CARTESIAN_POINT('',(0.0286772575081344,-0.00264714232063143,-0.0381));
#6726=CARTESIAN_POINT('',(0.0277184219528348,-0.00358781046540957,-0.0381));
#6727=CARTESIAN_POINT('',(0.0277184219528348,-0.00530967726261075,-0.0381));
#6728=CARTESIAN_POINT('',(0.0277184219528348,-0.00530967726261075,-0.0381));
#6729=CARTESIAN_POINT('',(0.0277184219528348,-0.00530967726261075,-0.0381));
#6730=CARTESIAN_POINT('',(0.0277184219528348,-0.00708200908903823,-0.0381));
#6731=CARTESIAN_POINT('',(0.0286045878660485,-0.00804992834959857,-0.0381));
#6732=CARTESIAN_POINT('',(0.0286045878660485,-0.00804992834959857,-0.0381));
#6733=CARTESIAN_POINT('',(0.0286045878660485,-0.00804992834959857,-0.0381));
#6734=CARTESIAN_POINT('',(0.0294907537792623,-0.00901784761015892,-0.0381));
#6735=CARTESIAN_POINT('',(0.0310551696852774,-0.00901784761015892,-0.0381));
#6736=CARTESIAN_POINT('',(0.0310551696852774,-0.00901784761015892,-0.0381));
#6737=CARTESIAN_POINT('',(0.0310551696852774,-0.00901784761015892,-0.0381));
#6738=CARTESIAN_POINT('',(0.0325489345503758,-0.00901784761015892,-0.0381));
#6739=CARTESIAN_POINT('',(0.0333816075326097,-0.00816700721740359,-0.0381));
#6740=CARTESIAN_POINT('',(0.0333816075326097,-0.00816700721740359,-0.0381));
#6741=CARTESIAN_POINT('',(0.0333816075326097,-0.00816700721740359,-0.0381));
#6742=CARTESIAN_POINT('',(0.0342142805148435,-0.00731616682464825,-0.0381));
#6743=CARTESIAN_POINT('',(0.0342142805148435,-0.00581432755487371,-0.0381));
#6744=CARTESIAN_POINT('',(0.0342142805148435,-0.00581432755487371,-0.0381));
#6745=CARTESIAN_POINT('',(0.0342142805148435,-0.00534702138423822,-0.0381));
#6746=CARTESIAN_POINT('',(0.0342142805148435,-0.00487971521360273,-0.0381));
#6747=CARTESIAN_POINT('',(0.0319403262979066,-0.00487971521360272,-0.0381));
#6748=CARTESIAN_POINT('',(0.0296663720809698,-0.00487971521360272,-0.0381));
#6749=CARTESIAN_POINT('',(0.0296663720809698,-0.00487971521360272,-0.0381));
#6750=CARTESIAN_POINT('',(0.0296986696996747,-0.00406016313896769,-0.0381));
#6751=CARTESIAN_POINT('',(0.0301528549627113,-0.00359992207242388,-0.0381));
#6752=CARTESIAN_POINT('',(0.0301528549627113,-0.00359992207242388,-0.0381));
#6753=CARTESIAN_POINT('',(0.0301528549627113,-0.00359992207242388,-0.0381));
#6754=CARTESIAN_POINT('',(0.030607040225748,-0.00313968100588007,-0.0381));
#6755=CARTESIAN_POINT('',(0.031426592300383,-0.00313968100588007,-0.0381));
#6756=CARTESIAN_POINT('',(0.031426592300383,-0.00313968100588007,-0.0381));
#6757=CARTESIAN_POINT('',(0.0314596037212021,-0.00844026177252638,-0.0381));
#6758=CARTESIAN_POINT('',(0.0326318045857429,-0.00327145751120722,-0.0381));
#6759=CARTESIAN_POINT('',(0.0312085092932277,-0.00910557209753136,-0.0381));
#6760=CARTESIAN_POINT('',(0.0338166160845403,-0.00369479632736932,-0.0381));
#6761=CARTESIAN_POINT('',(0.0338166160845403,-0.0029499324959892,-0.0381));
#6762=CARTESIAN_POINT('',(0.0338166160845403,-0.00220482631324691,-0.0381));
#6763=CARTESIAN_POINT('',(0.0318034880062884,-0.00625536071947694,-0.0381));
#6764=CARTESIAN_POINT('',(0.0261398758386363,-0.00730910172055656,-0.0381));
#6765=CARTESIAN_POINT('',(0.026555707679461,-0.00648248454182985,-0.0381));
#6766=CARTESIAN_POINT('',(0.026555707679461,-0.00537225389885136,-0.0381));
#6767=CARTESIAN_POINT('',(0.0261398758386363,-0.00730910172055656,-0.0381));
#6768=CARTESIAN_POINT('',(0.026555707679461,-0.00537225389885136,-0.0381));
#6769=CARTESIAN_POINT('',(0.026555707679461,-0.00537225389885136,-0.0381));
#6770=CARTESIAN_POINT('',(0.026555707679461,-0.00365038710165017,-0.0381));
#6771=CARTESIAN_POINT('',(0.0256473371533876,-0.00267843063875173,-0.0381));
#6772=CARTESIAN_POINT('',(0.0256473371533876,-0.00267843063875173,-0.0381));
#6773=CARTESIAN_POINT('',(0.0256473371533876,-0.00267843063875173,-0.0381));
#6774=CARTESIAN_POINT('',(0.0247389666273143,-0.00170647417585329,-0.0381));
#6775=CARTESIAN_POINT('',(0.0231180298885657,-0.00170647417585329,-0.0381));
#6776=CARTESIAN_POINT('',(0.0231180298885657,-0.00170647417585329,-0.0381));
#6777=CARTESIAN_POINT('',(0.0231180298885657,-0.00170647417585329,-0.0381));
#6778=CARTESIAN_POINT('',(0.0221026735005327,-0.00170647417585328,-0.0381));
#6779=CARTESIAN_POINT('',(0.0213265213510323,-0.0021515757336292,-0.0381));
#6780=CARTESIAN_POINT('',(0.0213265213510323,-0.0021515757336292,-0.0381));
#6781=CARTESIAN_POINT('',(0.0213265213510323,-0.0021515757336292,-0.0381));
#6782=CARTESIAN_POINT('',(0.0205503692015319,-0.00259667729140513,-0.0381));
#6783=CARTESIAN_POINT('',(0.0201345373607072,-0.00342935027363899,-0.0381));
#6784=CARTESIAN_POINT('',(0.0201345373607072,-0.00342935027363899,-0.0381));
#6785=CARTESIAN_POINT('',(0.0201345373607072,-0.00342935027363899,-0.0381));
#6786=CARTESIAN_POINT('',(0.0197187055198825,-0.00426202325587286,-0.0381));
#6787=CARTESIAN_POINT('',(0.0197187055198825,-0.00537225389885135,-0.0381));
#6788=CARTESIAN_POINT('',(0.0197187055198825,-0.00537225389885135,-0.0381));
#6789=CARTESIAN_POINT('',(0.0197187055198825,-0.00537225389885135,-0.0381));
#6790=CARTESIAN_POINT('',(0.0197187055198825,-0.00710017649955969,-0.0381));
#6791=CARTESIAN_POINT('',(0.0206200109418642,-0.0080590120548593,-0.0381));
#6792=CARTESIAN_POINT('',(0.0206200109418642,-0.0080590120548593,-0.0381));
#6793=CARTESIAN_POINT('',(0.0206200109418642,-0.0080590120548593,-0.0381));
#6794=CARTESIAN_POINT('',(0.0215213163638458,-0.00901784761015891,-0.0381));
#6795=CARTESIAN_POINT('',(0.0231563833107777,-0.00901784761015891,-0.0381));
#6796=CARTESIAN_POINT('',(0.0231563833107777,-0.00901784761015891,-0.0381));
#6797=CARTESIAN_POINT('',(0.0231563833107777,-0.00901784761015891,-0.0381));
#6798=CARTESIAN_POINT('',(0.0241717396988108,-0.00901784761015891,-0.0381));
#6799=CARTESIAN_POINT('',(0.0249478918483112,-0.00857678325472109,-0.0381));
#6800=CARTESIAN_POINT('',(0.0249478918483112,-0.00857678325472109,-0.0381));
#6801=CARTESIAN_POINT('',(0.0249478918483112,-0.00857678325472109,-0.0381));
#6802=CARTESIAN_POINT('',(0.0257240439978117,-0.00813571889928327,-0.0381));
#6803=CARTESIAN_POINT('',(0.0261398758386363,-0.00730910172055656,-0.0381));
#6804=CARTESIAN_POINT('',(0.0163759019839327,-0.0056316441490745,-0.0381));
#6805=CARTESIAN_POINT('',(0.0163759019839327,-0.00942964224864547,-0.0381));
#6806=CARTESIAN_POINT('',(0.0163759019839327,-0.00183364604950354,-0.0381));
#6807=CARTESIAN_POINT('',(0.0153978897175272,-0.00183364604950354,-0.0381));
#6808=CARTESIAN_POINT('',(0.0144198774511215,-0.00183364604950353,-0.0381));
#6809=CARTESIAN_POINT('',(0.0144198774511215,-0.0056316441490745,-0.0381));
#6810=CARTESIAN_POINT('',(0.0144198774511215,-0.00942964224864547,-0.0381));
#6811=CARTESIAN_POINT('',(0.0131673354257249,-0.00942964224864546,-0.0381));
#6812=CARTESIAN_POINT('',(0.0119147934003282,-0.00942964224864546,-0.0381));
#6813=CARTESIAN_POINT('',(0.0119147934003282,-0.0102431385197733,-0.0381));
#6814=CARTESIAN_POINT('',(0.0119147934003282,-0.0110566347909012,-0.0381));
#6815=CARTESIAN_POINT('',(0.0153968804169426,-0.0110566347909012,-0.0381));
#6816=CARTESIAN_POINT('',(0.018878967433557,-0.0110566347909012,-0.0381));
#6817=CARTESIAN_POINT('',(0.018878967433557,-0.0102431385197733,-0.0381));
#6818=CARTESIAN_POINT('',(0.018878967433557,-0.00942964224864547,-0.0381));
#6819=CARTESIAN_POINT('',(0.0176274347087448,-0.00942964224864547,-0.0381));
#6820=CARTESIAN_POINT('',(0.00673102559820323,-0.00182052514190469,-0.0381));
#6821=CARTESIAN_POINT('',(0.00625463572230701,-0.00170647417585327,-0.0381));
#6822=CARTESIAN_POINT('',(0.00552995790261741,-0.00170647417585327,-0.0381));
#6823=CARTESIAN_POINT('',(0.00673102559820323,-0.00182052514190469,-0.0381));
#6824=CARTESIAN_POINT('',(0.00552995790261741,-0.00170647417585327,-0.0381));
#6825=CARTESIAN_POINT('',(0.00552995790261741,-0.00170647417585327,-0.0381));
#6826=CARTESIAN_POINT('',(0.00223761939589393,-0.00170647417585326,-0.0381));
#6827=CARTESIAN_POINT('',(0.00223761939589392,-0.00532178886962504,-0.0381));
#6828=CARTESIAN_POINT('',(0.00223761939589392,-0.00532178886962504,-0.0381));
#6829=CARTESIAN_POINT('',(0.00223761939589392,-0.00532178886962504,-0.0381));
#6830=CARTESIAN_POINT('',(0.00223761939589392,-0.00712036251125019,-0.0381));
#6831=CARTESIAN_POINT('',(0.00313286901436839,-0.00806910506070454,-0.0381));
#6832=CARTESIAN_POINT('',(0.00313286901436839,-0.00806910506070454,-0.0381));
#6833=CARTESIAN_POINT('',(0.00313286901436839,-0.00806910506070454,-0.0381));
#6834=CARTESIAN_POINT('',(0.00402811863284286,-0.00901784761015889,-0.0381));
#6835=CARTESIAN_POINT('',(0.00569952040081775,-0.00901784761015889,-0.0381));
#6836=CARTESIAN_POINT('',(0.00569952040081775,-0.00901784761015889,-0.0381));
#6837=CARTESIAN_POINT('',(0.00569952040081775,-0.00901784761015889,-0.0381));
#6838=CARTESIAN_POINT('',(0.00692279270926315,-0.00901784761015889,-0.0381));
#6839=CARTESIAN_POINT('',(0.00789575847274612,-0.00853943913309362,-0.0381));
#6840=CARTESIAN_POINT('',(0.00789575847274611,-0.00853943913309361,-0.0381));
#6841=CARTESIAN_POINT('',(0.00761113570790981,-0.0077945753017135,-0.0381));
#6842=CARTESIAN_POINT('',(0.00732640194021602,-0.00704942097349359,-0.0381));
#6843=CARTESIAN_POINT('',(0.00363918069608464,0.00194941463695345,-0.0381));
#6844=CARTESIAN_POINT('',(0.00648174419749838,-0.00735053418823778,-0.0381));
#6845=CARTESIAN_POINT('',(0.00569214806130704,-0.00475614160531204,-0.0381));
#6846=CARTESIAN_POINT('',(0.00569952040081775,-0.00746756191232711,-0.0381));
#6847=CARTESIAN_POINT('',(0.00569952040081775,-0.00746756191232711,-0.0381));
#6848=CARTESIAN_POINT('',(0.00419768113104322,-0.0074675619123271,-0.0381));
#6849=CARTESIAN_POINT('',(0.00419768113104322,-0.00533390047663935,-0.0381));
#6850=CARTESIAN_POINT('',(0.00419768113104322,-0.00533390047663935,-0.0381));
#6851=CARTESIAN_POINT('',(0.00419768113104322,-0.00533390047663935,-0.0381));
#6852=CARTESIAN_POINT('',(0.00419768113104322,-0.00326483427836125,-0.0381));
#6853=CARTESIAN_POINT('',(0.00569952040081776,-0.00326483427836125,-0.0381));
#6854=CARTESIAN_POINT('',(0.00569952040081776,-0.00326483427836125,-0.0381));
#6855=CARTESIAN_POINT('',(0.00573519718123023,-0.0066918707260642,-0.0381));
#6856=CARTESIAN_POINT('',(0.00672813462250707,-0.0034127807543945,-0.0381));
#6857=CARTESIAN_POINT('',(0.00558620451286531,-0.00691356204092088,-0.0381));
#6858=CARTESIAN_POINT('',(0.0076734575148125,-0.00387885953566604,-0.0381));
#6859=CARTESIAN_POINT('',(0.00767371234415042,-0.00305489975677987,-0.0381));
#6860=CARTESIAN_POINT('',(0.0076734602752176,-0.00223169604183692,-0.0381));
#6861=CARTESIAN_POINT('',(0.00597416654569367,-0.00483091813917918,-0.0381));
#6862=CARTESIAN_POINT('',(0.,-0.0127,0.));
#6863=CARTESIAN_POINT('',(-0.035052,-0.0127,-0.035052));
#6864=CARTESIAN_POINT('',(-0.033052,-0.0127,-0.035052));
#6865=CARTESIAN_POINT('',(0.035052,-0.0127,-0.035052));
#6866=CARTESIAN_POINT('',(0.037052,-0.0127,-0.035052));
#6867=CARTESIAN_POINT('',(0.035052,-0.0127,0.035052));
#6868=CARTESIAN_POINT('',(0.037052,-0.0127,0.035052));
#6869=CARTESIAN_POINT('',(-0.035052,-0.0127,0.035052));
#6870=CARTESIAN_POINT('',(-0.033052,-0.0127,0.035052));
#6871=CARTESIAN_POINT('',(0.01016,-0.0127,0.02413));
#6872=CARTESIAN_POINT('',(0.01016,-0.0127,0.017018));
#6873=CARTESIAN_POINT('',(0.01016,-0.0127,0.031242));
#6874=CARTESIAN_POINT('',(0.007112,-0.0127,0.017018));
#6875=CARTESIAN_POINT('',(0.007112,-0.0127,0.01397));
#6876=CARTESIAN_POINT('',(-3.90312782094781E-18,-0.0127,0.01397));
#6877=CARTESIAN_POINT('',(-0.007112,-0.0127,0.01397));
#6878=CARTESIAN_POINT('',(-0.007112,-0.0127,0.017018));
#6879=CARTESIAN_POINT('',(-0.01016,-0.0127,0.017018));
#6880=CARTESIAN_POINT('',(-0.01016,-0.0127,0.02413));
#6881=CARTESIAN_POINT('',(-0.01016,-0.0127,0.031242));
#6882=CARTESIAN_POINT('',(-0.007112,-0.0127,0.031242));
#6883=CARTESIAN_POINT('',(-0.007112,-0.0127,0.03429));
#6884=CARTESIAN_POINT('',(-4.33680868994202E-18,-0.0127,0.03429));
#6885=CARTESIAN_POINT('',(0.007112,-0.0127,0.03429));
#6886=CARTESIAN_POINT('',(0.007112,-0.0127,0.031242));
#6887=CARTESIAN_POINT('',(0.02413,-0.0127,-0.01016));
#6888=CARTESIAN_POINT('',(0.017018,-0.0127,-0.01016));
#6889=CARTESIAN_POINT('',(0.031242,-0.0127,-0.01016));
#6890=CARTESIAN_POINT('',(0.017018,-0.0127,-0.007112));
#6891=CARTESIAN_POINT('',(0.01397,-0.0127,-0.007112));
#6892=CARTESIAN_POINT('',(0.01397,-0.0127,-3.03576608295941E-18));
#6893=CARTESIAN_POINT('',(0.01397,-0.0127,0.007112));
#6894=CARTESIAN_POINT('',(0.017018,-0.0127,0.007112));
#6895=CARTESIAN_POINT('',(0.017018,-0.0127,0.01016));
#6896=CARTESIAN_POINT('',(0.02413,-0.0127,0.01016));
#6897=CARTESIAN_POINT('',(0.031242,-0.0127,0.01016));
#6898=CARTESIAN_POINT('',(0.031242,-0.0127,0.007112));
#6899=CARTESIAN_POINT('',(0.03429,-0.0127,0.007112));
#6900=CARTESIAN_POINT('',(0.03429,-0.0127,-2.60208521396521E-18));
#6901=CARTESIAN_POINT('',(0.03429,-0.0127,-0.007112));
#6902=CARTESIAN_POINT('',(0.031242,-0.0127,-0.007112));
#6903=CARTESIAN_POINT('',(0.02413,-0.0127,-0.03429));
#6904=CARTESIAN_POINT('',(0.017018,-0.0127,-0.03429));
#6905=CARTESIAN_POINT('',(0.031242,-0.0127,-0.03429));
#6906=CARTESIAN_POINT('',(0.017018,-0.0127,-0.031242));
#6907=CARTESIAN_POINT('',(0.01397,-0.0127,-0.031242));
#6908=CARTESIAN_POINT('',(0.01397,-0.0127,-0.02413));
#6909=CARTESIAN_POINT('',(0.01397,-0.0127,-0.017018));
#6910=CARTESIAN_POINT('',(0.017018,-0.0127,-0.017018));
#6911=CARTESIAN_POINT('',(0.017018,-0.0127,-0.01397));
#6912=CARTESIAN_POINT('',(0.02413,-0.0127,-0.01397));
#6913=CARTESIAN_POINT('',(0.031242,-0.0127,-0.01397));
#6914=CARTESIAN_POINT('',(0.031242,-0.0127,-0.017018));
#6915=CARTESIAN_POINT('',(0.03429,-0.0127,-0.017018));
#6916=CARTESIAN_POINT('',(0.03429,-0.0127,-0.02413));
#6917=CARTESIAN_POINT('',(0.03429,-0.0127,-0.031242));
#6918=CARTESIAN_POINT('',(0.031242,-0.0127,-0.031242));
#6919=CARTESIAN_POINT('',(-0.01397,-0.0127,0.02413));
#6920=CARTESIAN_POINT('',(-0.01397,-0.0127,0.017018));
#6921=CARTESIAN_POINT('',(-0.01397,-0.0127,0.031242));
#6922=CARTESIAN_POINT('',(-0.017018,-0.0127,0.017018));
#6923=CARTESIAN_POINT('',(-0.017018,-0.0127,0.01397));
#6924=CARTESIAN_POINT('',(-0.02413,-0.0127,0.01397));
#6925=CARTESIAN_POINT('',(-0.031242,-0.0127,0.01397));
#6926=CARTESIAN_POINT('',(-0.031242,-0.0127,0.017018));
#6927=CARTESIAN_POINT('',(-0.03429,-0.0127,0.017018));
#6928=CARTESIAN_POINT('',(-0.03429,-0.0127,0.02413));
#6929=CARTESIAN_POINT('',(-0.03429,-0.0127,0.031242));
#6930=CARTESIAN_POINT('',(-0.031242,-0.0127,0.031242));
#6931=CARTESIAN_POINT('',(-0.031242,-0.0127,0.03429));
#6932=CARTESIAN_POINT('',(-0.02413,-0.0127,0.03429));
#6933=CARTESIAN_POINT('',(-0.017018,-0.0127,0.03429));
#6934=CARTESIAN_POINT('',(-0.017018,-0.0127,0.031242));
#6935=CARTESIAN_POINT('',(0.035052,-0.0127,-0.035052));
#6936=CARTESIAN_POINT('',(0.0381,-0.0127,-0.035052));
#6937=CARTESIAN_POINT('',(0.0381,-0.0127,6.93889390390723E-18));
#6938=CARTESIAN_POINT('',(0.0381,-0.0127,0.035052));
#6939=CARTESIAN_POINT('',(0.035052,-0.0127,0.035052));
#6940=CARTESIAN_POINT('',(0.035052,-0.0127,0.0381));
#6941=CARTESIAN_POINT('',(6.93889390390723E-18,-0.0127,0.0381));
#6942=CARTESIAN_POINT('',(-0.035052,-0.0127,0.0381));
#6943=CARTESIAN_POINT('',(-0.035052,-0.0127,0.035052));
#6944=CARTESIAN_POINT('',(-0.0381,-0.0127,0.035052));
#6945=CARTESIAN_POINT('',(-0.0381,-0.0127,6.93889390390723E-18));
#6946=CARTESIAN_POINT('',(-0.0381,-0.0127,-0.035052));
#6947=CARTESIAN_POINT('',(-0.035052,-0.0127,-0.035052));
#6948=CARTESIAN_POINT('',(-0.007112,-0.0127,-0.017018));
#6949=CARTESIAN_POINT('',(-0.007112,-0.0127,-0.01397));
#6950=CARTESIAN_POINT('',(-0.01016,-0.0127,-0.017018));
#6951=CARTESIAN_POINT('',(-3.46944695195361E-18,-0.0127,-0.01397));
#6952=CARTESIAN_POINT('',(0.007112,-0.0127,-0.01397));
#6953=CARTESIAN_POINT('',(0.007112,-0.0127,-0.017018));
#6954=CARTESIAN_POINT('',(0.01016,-0.0127,-0.017018));
#6955=CARTESIAN_POINT('',(0.01016,-0.0127,-0.02413));
#6956=CARTESIAN_POINT('',(0.01016,-0.0127,-0.031242));
#6957=CARTESIAN_POINT('',(0.007112,-0.0127,-0.031242));
#6958=CARTESIAN_POINT('',(0.007112,-0.0127,-0.03429));
#6959=CARTESIAN_POINT('',(0.,-0.0127,-0.03429));
#6960=CARTESIAN_POINT('',(-0.007112,-0.0127,-0.03429));
#6961=CARTESIAN_POINT('',(-0.007112,-0.0127,-0.031242));
#6962=CARTESIAN_POINT('',(-0.01016,-0.0127,-0.031242));
#6963=CARTESIAN_POINT('',(-0.01016,-0.0127,-0.02413));
#6964=CARTESIAN_POINT('',(-0.031242,-0.0127,-0.031242));
#6965=CARTESIAN_POINT('',(-0.03429,-0.0127,-0.031242));
#6966=CARTESIAN_POINT('',(-0.031242,-0.0127,-0.03429));
#6967=CARTESIAN_POINT('',(-0.03429,-0.0127,-0.02413));
#6968=CARTESIAN_POINT('',(-0.03429,-0.0127,-0.017018));
#6969=CARTESIAN_POINT('',(-0.031242,-0.0127,-0.017018));
#6970=CARTESIAN_POINT('',(-0.031242,-0.0127,-0.01397));
#6971=CARTESIAN_POINT('',(-0.02413,-0.0127,-0.01397));
#6972=CARTESIAN_POINT('',(-0.017018,-0.0127,-0.01397));
#6973=CARTESIAN_POINT('',(-0.017018,-0.0127,-0.017018));
#6974=CARTESIAN_POINT('',(-0.01397,-0.0127,-0.017018));
#6975=CARTESIAN_POINT('',(-0.01397,-0.0127,-0.02413));
#6976=CARTESIAN_POINT('',(-0.01397,-0.0127,-0.031242));
#6977=CARTESIAN_POINT('',(-0.017018,-0.0127,-0.031242));
#6978=CARTESIAN_POINT('',(-0.017018,-0.0127,-0.03429));
#6979=CARTESIAN_POINT('',(-0.02413,-0.0127,-0.03429));
#6980=CARTESIAN_POINT('',(-0.031242,-0.0127,-0.007112));
#6981=CARTESIAN_POINT('',(-0.03429,-0.0127,-0.007112));
#6982=CARTESIAN_POINT('',(-0.031242,-0.0127,-0.01016));
#6983=CARTESIAN_POINT('',(-0.03429,-0.0127,-4.33680868994202E-18));
#6984=CARTESIAN_POINT('',(-0.03429,-0.0127,0.007112));
#6985=CARTESIAN_POINT('',(-0.031242,-0.0127,0.007112));
#6986=CARTESIAN_POINT('',(-0.031242,-0.0127,0.01016));
#6987=CARTESIAN_POINT('',(-0.02413,-0.0127,0.01016));
#6988=CARTESIAN_POINT('',(-0.017018,-0.0127,0.01016));
#6989=CARTESIAN_POINT('',(-0.017018,-0.0127,0.007112));
#6990=CARTESIAN_POINT('',(-0.01397,-0.0127,0.007112));
#6991=CARTESIAN_POINT('',(-0.01397,-0.0127,-4.33680868994202E-18));
#6992=CARTESIAN_POINT('',(-0.01397,-0.0127,-0.007112));
#6993=CARTESIAN_POINT('',(-0.017018,-0.0127,-0.007112));
#6994=CARTESIAN_POINT('',(-0.017018,-0.0127,-0.01016));
#6995=CARTESIAN_POINT('',(-0.02413,-0.0127,-0.01016));
#6996=CARTESIAN_POINT('',(-0.007112,-0.0127,0.007112));
#6997=CARTESIAN_POINT('',(-0.007112,-0.0127,0.01016));
#6998=CARTESIAN_POINT('',(-0.01016,-0.0127,0.007112));
#6999=CARTESIAN_POINT('',(-2.60208521396521E-18,-0.0127,0.01016));
#7000=CARTESIAN_POINT('',(0.007112,-0.0127,0.01016));
#7001=CARTESIAN_POINT('',(0.007112,-0.0127,0.007112));
#7002=CARTESIAN_POINT('',(0.01016,-0.0127,0.007112));
#7003=CARTESIAN_POINT('',(0.01016,-0.0127,-5.20417042793042E-18));
#7004=CARTESIAN_POINT('',(0.01016,-0.0127,-0.007112));
#7005=CARTESIAN_POINT('',(0.007112,-0.0127,-0.007112));
#7006=CARTESIAN_POINT('',(0.007112,-0.0127,-0.01016));
#7007=CARTESIAN_POINT('',(-3.90312782094781E-18,-0.0127,-0.01016));
#7008=CARTESIAN_POINT('',(-0.007112,-0.0127,-0.01016));
#7009=CARTESIAN_POINT('',(-0.007112,-0.0127,-0.007112));
#7010=CARTESIAN_POINT('',(-0.01016,-0.0127,-0.007112));
#7011=CARTESIAN_POINT('',(-0.01016,-0.0127,-4.77048955893622E-18));
#7012=CARTESIAN_POINT('',(0.017018,-0.0127,0.031242));
#7013=CARTESIAN_POINT('',(0.017018,-0.0127,0.03429));
#7014=CARTESIAN_POINT('',(0.01397,-0.0127,0.031242));
#7015=CARTESIAN_POINT('',(0.02413,-0.0127,0.03429));
#7016=CARTESIAN_POINT('',(0.031242,-0.0127,0.03429));
#7017=CARTESIAN_POINT('',(0.031242,-0.0127,0.031242));
#7018=CARTESIAN_POINT('',(0.03429,-0.0127,0.031242));
#7019=CARTESIAN_POINT('',(0.03429,-0.0127,0.02413));
#7020=CARTESIAN_POINT('',(0.03429,-0.0127,0.017018));
#7021=CARTESIAN_POINT('',(0.031242,-0.0127,0.017018));
#7022=CARTESIAN_POINT('',(0.031242,-0.0127,0.01397));
#7023=CARTESIAN_POINT('',(0.02413,-0.0127,0.01397));
#7024=CARTESIAN_POINT('',(0.017018,-0.0127,0.01397));
#7025=CARTESIAN_POINT('',(0.017018,-0.0127,0.017018));
#7026=CARTESIAN_POINT('',(0.01397,-0.0127,0.017018));
#7027=CARTESIAN_POINT('',(0.01397,-0.0127,0.02413));
#7028=CARTESIAN_POINT('',(0.035052,-0.0127,-0.035052));
#7029=CARTESIAN_POINT('',(0.035052,0.,-0.035052));
#7030=CARTESIAN_POINT('',(0.0381,0.,-0.035052));
#7031=CARTESIAN_POINT('',(0.0381,-0.0127,-0.035052));
#7032=CARTESIAN_POINT('',(0.0381,-0.0127,6.93889390390723E-18));
#7033=CARTESIAN_POINT('',(0.0381,0.,6.93889390390723E-18));
#7034=CARTESIAN_POINT('',(0.0381,0.,0.035052));
#7035=CARTESIAN_POINT('',(0.0381,-0.0127,0.035052));
#7036=CARTESIAN_POINT('',(0.035052,-0.0127,0.035052));
#7037=CARTESIAN_POINT('',(0.035052,0.,0.035052));
#7038=CARTESIAN_POINT('',(0.035052,0.,0.0381));
#7039=CARTESIAN_POINT('',(0.035052,-0.0127,0.0381));
#7040=CARTESIAN_POINT('',(6.93889390390723E-18,-0.0127,0.0381));
#7041=CARTESIAN_POINT('',(6.93889390390723E-18,0.,0.0381));
#7042=CARTESIAN_POINT('',(-0.035052,0.,0.0381));
#7043=CARTESIAN_POINT('',(-0.035052,-0.0127,0.0381));
#7044=CARTESIAN_POINT('',(-0.035052,-0.0127,0.035052));
#7045=CARTESIAN_POINT('',(-0.035052,0.,0.035052));
#7046=CARTESIAN_POINT('',(-0.0381,0.,0.035052));
#7047=CARTESIAN_POINT('',(-0.0381,-0.0127,0.035052));
#7048=CARTESIAN_POINT('',(-0.0381,-0.0127,6.93889390390723E-18));
#7049=CARTESIAN_POINT('',(-0.0381,0.,6.93889390390723E-18));
#7050=CARTESIAN_POINT('',(-0.0381,0.,-0.035052));
#7051=CARTESIAN_POINT('',(-0.0381,-0.0127,-0.035052));
#7052=CARTESIAN_POINT('',(-0.035052,-0.0127,-0.035052));
#7053=CARTESIAN_POINT('',(-0.035052,0.,-0.035052));
#7054=CARTESIAN_POINT('',(0.,0.,0.));
#7055=CARTESIAN_POINT('',(-0.01397,-0.00508,0.02413));
#7056=CARTESIAN_POINT('',(-0.01397,-0.00508,0.031242));
#7057=CARTESIAN_POINT('',(-0.01397,-0.00508,0.031242));
#7058=CARTESIAN_POINT('',(-0.01397,-0.00508,0.02413));
#7059=CARTESIAN_POINT('',(-0.01397,-0.00508,0.017018));
#7060=CARTESIAN_POINT('',(-0.01397,-0.00508,0.017018));
#7061=CARTESIAN_POINT('',(-0.017018,-0.00508,0.031242));
#7062=CARTESIAN_POINT('',(-0.017018,-0.00508,0.03429));
#7063=CARTESIAN_POINT('',(-0.017018,-0.00508,0.03429));
#7064=CARTESIAN_POINT('',(-0.017018,-0.00508,0.031242));
#7065=CARTESIAN_POINT('',(-0.02413,-0.00508,0.03429));
#7066=CARTESIAN_POINT('',(-0.031242,-0.00508,0.03429));
#7067=CARTESIAN_POINT('',(-0.031242,-0.00508,0.03429));
#7068=CARTESIAN_POINT('',(-0.02413,-0.00508,0.03429));
#7069=CARTESIAN_POINT('',(-0.031242,-0.00508,0.031242));
#7070=CARTESIAN_POINT('',(-0.03429,-0.00508,0.031242));
#7071=CARTESIAN_POINT('',(-0.03429,-0.00508,0.031242));
#7072=CARTESIAN_POINT('',(-0.031242,-0.00508,0.031242));
#7073=CARTESIAN_POINT('',(-0.03429,-0.00508,0.02413));
#7074=CARTESIAN_POINT('',(-0.03429,-0.00508,0.017018));
#7075=CARTESIAN_POINT('',(-0.03429,-0.00508,0.017018));
#7076=CARTESIAN_POINT('',(-0.03429,-0.00508,0.02413));
#7077=CARTESIAN_POINT('',(-0.031242,-0.00508,0.017018));
#7078=CARTESIAN_POINT('',(-0.031242,-0.00508,0.01397));
#7079=CARTESIAN_POINT('',(-0.031242,-0.00508,0.01397));
#7080=CARTESIAN_POINT('',(-0.031242,-0.00508,0.017018));
#7081=CARTESIAN_POINT('',(-0.02413,-0.00508,0.01397));
#7082=CARTESIAN_POINT('',(-0.017018,-0.00508,0.01397));
#7083=CARTESIAN_POINT('',(-0.017018,-0.00508,0.01397));
#7084=CARTESIAN_POINT('',(-0.02413,-0.00508,0.01397));
#7085=CARTESIAN_POINT('',(-0.017018,-0.00508,0.017018));
#7086=CARTESIAN_POINT('',(-0.017018,-0.00508,0.017018));
#7087=CARTESIAN_POINT('',(0.,-0.00508,0.));
#7088=CARTESIAN_POINT('',(0.02413,-0.00508,-0.03429));
#7089=CARTESIAN_POINT('',(0.031242,-0.00508,-0.03429));
#7090=CARTESIAN_POINT('',(0.031242,-0.00508,-0.03429));
#7091=CARTESIAN_POINT('',(0.02413,-0.00508,-0.03429));
#7092=CARTESIAN_POINT('',(0.017018,-0.00508,-0.03429));
#7093=CARTESIAN_POINT('',(0.017018,-0.00508,-0.03429));
#7094=CARTESIAN_POINT('',(0.031242,-0.00508,-0.031242));
#7095=CARTESIAN_POINT('',(0.03429,-0.00508,-0.031242));
#7096=CARTESIAN_POINT('',(0.03429,-0.00508,-0.031242));
#7097=CARTESIAN_POINT('',(0.031242,-0.00508,-0.031242));
#7098=CARTESIAN_POINT('',(0.03429,-0.00508,-0.02413));
#7099=CARTESIAN_POINT('',(0.03429,-0.00508,-0.017018));
#7100=CARTESIAN_POINT('',(0.03429,-0.00508,-0.017018));
#7101=CARTESIAN_POINT('',(0.03429,-0.00508,-0.02413));
#7102=CARTESIAN_POINT('',(0.031242,-0.00508,-0.017018));
#7103=CARTESIAN_POINT('',(0.031242,-0.00508,-0.01397));
#7104=CARTESIAN_POINT('',(0.031242,-0.00508,-0.01397));
#7105=CARTESIAN_POINT('',(0.031242,-0.00508,-0.017018));
#7106=CARTESIAN_POINT('',(0.02413,-0.00508,-0.01397));
#7107=CARTESIAN_POINT('',(0.017018,-0.00508,-0.01397));
#7108=CARTESIAN_POINT('',(0.017018,-0.00508,-0.01397));
#7109=CARTESIAN_POINT('',(0.02413,-0.00508,-0.01397));
#7110=CARTESIAN_POINT('',(0.017018,-0.00508,-0.017018));
#7111=CARTESIAN_POINT('',(0.01397,-0.00508,-0.017018));
#7112=CARTESIAN_POINT('',(0.01397,-0.00508,-0.017018));
#7113=CARTESIAN_POINT('',(0.017018,-0.00508,-0.017018));
#7114=CARTESIAN_POINT('',(0.01397,-0.00508,-0.02413));
#7115=CARTESIAN_POINT('',(0.01397,-0.00508,-0.031242));
#7116=CARTESIAN_POINT('',(0.01397,-0.00508,-0.031242));
#7117=CARTESIAN_POINT('',(0.01397,-0.00508,-0.02413));
#7118=CARTESIAN_POINT('',(0.017018,-0.00508,-0.031242));
#7119=CARTESIAN_POINT('',(0.017018,-0.00508,-0.031242));
#7120=CARTESIAN_POINT('',(0.,-0.00508,0.));
#7121=CARTESIAN_POINT('',(-3.46944695195361E-18,-0.00508,-0.01397));
#7122=CARTESIAN_POINT('',(-0.007112,-0.00508,-0.01397));
#7123=CARTESIAN_POINT('',(-0.007112,-0.00508,-0.01397));
#7124=CARTESIAN_POINT('',(-3.46944695195361E-18,-0.00508,-0.01397));
#7125=CARTESIAN_POINT('',(0.007112,-0.00508,-0.01397));
#7126=CARTESIAN_POINT('',(0.007112,-0.00508,-0.01397));
#7127=CARTESIAN_POINT('',(-0.007112,-0.00508,-0.017018));
#7128=CARTESIAN_POINT('',(-0.01016,-0.00508,-0.017018));
#7129=CARTESIAN_POINT('',(-0.01016,-0.00508,-0.017018));
#7130=CARTESIAN_POINT('',(-0.007112,-0.00508,-0.017018));
#7131=CARTESIAN_POINT('',(-0.01016,-0.00508,-0.02413));
#7132=CARTESIAN_POINT('',(-0.01016,-0.00508,-0.031242));
#7133=CARTESIAN_POINT('',(-0.01016,-0.00508,-0.031242));
#7134=CARTESIAN_POINT('',(-0.01016,-0.00508,-0.02413));
#7135=CARTESIAN_POINT('',(-0.007112,-0.00508,-0.031242));
#7136=CARTESIAN_POINT('',(-0.007112,-0.00508,-0.03429));
#7137=CARTESIAN_POINT('',(-0.007112,-0.00508,-0.03429));
#7138=CARTESIAN_POINT('',(-0.007112,-0.00508,-0.031242));
#7139=CARTESIAN_POINT('',(0.,-0.00508,-0.03429));
#7140=CARTESIAN_POINT('',(0.007112,-0.00508,-0.03429));
#7141=CARTESIAN_POINT('',(0.007112,-0.00508,-0.03429));
#7142=CARTESIAN_POINT('',(0.,-0.00508,-0.03429));
#7143=CARTESIAN_POINT('',(0.007112,-0.00508,-0.031242));
#7144=CARTESIAN_POINT('',(0.01016,-0.00508,-0.031242));
#7145=CARTESIAN_POINT('',(0.01016,-0.00508,-0.031242));
#7146=CARTESIAN_POINT('',(0.007112,-0.00508,-0.031242));
#7147=CARTESIAN_POINT('',(0.01016,-0.00508,-0.02413));
#7148=CARTESIAN_POINT('',(0.01016,-0.00508,-0.017018));
#7149=CARTESIAN_POINT('',(0.01016,-0.00508,-0.017018));
#7150=CARTESIAN_POINT('',(0.01016,-0.00508,-0.02413));
#7151=CARTESIAN_POINT('',(0.007112,-0.00508,-0.017018));
#7152=CARTESIAN_POINT('',(0.007112,-0.00508,-0.017018));
#7153=CARTESIAN_POINT('',(0.,-0.00508,0.));
#7154=CARTESIAN_POINT('',(-0.03429,-0.00508,-0.02413));
#7155=CARTESIAN_POINT('',(-0.03429,-0.00508,-0.031242));
#7156=CARTESIAN_POINT('',(-0.03429,-0.00508,-0.031242));
#7157=CARTESIAN_POINT('',(-0.03429,-0.00508,-0.02413));
#7158=CARTESIAN_POINT('',(-0.03429,-0.00508,-0.017018));
#7159=CARTESIAN_POINT('',(-0.03429,-0.00508,-0.017018));
#7160=CARTESIAN_POINT('',(-0.031242,-0.00508,-0.031242));
#7161=CARTESIAN_POINT('',(-0.031242,-0.00508,-0.03429));
#7162=CARTESIAN_POINT('',(-0.031242,-0.00508,-0.03429));
#7163=CARTESIAN_POINT('',(-0.031242,-0.00508,-0.031242));
#7164=CARTESIAN_POINT('',(-0.02413,-0.00508,-0.03429));
#7165=CARTESIAN_POINT('',(-0.017018,-0.00508,-0.03429));
#7166=CARTESIAN_POINT('',(-0.017018,-0.00508,-0.03429));
#7167=CARTESIAN_POINT('',(-0.02413,-0.00508,-0.03429));
#7168=CARTESIAN_POINT('',(-0.017018,-0.00508,-0.031242));
#7169=CARTESIAN_POINT('',(-0.01397,-0.00508,-0.031242));
#7170=CARTESIAN_POINT('',(-0.01397,-0.00508,-0.031242));
#7171=CARTESIAN_POINT('',(-0.017018,-0.00508,-0.031242));
#7172=CARTESIAN_POINT('',(-0.01397,-0.00508,-0.02413));
#7173=CARTESIAN_POINT('',(-0.01397,-0.00508,-0.017018));
#7174=CARTESIAN_POINT('',(-0.01397,-0.00508,-0.017018));
#7175=CARTESIAN_POINT('',(-0.01397,-0.00508,-0.02413));
#7176=CARTESIAN_POINT('',(-0.017018,-0.00508,-0.017018));
#7177=CARTESIAN_POINT('',(-0.017018,-0.00508,-0.01397));
#7178=CARTESIAN_POINT('',(-0.017018,-0.00508,-0.01397));
#7179=CARTESIAN_POINT('',(-0.017018,-0.00508,-0.017018));
#7180=CARTESIAN_POINT('',(-0.02413,-0.00508,-0.01397));
#7181=CARTESIAN_POINT('',(-0.031242,-0.00508,-0.01397));
#7182=CARTESIAN_POINT('',(-0.031242,-0.00508,-0.01397));
#7183=CARTESIAN_POINT('',(-0.02413,-0.00508,-0.01397));
#7184=CARTESIAN_POINT('',(-0.031242,-0.00508,-0.017018));
#7185=CARTESIAN_POINT('',(-0.031242,-0.00508,-0.017018));
#7186=CARTESIAN_POINT('',(0.,-0.00508,0.));
#7187=CARTESIAN_POINT('',(-0.03429,-0.00508,-4.33680868994202E-18));
#7188=CARTESIAN_POINT('',(-0.03429,-0.00508,-0.007112));
#7189=CARTESIAN_POINT('',(-0.03429,-0.00508,-0.007112));
#7190=CARTESIAN_POINT('',(-0.03429,-0.00508,-4.33680868994202E-18));
#7191=CARTESIAN_POINT('',(-0.03429,-0.00508,0.007112));
#7192=CARTESIAN_POINT('',(-0.03429,-0.00508,0.007112));
#7193=CARTESIAN_POINT('',(-0.031242,-0.00508,-0.007112));
#7194=CARTESIAN_POINT('',(-0.031242,-0.00508,-0.01016));
#7195=CARTESIAN_POINT('',(-0.031242,-0.00508,-0.01016));
#7196=CARTESIAN_POINT('',(-0.031242,-0.00508,-0.007112));
#7197=CARTESIAN_POINT('',(-0.02413,-0.00508,-0.01016));
#7198=CARTESIAN_POINT('',(-0.017018,-0.00508,-0.01016));
#7199=CARTESIAN_POINT('',(-0.017018,-0.00508,-0.01016));
#7200=CARTESIAN_POINT('',(-0.02413,-0.00508,-0.01016));
#7201=CARTESIAN_POINT('',(-0.017018,-0.00508,-0.007112));
#7202=CARTESIAN_POINT('',(-0.01397,-0.00508,-0.007112));
#7203=CARTESIAN_POINT('',(-0.01397,-0.00508,-0.007112));
#7204=CARTESIAN_POINT('',(-0.017018,-0.00508,-0.007112));
#7205=CARTESIAN_POINT('',(-0.01397,-0.00508,-4.33680868994202E-18));
#7206=CARTESIAN_POINT('',(-0.01397,-0.00508,0.007112));
#7207=CARTESIAN_POINT('',(-0.01397,-0.00508,0.007112));
#7208=CARTESIAN_POINT('',(-0.01397,-0.00508,-4.33680868994202E-18));
#7209=CARTESIAN_POINT('',(-0.017018,-0.00508,0.007112));
#7210=CARTESIAN_POINT('',(-0.017018,-0.00508,0.01016));
#7211=CARTESIAN_POINT('',(-0.017018,-0.00508,0.01016));
#7212=CARTESIAN_POINT('',(-0.017018,-0.00508,0.007112));
#7213=CARTESIAN_POINT('',(-0.02413,-0.00508,0.01016));
#7214=CARTESIAN_POINT('',(-0.031242,-0.00508,0.01016));
#7215=CARTESIAN_POINT('',(-0.031242,-0.00508,0.01016));
#7216=CARTESIAN_POINT('',(-0.02413,-0.00508,0.01016));
#7217=CARTESIAN_POINT('',(-0.031242,-0.00508,0.007112));
#7218=CARTESIAN_POINT('',(-0.031242,-0.00508,0.007112));
#7219=CARTESIAN_POINT('',(0.,-0.00508,0.));
#7220=CARTESIAN_POINT('',(-2.60208521396521E-18,-0.00508,0.01016));
#7221=CARTESIAN_POINT('',(-0.007112,-0.00508,0.01016));
#7222=CARTESIAN_POINT('',(-0.007112,-0.00508,0.01016));
#7223=CARTESIAN_POINT('',(-2.60208521396521E-18,-0.00508,0.01016));
#7224=CARTESIAN_POINT('',(0.007112,-0.00508,0.01016));
#7225=CARTESIAN_POINT('',(0.007112,-0.00508,0.01016));
#7226=CARTESIAN_POINT('',(-0.007112,-0.00508,0.007112));
#7227=CARTESIAN_POINT('',(-0.01016,-0.00508,0.007112));
#7228=CARTESIAN_POINT('',(-0.01016,-0.00508,0.007112));
#7229=CARTESIAN_POINT('',(-0.007112,-0.00508,0.007112));
#7230=CARTESIAN_POINT('',(-0.01016,-0.00508,-4.77048955893622E-18));
#7231=CARTESIAN_POINT('',(-0.01016,-0.00508,-0.007112));
#7232=CARTESIAN_POINT('',(-0.01016,-0.00508,-0.007112));
#7233=CARTESIAN_POINT('',(-0.01016,-0.00508,-4.77048955893622E-18));
#7234=CARTESIAN_POINT('',(-0.007112,-0.00508,-0.007112));
#7235=CARTESIAN_POINT('',(-0.007112,-0.00508,-0.01016));
#7236=CARTESIAN_POINT('',(-0.007112,-0.00508,-0.01016));
#7237=CARTESIAN_POINT('',(-0.007112,-0.00508,-0.007112));
#7238=CARTESIAN_POINT('',(-3.90312782094781E-18,-0.00508,-0.01016));
#7239=CARTESIAN_POINT('',(0.007112,-0.00508,-0.01016));
#7240=CARTESIAN_POINT('',(0.007112,-0.00508,-0.01016));
#7241=CARTESIAN_POINT('',(-3.90312782094781E-18,-0.00508,-0.01016));
#7242=CARTESIAN_POINT('',(0.007112,-0.00508,-0.007112));
#7243=CARTESIAN_POINT('',(0.01016,-0.00508,-0.007112));
#7244=CARTESIAN_POINT('',(0.01016,-0.00508,-0.007112));
#7245=CARTESIAN_POINT('',(0.007112,-0.00508,-0.007112));
#7246=CARTESIAN_POINT('',(0.01016,-0.00508,-5.20417042793042E-18));
#7247=CARTESIAN_POINT('',(0.01016,-0.00508,0.007112));
#7248=CARTESIAN_POINT('',(0.01016,-0.00508,0.007112));
#7249=CARTESIAN_POINT('',(0.01016,-0.00508,-5.20417042793042E-18));
#7250=CARTESIAN_POINT('',(0.007112,-0.00508,0.007112));
#7251=CARTESIAN_POINT('',(0.007112,-0.00508,0.007112));
#7252=CARTESIAN_POINT('',(0.,-0.00508,0.));
#7253=CARTESIAN_POINT('',(0.02413,-0.00508,-0.01016));
#7254=CARTESIAN_POINT('',(0.031242,-0.00508,-0.01016));
#7255=CARTESIAN_POINT('',(0.031242,-0.00508,-0.01016));
#7256=CARTESIAN_POINT('',(0.02413,-0.00508,-0.01016));
#7257=CARTESIAN_POINT('',(0.017018,-0.00508,-0.01016));
#7258=CARTESIAN_POINT('',(0.017018,-0.00508,-0.01016));
#7259=CARTESIAN_POINT('',(0.031242,-0.00508,-0.007112));
#7260=CARTESIAN_POINT('',(0.03429,-0.00508,-0.007112));
#7261=CARTESIAN_POINT('',(0.03429,-0.00508,-0.007112));
#7262=CARTESIAN_POINT('',(0.031242,-0.00508,-0.007112));
#7263=CARTESIAN_POINT('',(0.03429,-0.00508,-2.60208521396521E-18));
#7264=CARTESIAN_POINT('',(0.03429,-0.00508,0.007112));
#7265=CARTESIAN_POINT('',(0.03429,-0.00508,0.007112));
#7266=CARTESIAN_POINT('',(0.03429,-0.00508,-2.60208521396521E-18));
#7267=CARTESIAN_POINT('',(0.031242,-0.00508,0.007112));
#7268=CARTESIAN_POINT('',(0.031242,-0.00508,0.01016));
#7269=CARTESIAN_POINT('',(0.031242,-0.00508,0.01016));
#7270=CARTESIAN_POINT('',(0.031242,-0.00508,0.007112));
#7271=CARTESIAN_POINT('',(0.02413,-0.00508,0.01016));
#7272=CARTESIAN_POINT('',(0.017018,-0.00508,0.01016));
#7273=CARTESIAN_POINT('',(0.017018,-0.00508,0.01016));
#7274=CARTESIAN_POINT('',(0.02413,-0.00508,0.01016));
#7275=CARTESIAN_POINT('',(0.017018,-0.00508,0.007112));
#7276=CARTESIAN_POINT('',(0.01397,-0.00508,0.007112));
#7277=CARTESIAN_POINT('',(0.01397,-0.00508,0.007112));
#7278=CARTESIAN_POINT('',(0.017018,-0.00508,0.007112));
#7279=CARTESIAN_POINT('',(0.01397,-0.00508,-3.03576608295941E-18));
#7280=CARTESIAN_POINT('',(0.01397,-0.00508,-0.007112));
#7281=CARTESIAN_POINT('',(0.01397,-0.00508,-0.007112));
#7282=CARTESIAN_POINT('',(0.01397,-0.00508,-3.03576608295941E-18));
#7283=CARTESIAN_POINT('',(0.017018,-0.00508,-0.007112));
#7284=CARTESIAN_POINT('',(0.017018,-0.00508,-0.007112));
#7285=CARTESIAN_POINT('',(0.,-0.00508,0.));
#7286=CARTESIAN_POINT('',(0.02413,-0.00508,0.03429));
#7287=CARTESIAN_POINT('',(0.017018,-0.00508,0.03429));
#7288=CARTESIAN_POINT('',(0.017018,-0.00508,0.03429));
#7289=CARTESIAN_POINT('',(0.02413,-0.00508,0.03429));
#7290=CARTESIAN_POINT('',(0.031242,-0.00508,0.03429));
#7291=CARTESIAN_POINT('',(0.031242,-0.00508,0.03429));
#7292=CARTESIAN_POINT('',(0.017018,-0.00508,0.031242));
#7293=CARTESIAN_POINT('',(0.01397,-0.00508,0.031242));
#7294=CARTESIAN_POINT('',(0.01397,-0.00508,0.031242));
#7295=CARTESIAN_POINT('',(0.017018,-0.00508,0.031242));
#7296=CARTESIAN_POINT('',(0.01397,-0.00508,0.02413));
#7297=CARTESIAN_POINT('',(0.01397,-0.00508,0.017018));
#7298=CARTESIAN_POINT('',(0.01397,-0.00508,0.017018));
#7299=CARTESIAN_POINT('',(0.01397,-0.00508,0.02413));
#7300=CARTESIAN_POINT('',(0.017018,-0.00508,0.017018));
#7301=CARTESIAN_POINT('',(0.017018,-0.00508,0.01397));
#7302=CARTESIAN_POINT('',(0.017018,-0.00508,0.01397));
#7303=CARTESIAN_POINT('',(0.017018,-0.00508,0.017018));
#7304=CARTESIAN_POINT('',(0.02413,-0.00508,0.01397));
#7305=CARTESIAN_POINT('',(0.031242,-0.00508,0.01397));
#7306=CARTESIAN_POINT('',(0.031242,-0.00508,0.01397));
#7307=CARTESIAN_POINT('',(0.02413,-0.00508,0.01397));
#7308=CARTESIAN_POINT('',(0.031242,-0.00508,0.017018));
#7309=CARTESIAN_POINT('',(0.03429,-0.00508,0.017018));
#7310=CARTESIAN_POINT('',(0.03429,-0.00508,0.017018));
#7311=CARTESIAN_POINT('',(0.031242,-0.00508,0.017018));
#7312=CARTESIAN_POINT('',(0.03429,-0.00508,0.02413));
#7313=CARTESIAN_POINT('',(0.03429,-0.00508,0.031242));
#7314=CARTESIAN_POINT('',(0.03429,-0.00508,0.031242));
#7315=CARTESIAN_POINT('',(0.03429,-0.00508,0.02413));
#7316=CARTESIAN_POINT('',(0.031242,-0.00508,0.031242));
#7317=CARTESIAN_POINT('',(0.031242,-0.00508,0.031242));
#7318=CARTESIAN_POINT('',(0.,-0.00508,0.));
#7319=CARTESIAN_POINT('',(0.01016,-0.00508,0.02413));
#7320=CARTESIAN_POINT('',(0.01016,-0.00508,0.031242));
#7321=CARTESIAN_POINT('',(0.01016,-0.00508,0.031242));
#7322=CARTESIAN_POINT('',(0.01016,-0.00508,0.02413));
#7323=CARTESIAN_POINT('',(0.01016,-0.00508,0.017018));
#7324=CARTESIAN_POINT('',(0.01016,-0.00508,0.017018));
#7325=CARTESIAN_POINT('',(0.007112,-0.00508,0.031242));
#7326=CARTESIAN_POINT('',(0.007112,-0.00508,0.03429));
#7327=CARTESIAN_POINT('',(0.007112,-0.00508,0.03429));
#7328=CARTESIAN_POINT('',(0.007112,-0.00508,0.031242));
#7329=CARTESIAN_POINT('',(-4.33680868994202E-18,-0.00508,0.03429));
#7330=CARTESIAN_POINT('',(-0.007112,-0.00508,0.03429));
#7331=CARTESIAN_POINT('',(-0.007112,-0.00508,0.03429));
#7332=CARTESIAN_POINT('',(-4.33680868994202E-18,-0.00508,0.03429));
#7333=CARTESIAN_POINT('',(-0.007112,-0.00508,0.031242));
#7334=CARTESIAN_POINT('',(-0.01016,-0.00508,0.031242));
#7335=CARTESIAN_POINT('',(-0.01016,-0.00508,0.031242));
#7336=CARTESIAN_POINT('',(-0.007112,-0.00508,0.031242));
#7337=CARTESIAN_POINT('',(-0.01016,-0.00508,0.02413));
#7338=CARTESIAN_POINT('',(-0.01016,-0.00508,0.017018));
#7339=CARTESIAN_POINT('',(-0.01016,-0.00508,0.017018));
#7340=CARTESIAN_POINT('',(-0.01016,-0.00508,0.02413));
#7341=CARTESIAN_POINT('',(-0.007112,-0.00508,0.017018));
#7342=CARTESIAN_POINT('',(-0.007112,-0.00508,0.01397));
#7343=CARTESIAN_POINT('',(-0.007112,-0.00508,0.01397));
#7344=CARTESIAN_POINT('',(-0.007112,-0.00508,0.017018));
#7345=CARTESIAN_POINT('',(-3.90312782094781E-18,-0.00508,0.01397));
#7346=CARTESIAN_POINT('',(0.007112,-0.00508,0.01397));
#7347=CARTESIAN_POINT('',(0.007112,-0.00508,0.01397));
#7348=CARTESIAN_POINT('',(-3.90312782094781E-18,-0.00508,0.01397));
#7349=CARTESIAN_POINT('',(0.007112,-0.00508,0.017018));
#7350=CARTESIAN_POINT('',(0.007112,-0.00508,0.017018));
#7351=CARTESIAN_POINT('',(0.,-0.00508,0.));
#7352=CARTESIAN_POINT('',(0.0313377738489447,-0.00170647417585329,-0.038862));
#7353=CARTESIAN_POINT('',(0.0313377738489447,-0.00170647417585329,-0.0381));
#7354=CARTESIAN_POINT('',(0.0302033199919376,-0.00170647417585329,-0.038862));
#7355=CARTESIAN_POINT('',(0.0302033199919376,-0.00170647417585329,-0.0381));
#7356=CARTESIAN_POINT('',(0.0293164812116675,-0.00202003022411267,-0.038862));
#7357=CARTESIAN_POINT('',(0.0293164812116675,-0.00202003022411267,-0.0381));
#7358=CARTESIAN_POINT('',(0.0286772575081344,-0.00264714232063143,-0.038862));
#7359=CARTESIAN_POINT('',(0.0286772575081344,-0.00264714232063143,-0.0381));
#7360=CARTESIAN_POINT('',(0.0313377738489447,-0.00170647417585329,-0.038862));
#7361=CARTESIAN_POINT('',(0.0313377738489447,-0.00170647417585329,-0.038862));
#7362=CARTESIAN_POINT('',(0.0313377738489447,-0.00170647417585329,-0.038862));
#7363=CARTESIAN_POINT('',(0.029636093063434,-0.00170647417585329,-0.038862));
#7364=CARTESIAN_POINT('',(0.0286772575081344,-0.00264714232063143,-0.038862));
#7365=CARTESIAN_POINT('',(0.0286772575081344,-0.00264714232063143,-0.038862));
#7366=CARTESIAN_POINT('',(0.0286772575081344,-0.00264714232063143,-0.038862));
#7367=CARTESIAN_POINT('',(0.0327386830602667,-0.00182960884716546,-0.038862));
#7368=CARTESIAN_POINT('',(0.0327386830602667,-0.00182960884716546,-0.0381));
#7369=CARTESIAN_POINT('',(0.0323564945722595,-0.00174751906629068,-0.038862));
#7370=CARTESIAN_POINT('',(0.0323564945722595,-0.00174751906629068,-0.0381));
#7371=CARTESIAN_POINT('',(0.0318895248351522,-0.00170647417585329,-0.038862));
#7372=CARTESIAN_POINT('',(0.0318895248351522,-0.00170647417585329,-0.0381));
#7373=CARTESIAN_POINT('',(0.0313377738489447,-0.00170647417585329,-0.038862));
#7374=CARTESIAN_POINT('',(0.0313377738489447,-0.00170647417585329,-0.0381));
#7375=CARTESIAN_POINT('',(0.0327386830602667,-0.00182960884716546,-0.038862));
#7376=CARTESIAN_POINT('',(0.0327386830602667,-0.00182960884716546,-0.038862));
#7377=CARTESIAN_POINT('',(0.0327386830602667,-0.00182960884716546,-0.038862));
#7378=CARTESIAN_POINT('',(0.032165400328256,-0.00170647417585329,-0.038862));
#7379=CARTESIAN_POINT('',(0.0313377738489447,-0.00170647417585329,-0.038862));
#7380=CARTESIAN_POINT('',(0.0318034880062884,-0.00625536071947694,-0.0388620000000001));
#7381=CARTESIAN_POINT('',(0.0338166160845403,-0.00220482631324691,-0.038862));
#7382=CARTESIAN_POINT('',(0.0338166160845403,-0.00220482631324691,-0.038862));
#7383=CARTESIAN_POINT('',(0.0318034880062884,-0.00625536071947694,-0.038862));
#7384=CARTESIAN_POINT('',(0.0338166160845403,-0.0029499324959892,-0.038862));
#7385=CARTESIAN_POINT('',(0.0338166160845403,-0.00369577545522941,-0.038862));
#7386=CARTESIAN_POINT('',(0.0338166160845403,-0.00369479632736932,-0.038862));
#7387=CARTESIAN_POINT('',(0.0338166160845403,-0.0029499324959892,-0.038862));
#7388=CARTESIAN_POINT('',(0.0312085092932277,-0.00910557209753136,-0.0388620000000001));
#7389=CARTESIAN_POINT('',(0.0326316971983069,-0.00327189938245297,-0.038862));
#7390=CARTESIAN_POINT('',(0.0326318045857429,-0.00327145751120722,-0.038862));
#7391=CARTESIAN_POINT('',(0.0312085092932277,-0.00910557209753136,-0.038862));
#7392=CARTESIAN_POINT('',(0.0314596037212021,-0.00844026177252638,-0.0388620000000001));
#7393=CARTESIAN_POINT('',(0.031426592300383,-0.00313968100588007,-0.038862));
#7394=CARTESIAN_POINT('',(0.031426592300383,-0.00313968100588007,-0.038862));
#7395=CARTESIAN_POINT('',(0.0314596037212021,-0.00844026177252638,-0.038862));
#7396=CARTESIAN_POINT('',(0.0301528549627113,-0.00359992207242388,-0.038862));
#7397=CARTESIAN_POINT('',(0.0301528549627113,-0.00359992207242388,-0.0381));
#7398=CARTESIAN_POINT('',(0.0304556451380691,-0.00329309469472801,-0.038862));
#7399=CARTESIAN_POINT('',(0.0304556451380691,-0.00329309469472801,-0.0381));
#7400=CARTESIAN_POINT('',(0.0308802242506263,-0.00313968100588007,-0.038862));
#7401=CARTESIAN_POINT('',(0.0308802242506263,-0.00313968100588007,-0.0381));
#7402=CARTESIAN_POINT('',(0.031426592300383,-0.00313968100588007,-0.038862));
#7403=CARTESIAN_POINT('',(0.031426592300383,-0.00313968100588007,-0.0381));
#7404=CARTESIAN_POINT('',(0.0301528549627113,-0.00359992207242388,-0.038862));
#7405=CARTESIAN_POINT('',(0.0301528549627113,-0.00359992207242388,-0.038862));
#7406=CARTESIAN_POINT('',(0.0301528549627113,-0.00359992207242388,-0.038862));
#7407=CARTESIAN_POINT('',(0.030607040225748,-0.00313968100588007,-0.038862));
#7408=CARTESIAN_POINT('',(0.031426592300383,-0.00313968100588007,-0.038862));
#7409=CARTESIAN_POINT('',(0.0296663720809698,-0.00487971521360272,-0.038862));
#7410=CARTESIAN_POINT('',(0.0296663720809698,-0.00487971521360272,-0.0381));
#7411=CARTESIAN_POINT('',(0.029687903826773,-0.00433334716384603,-0.038862));
#7412=CARTESIAN_POINT('',(0.029687903826773,-0.00433334716384603,-0.0381));
#7413=CARTESIAN_POINT('',(0.0298500647873535,-0.00390674945011975,-0.038862));
#7414=CARTESIAN_POINT('',(0.0298500647873535,-0.00390674945011975,-0.0381));
#7415=CARTESIAN_POINT('',(0.0301528549627113,-0.00359992207242388,-0.038862));
#7416=CARTESIAN_POINT('',(0.0301528549627113,-0.00359992207242388,-0.0381));
#7417=CARTESIAN_POINT('',(0.0296663720809698,-0.00487971521360272,-0.038862));
#7418=CARTESIAN_POINT('',(0.0296663720809698,-0.00487971521360272,-0.038862));
#7419=CARTESIAN_POINT('',(0.0296663720809698,-0.00487971521360272,-0.038862));
#7420=CARTESIAN_POINT('',(0.0296986696996747,-0.00406016313896769,-0.038862));
#7421=CARTESIAN_POINT('',(0.0301528549627113,-0.00359992207242388,-0.038862));
#7422=CARTESIAN_POINT('',(0.0319403262979066,-0.00487971521360272,-0.038862));
#7423=CARTESIAN_POINT('',(0.0342142805148435,-0.00487971521360273,-0.038862));
#7424=CARTESIAN_POINT('',(0.0342142805148435,-0.00487971521360273,-0.038862));
#7425=CARTESIAN_POINT('',(0.0319403262979066,-0.00487971521360272,-0.038862));
#7426=CARTESIAN_POINT('',(0.0342142805148435,-0.00534702138423822,-0.038862));
#7427=CARTESIAN_POINT('',(0.0342142805148435,-0.00581432755487371,-0.038862));
#7428=CARTESIAN_POINT('',(0.0342142805148435,-0.00581432755487371,-0.038862));
#7429=CARTESIAN_POINT('',(0.0342142805148435,-0.00534702138423822,-0.038862));
#7430=CARTESIAN_POINT('',(0.0333816075326097,-0.00816700721740359,-0.038862));
#7431=CARTESIAN_POINT('',(0.0333816075326097,-0.00816700721740359,-0.0381));
#7432=CARTESIAN_POINT('',(0.0339367228540989,-0.00759978028890003,-0.038862));
#7433=CARTESIAN_POINT('',(0.0339367228540989,-0.00759978028890003,-0.0381));
#7434=CARTESIAN_POINT('',(0.0342142805148435,-0.0068155537347234,-0.038862));
#7435=CARTESIAN_POINT('',(0.0342142805148435,-0.0068155537347234,-0.0381));
#7436=CARTESIAN_POINT('',(0.0342142805148435,-0.00581432755487371,-0.038862));
#7437=CARTESIAN_POINT('',(0.0342142805148435,-0.00581432755487371,-0.0381));
#7438=CARTESIAN_POINT('',(0.0333816075326097,-0.00816700721740359,-0.038862));
#7439=CARTESIAN_POINT('',(0.0333816075326097,-0.00816700721740359,-0.038862));
#7440=CARTESIAN_POINT('',(0.0333816075326097,-0.00816700721740359,-0.038862));
#7441=CARTESIAN_POINT('',(0.0342142805148435,-0.00731616682464825,-0.038862));
#7442=CARTESIAN_POINT('',(0.0342142805148435,-0.00581432755487371,-0.038862));
#7443=CARTESIAN_POINT('',(0.0310551696852774,-0.00901784761015892,-0.038862));
#7444=CARTESIAN_POINT('',(0.0310551696852774,-0.00901784761015892,-0.0381));
#7445=CARTESIAN_POINT('',(0.0320510129286763,-0.00901784761015892,-0.038862));
#7446=CARTESIAN_POINT('',(0.0320510129286763,-0.00901784761015892,-0.0381));
#7447=CARTESIAN_POINT('',(0.0328264922111204,-0.00873423414590714,-0.038862));
#7448=CARTESIAN_POINT('',(0.0328264922111204,-0.00873423414590714,-0.0381));
#7449=CARTESIAN_POINT('',(0.0333816075326097,-0.00816700721740359,-0.038862));
#7450=CARTESIAN_POINT('',(0.0333816075326097,-0.00816700721740359,-0.0381));
#7451=CARTESIAN_POINT('',(0.0310551696852774,-0.00901784761015892,-0.038862));
#7452=CARTESIAN_POINT('',(0.0310551696852774,-0.00901784761015892,-0.038862));
#7453=CARTESIAN_POINT('',(0.0310551696852774,-0.00901784761015892,-0.038862));
#7454=CARTESIAN_POINT('',(0.0325489345503758,-0.00901784761015892,-0.038862));
#7455=CARTESIAN_POINT('',(0.0333816075326097,-0.00816700721740359,-0.038862));
#7456=CARTESIAN_POINT('',(0.0286045878660485,-0.00804992834959857,-0.038862));
#7457=CARTESIAN_POINT('',(0.0286045878660485,-0.00804992834959857,-0.0381));
#7458=CARTESIAN_POINT('',(0.0291953651415244,-0.0086952078566388,-0.038862));
#7459=CARTESIAN_POINT('',(0.0291953651415244,-0.0086952078566388,-0.0381));
#7460=CARTESIAN_POINT('',(0.030012225747934,-0.00901784761015892,-0.038862));
#7461=CARTESIAN_POINT('',(0.030012225747934,-0.00901784761015892,-0.0381));
#7462=CARTESIAN_POINT('',(0.0310551696852774,-0.00901784761015892,-0.038862));
#7463=CARTESIAN_POINT('',(0.0310551696852774,-0.00901784761015892,-0.0381));
#7464=CARTESIAN_POINT('',(0.0286045878660485,-0.00804992834959857,-0.038862));
#7465=CARTESIAN_POINT('',(0.0286045878660485,-0.00804992834959857,-0.038862));
#7466=CARTESIAN_POINT('',(0.0286045878660485,-0.00804992834959857,-0.038862));
#7467=CARTESIAN_POINT('',(0.0294907537792623,-0.00901784761015892,-0.038862));
#7468=CARTESIAN_POINT('',(0.0310551696852774,-0.00901784761015892,-0.038862));
#7469=CARTESIAN_POINT('',(0.0277184219528348,-0.00530967726261075,-0.038862));
#7470=CARTESIAN_POINT('',(0.0277184219528348,-0.00530967726261075,-0.0381));
#7471=CARTESIAN_POINT('',(0.0277184219528348,-0.0064912318135624,-0.038862));
#7472=CARTESIAN_POINT('',(0.0277184219528348,-0.0064912318135624,-0.0381));
#7473=CARTESIAN_POINT('',(0.0280138105905727,-0.00740464884255834,-0.038862));
#7474=CARTESIAN_POINT('',(0.0280138105905727,-0.00740464884255834,-0.0381));
#7475=CARTESIAN_POINT('',(0.0286045878660485,-0.00804992834959857,-0.038862));
#7476=CARTESIAN_POINT('',(0.0286045878660485,-0.00804992834959857,-0.0381));
#7477=CARTESIAN_POINT('',(0.0277184219528348,-0.00530967726261075,-0.038862));
#7478=CARTESIAN_POINT('',(0.0277184219528348,-0.00530967726261075,-0.038862));
#7479=CARTESIAN_POINT('',(0.0277184219528348,-0.00530967726261075,-0.038862));
#7480=CARTESIAN_POINT('',(0.0277184219528348,-0.00708200908903823,-0.038862));
#7481=CARTESIAN_POINT('',(0.0286045878660485,-0.00804992834959857,-0.038862));
#7482=CARTESIAN_POINT('',(0.0310672812922918,-0.0076492360175418,-0.038862));
#7483=CARTESIAN_POINT('',(0.0310672812922918,-0.0076492360175418,-0.0381));
#7484=CARTESIAN_POINT('',(0.0306595238561433,-0.00764923601754179,-0.038862));
#7485=CARTESIAN_POINT('',(0.0306595238561433,-0.00764923601754179,-0.0381));
#7486=CARTESIAN_POINT('',(0.0303399120043768,-0.00752004554272248,-0.038862));
#7487=CARTESIAN_POINT('',(0.0303399120043768,-0.00752004554272248,-0.0381));
#7488=CARTESIAN_POINT('',(0.0301084457369921,-0.00726166459308385,-0.038862));
#7489=CARTESIAN_POINT('',(0.0301084457369921,-0.00726166459308385,-0.0381));
#7490=CARTESIAN_POINT('',(0.0310672812922918,-0.0076492360175418,-0.0381));
#7491=CARTESIAN_POINT('',(0.0304556451380691,-0.00764923601754179,-0.0381));
#7492=CARTESIAN_POINT('',(0.0301084457369921,-0.00726166459308385,-0.0381));
#7493=CARTESIAN_POINT('',(0.0310672812922918,-0.0076492360175418,-0.0381));
#7494=CARTESIAN_POINT('',(0.0301084457369921,-0.00726166459308385,-0.0381));
#7495=CARTESIAN_POINT('',(0.0310672812922918,-0.0076492360175418,-0.038862));
#7496=CARTESIAN_POINT('',(0.0310672812922918,-0.0076492360175418,-0.038862));
#7497=CARTESIAN_POINT('',(0.0310672812922918,-0.0076492360175418,-0.038862));
#7498=CARTESIAN_POINT('',(0.0304556451380691,-0.00764923601754179,-0.038862));
#7499=CARTESIAN_POINT('',(0.0301084457369921,-0.00726166459308385,-0.038862));
#7500=CARTESIAN_POINT('',(0.0301084457369921,-0.00726166459308385,-0.038862));
#7501=CARTESIAN_POINT('',(0.0301084457369921,-0.00726166459308385,-0.038862));
#7502=CARTESIAN_POINT('',(0.0320382284546057,-0.00726166459308385,-0.038862));
#7503=CARTESIAN_POINT('',(0.0320382284546057,-0.00726166459308385,-0.0381));
#7504=CARTESIAN_POINT('',(0.0317986877825448,-0.00752004554272248,-0.038862));
#7505=CARTESIAN_POINT('',(0.0317986877825448,-0.00752004554272248,-0.0381));
#7506=CARTESIAN_POINT('',(0.0314750387284402,-0.0076492360175418,-0.038862));
#7507=CARTESIAN_POINT('',(0.0314750387284402,-0.0076492360175418,-0.0381));
#7508=CARTESIAN_POINT('',(0.0310672812922918,-0.0076492360175418,-0.038862));
#7509=CARTESIAN_POINT('',(0.0310672812922918,-0.0076492360175418,-0.0381));
#7510=CARTESIAN_POINT('',(0.0320382284546057,-0.00726166459308385,-0.0381));
#7511=CARTESIAN_POINT('',(0.0316789174465145,-0.0076492360175418,-0.0381));
#7512=CARTESIAN_POINT('',(0.0310672812922918,-0.0076492360175418,-0.0381));
#7513=CARTESIAN_POINT('',(0.0320382284546057,-0.00726166459308385,-0.0381));
#7514=CARTESIAN_POINT('',(0.0320382284546057,-0.00726166459308385,-0.038862));
#7515=CARTESIAN_POINT('',(0.0320382284546057,-0.00726166459308385,-0.038862));
#7516=CARTESIAN_POINT('',(0.0320382284546057,-0.00726166459308385,-0.038862));
#7517=CARTESIAN_POINT('',(0.0316789174465145,-0.0076492360175418,-0.038862));
#7518=CARTESIAN_POINT('',(0.0310672812922918,-0.0076492360175418,-0.038862));
#7519=CARTESIAN_POINT('',(0.0324116696708803,-0.00616152695595062,-0.038862));
#7520=CARTESIAN_POINT('',(0.0324116696708803,-0.00616152695595062,-0.0381));
#7521=CARTESIAN_POINT('',(0.0324022495320914,-0.00663657109773414,-0.038862));
#7522=CARTESIAN_POINT('',(0.0324022495320914,-0.00663657109773414,-0.0381));
#7523=CARTESIAN_POINT('',(0.0322777691266665,-0.00700328364344522,-0.038862));
#7524=CARTESIAN_POINT('',(0.0322777691266665,-0.00700328364344522,-0.0381));
#7525=CARTESIAN_POINT('',(0.0320382284546057,-0.00726166459308385,-0.038862));
#7526=CARTESIAN_POINT('',(0.0320382284546057,-0.00726166459308385,-0.0381));
#7527=CARTESIAN_POINT('',(0.0324116696708803,-0.00616152695595062,-0.0381));
#7528=CARTESIAN_POINT('',(0.0323975394626969,-0.0068740931686259,-0.0381));
#7529=CARTESIAN_POINT('',(0.0320382284546057,-0.00726166459308385,-0.0381));
#7530=CARTESIAN_POINT('',(0.0324116696708803,-0.00616152695595062,-0.0381));
#7531=CARTESIAN_POINT('',(0.0324116696708803,-0.00616152695595062,-0.038862));
#7532=CARTESIAN_POINT('',(0.0324116696708803,-0.00616152695595062,-0.038862));
#7533=CARTESIAN_POINT('',(0.0324116696708803,-0.00616152695595062,-0.038862));
#7534=CARTESIAN_POINT('',(0.0323975394626969,-0.0068740931686259,-0.038862));
#7535=CARTESIAN_POINT('',(0.0320382284546057,-0.00726166459308385,-0.038862));
#7536=CARTESIAN_POINT('',(0.0310612254887846,-0.00616152695595062,-0.038862));
#7537=CARTESIAN_POINT('',(0.0310612254887846,-0.00616152695595062,-0.0381));
#7538=CARTESIAN_POINT('',(0.029710781306689,-0.00616152695595062,-0.0381));
#7539=CARTESIAN_POINT('',(0.029710781306689,-0.00616152695595062,-0.038862));
#7540=CARTESIAN_POINT('',(0.029710781306689,-0.00616152695595062,-0.038862));
#7541=CARTESIAN_POINT('',(0.0310612254887846,-0.00616152695595062,-0.038862));
#7542=CARTESIAN_POINT('',(0.0301084457369921,-0.00726166459308385,-0.038862));
#7543=CARTESIAN_POINT('',(0.0301084457369921,-0.00726166459308385,-0.0381));
#7544=CARTESIAN_POINT('',(0.0298769794696075,-0.00700328364344522,-0.038862));
#7545=CARTESIAN_POINT('',(0.0298769794696075,-0.00700328364344522,-0.0381));
#7546=CARTESIAN_POINT('',(0.0297444246595065,-0.00663657109773414,-0.038862));
#7547=CARTESIAN_POINT('',(0.0297444246595065,-0.00663657109773414,-0.0381));
#7548=CARTESIAN_POINT('',(0.029710781306689,-0.00616152695595062,-0.038862));
#7549=CARTESIAN_POINT('',(0.029710781306689,-0.00616152695595062,-0.0381));
#7550=CARTESIAN_POINT('',(0.0301084457369921,-0.00726166459308385,-0.0381));
#7551=CARTESIAN_POINT('',(0.0297612463359152,-0.0068740931686259,-0.0381));
#7552=CARTESIAN_POINT('',(0.029710781306689,-0.00616152695595062,-0.0381));
#7553=CARTESIAN_POINT('',(0.0301084457369921,-0.00726166459308385,-0.038862));
#7554=CARTESIAN_POINT('',(0.0297612463359152,-0.0068740931686259,-0.038862));
#7555=CARTESIAN_POINT('',(0.029710781306689,-0.00616152695595062,-0.038862));
#7556=CARTESIAN_POINT('',(0.0286772575081344,-0.00264714232063143,-0.038862));
#7557=CARTESIAN_POINT('',(0.0286772575081344,-0.00264714232063143,-0.0381));
#7558=CARTESIAN_POINT('',(0.0280380338046013,-0.00327425441715019,-0.038862));
#7559=CARTESIAN_POINT('',(0.0280380338046013,-0.00327425441715019,-0.0381));
#7560=CARTESIAN_POINT('',(0.0277184219528348,-0.00416176606447663,-0.038862));
#7561=CARTESIAN_POINT('',(0.0277184219528348,-0.00416176606447663,-0.0381));
#7562=CARTESIAN_POINT('',(0.0277184219528348,-0.00530967726261075,-0.038862));
#7563=CARTESIAN_POINT('',(0.0277184219528348,-0.00530967726261075,-0.0381));
#7564=CARTESIAN_POINT('',(0.0286772575081344,-0.00264714232063143,-0.038862));
#7565=CARTESIAN_POINT('',(0.0277184219528348,-0.00358781046540957,-0.038862));
#7566=CARTESIAN_POINT('',(0.0277184219528348,-0.00530967726261075,-0.038862));
#7567=CARTESIAN_POINT('',(-6.93889390390723E-18,-0.00635,-0.038862));
#7568=CARTESIAN_POINT('',(-6.93889390390723E-18,-0.0127,-0.0381));
#7569=CARTESIAN_POINT('',(0.026555707679461,-0.00537225389885136,-0.038862));
#7570=CARTESIAN_POINT('',(0.026555707679461,-0.00537225389885136,-0.0381));
#7571=CARTESIAN_POINT('',(0.026555707679461,-0.00422434270071723,-0.038862));
#7572=CARTESIAN_POINT('',(0.026555707679461,-0.00422434270071723,-0.0381));
#7573=CARTESIAN_POINT('',(0.0262529175041032,-0.00332640161401736,-0.038862));
#7574=CARTESIAN_POINT('',(0.0262529175041032,-0.00332640161401736,-0.0381));
#7575=CARTESIAN_POINT('',(0.0256473371533876,-0.00267843063875173,-0.038862));
#7576=CARTESIAN_POINT('',(0.0256473371533876,-0.00267843063875173,-0.0381));
#7577=CARTESIAN_POINT('',(0.026555707679461,-0.00537225389885136,-0.038862));
#7578=CARTESIAN_POINT('',(0.026555707679461,-0.00537225389885136,-0.038862));
#7579=CARTESIAN_POINT('',(0.026555707679461,-0.00537225389885136,-0.038862));
#7580=CARTESIAN_POINT('',(0.026555707679461,-0.00365038710165017,-0.038862));
#7581=CARTESIAN_POINT('',(0.0256473371533876,-0.00267843063875173,-0.038862));
#7582=CARTESIAN_POINT('',(0.0256473371533876,-0.00267843063875173,-0.038862));
#7583=CARTESIAN_POINT('',(0.0256473371533876,-0.00267843063875173,-0.038862));
#7584=CARTESIAN_POINT('',(0.0261398758386363,-0.00730910172055656,-0.038862));
#7585=CARTESIAN_POINT('',(0.0261398758386363,-0.00730910172055656,-0.0381));
#7586=CARTESIAN_POINT('',(0.0264170970658527,-0.00675802360140542,-0.038862));
#7587=CARTESIAN_POINT('',(0.0264170970658527,-0.00675802360140542,-0.0381));
#7588=CARTESIAN_POINT('',(0.026555707679461,-0.00611240766083702,-0.038862));
#7589=CARTESIAN_POINT('',(0.026555707679461,-0.00611240766083702,-0.0381));
#7590=CARTESIAN_POINT('',(0.026555707679461,-0.00537225389885136,-0.038862));
#7591=CARTESIAN_POINT('',(0.026555707679461,-0.00537225389885136,-0.0381));
#7592=CARTESIAN_POINT('',(0.0261398758386363,-0.00730910172055656,-0.038862));
#7593=CARTESIAN_POINT('',(0.0261398758386363,-0.00730910172055656,-0.038862));
#7594=CARTESIAN_POINT('',(0.0261398758386363,-0.00730910172055656,-0.038862));
#7595=CARTESIAN_POINT('',(0.026555707679461,-0.00648248454182985,-0.038862));
#7596=CARTESIAN_POINT('',(0.026555707679461,-0.00537225389885136,-0.038862));
#7597=CARTESIAN_POINT('',(0.0249478918483112,-0.00857678325472109,-0.038862));
#7598=CARTESIAN_POINT('',(0.0249478918483112,-0.00857678325472109,-0.0381));
#7599=CARTESIAN_POINT('',(0.0254653266146448,-0.00828274035109588,-0.038862));
#7600=CARTESIAN_POINT('',(0.0254653266146448,-0.00828274035109588,-0.0381));
#7601=CARTESIAN_POINT('',(0.0258626546114199,-0.0078601798397077,-0.038862));
#7602=CARTESIAN_POINT('',(0.0258626546114199,-0.0078601798397077,-0.0381));
#7603=CARTESIAN_POINT('',(0.0261398758386363,-0.00730910172055656,-0.038862));
#7604=CARTESIAN_POINT('',(0.0261398758386363,-0.00730910172055656,-0.0381));
#7605=CARTESIAN_POINT('',(0.0249478918483112,-0.00857678325472109,-0.038862));
#7606=CARTESIAN_POINT('',(0.0249478918483112,-0.00857678325472109,-0.038862));
#7607=CARTESIAN_POINT('',(0.0249478918483112,-0.00857678325472109,-0.038862));
#7608=CARTESIAN_POINT('',(0.0257240439978117,-0.00813571889928327,-0.038862));
#7609=CARTESIAN_POINT('',(0.0261398758386363,-0.00730910172055656,-0.038862));
#7610=CARTESIAN_POINT('',(0.0231563833107777,-0.00901784761015891,-0.038862));
#7611=CARTESIAN_POINT('',(0.0231563833107777,-0.00901784761015891,-0.0381));
#7612=CARTESIAN_POINT('',(0.0238332875694664,-0.00901784761015891,-0.038862));
#7613=CARTESIAN_POINT('',(0.0238332875694664,-0.00901784761015891,-0.0381));
#7614=CARTESIAN_POINT('',(0.0244304570819776,-0.0088708261583463,-0.038862));
#7615=CARTESIAN_POINT('',(0.0244304570819776,-0.0088708261583463,-0.0381));
#7616=CARTESIAN_POINT('',(0.0249478918483112,-0.00857678325472109,-0.038862));
#7617=CARTESIAN_POINT('',(0.0249478918483112,-0.00857678325472109,-0.0381));
#7618=CARTESIAN_POINT('',(0.0231563833107777,-0.00901784761015891,-0.038862));
#7619=CARTESIAN_POINT('',(0.0231563833107777,-0.00901784761015891,-0.038862));
#7620=CARTESIAN_POINT('',(0.0231563833107777,-0.00901784761015891,-0.038862));
#7621=CARTESIAN_POINT('',(0.0241717396988108,-0.00901784761015891,-0.038862));
#7622=CARTESIAN_POINT('',(0.0249478918483112,-0.00857678325472109,-0.038862));
#7623=CARTESIAN_POINT('',(0.0206200109418642,-0.0080590120548593,-0.038862));
#7624=CARTESIAN_POINT('',(0.0206200109418642,-0.0080590120548593,-0.0381));
#7625=CARTESIAN_POINT('',(0.0212208812231852,-0.00869823575839237,-0.038862));
#7626=CARTESIAN_POINT('',(0.0212208812231852,-0.00869823575839237,-0.0381));
#7627=CARTESIAN_POINT('',(0.0220663386794898,-0.00901784761015891,-0.038862));
#7628=CARTESIAN_POINT('',(0.0220663386794898,-0.00901784761015891,-0.0381));
#7629=CARTESIAN_POINT('',(0.0231563833107777,-0.00901784761015891,-0.038862));
#7630=CARTESIAN_POINT('',(0.0231563833107777,-0.00901784761015891,-0.0381));
#7631=CARTESIAN_POINT('',(0.0206200109418642,-0.0080590120548593,-0.038862));
#7632=CARTESIAN_POINT('',(0.0206200109418642,-0.0080590120548593,-0.038862));
#7633=CARTESIAN_POINT('',(0.0206200109418642,-0.0080590120548593,-0.038862));
#7634=CARTESIAN_POINT('',(0.0215213163638458,-0.00901784761015891,-0.038862));
#7635=CARTESIAN_POINT('',(0.0231563833107777,-0.00901784761015891,-0.038862));
#7636=CARTESIAN_POINT('',(0.0197187055198825,-0.00537225389885135,-0.038862));
#7637=CARTESIAN_POINT('',(0.0197187055198825,-0.00537225389885135,-0.0381));
#7638=CARTESIAN_POINT('',(0.0197187055198825,-0.00652420229932358,-0.038862));
#7639=CARTESIAN_POINT('',(0.0197187055198825,-0.00652420229932358,-0.0381));
#7640=CARTESIAN_POINT('',(0.0200191406605431,-0.00741978835132623,-0.038862));
#7641=CARTESIAN_POINT('',(0.0200191406605431,-0.00741978835132623,-0.0381));
#7642=CARTESIAN_POINT('',(0.0206200109418642,-0.0080590120548593,-0.038862));
#7643=CARTESIAN_POINT('',(0.0206200109418642,-0.0080590120548593,-0.0381));
#7644=CARTESIAN_POINT('',(0.0197187055198825,-0.00537225389885135,-0.038862));
#7645=CARTESIAN_POINT('',(0.0197187055198825,-0.00537225389885135,-0.038862));
#7646=CARTESIAN_POINT('',(0.0197187055198825,-0.00537225389885135,-0.038862));
#7647=CARTESIAN_POINT('',(0.0197187055198825,-0.00710017649955969,-0.038862));
#7648=CARTESIAN_POINT('',(0.0206200109418642,-0.0080590120548593,-0.038862));
#7649=CARTESIAN_POINT('',(0.0201345373607072,-0.00342935027363899,-0.038862));
#7650=CARTESIAN_POINT('',(0.0201345373607072,-0.00342935027363899,-0.0381));
#7651=CARTESIAN_POINT('',(0.0198573161334907,-0.00398446559512824,-0.038862));
#7652=CARTESIAN_POINT('',(0.0198573161334907,-0.00398446559512824,-0.0381));
#7653=CARTESIAN_POINT('',(0.0197187055198825,-0.00463210013686569,-0.038862));
#7654=CARTESIAN_POINT('',(0.0197187055198825,-0.00463210013686569,-0.0381));
#7655=CARTESIAN_POINT('',(0.0197187055198825,-0.00537225389885135,-0.038862));
#7656=CARTESIAN_POINT('',(0.0197187055198825,-0.00537225389885135,-0.0381));
#7657=CARTESIAN_POINT('',(0.0201345373607072,-0.00342935027363899,-0.038862));
#7658=CARTESIAN_POINT('',(0.0201345373607072,-0.00342935027363899,-0.038862));
#7659=CARTESIAN_POINT('',(0.0201345373607072,-0.00342935027363899,-0.038862));
#7660=CARTESIAN_POINT('',(0.0197187055198825,-0.00426202325587286,-0.038862));
#7661=CARTESIAN_POINT('',(0.0197187055198825,-0.00537225389885135,-0.038862));
#7662=CARTESIAN_POINT('',(0.0213265213510323,-0.0021515757336292,-0.038862));
#7663=CARTESIAN_POINT('',(0.0213265213510323,-0.0021515757336292,-0.0381));
#7664=CARTESIAN_POINT('',(0.0208090865846987,-0.00244831010547982,-0.038862));
#7665=CARTESIAN_POINT('',(0.0208090865846987,-0.00244831010547982,-0.0381));
#7666=CARTESIAN_POINT('',(0.0204117585879236,-0.00287423495214975,-0.038862));
#7667=CARTESIAN_POINT('',(0.0204117585879236,-0.00287423495214975,-0.0381));
#7668=CARTESIAN_POINT('',(0.0201345373607072,-0.00342935027363899,-0.038862));
#7669=CARTESIAN_POINT('',(0.0201345373607072,-0.00342935027363899,-0.0381));
#7670=CARTESIAN_POINT('',(0.0213265213510323,-0.0021515757336292,-0.038862));
#7671=CARTESIAN_POINT('',(0.0213265213510323,-0.0021515757336292,-0.038862));
#7672=CARTESIAN_POINT('',(0.0213265213510323,-0.0021515757336292,-0.038862));
#7673=CARTESIAN_POINT('',(0.0205503692015319,-0.00259667729140513,-0.038862));
#7674=CARTESIAN_POINT('',(0.0201345373607072,-0.00342935027363899,-0.038862));
#7675=CARTESIAN_POINT('',(0.0231180298885657,-0.00170647417585329,-0.038862));
#7676=CARTESIAN_POINT('',(0.0231180298885657,-0.00170647417585329,-0.0381));
#7677=CARTESIAN_POINT('',(0.022441125629877,-0.00170647417585328,-0.038862));
#7678=CARTESIAN_POINT('',(0.022441125629877,-0.00170647417585328,-0.0381));
#7679=CARTESIAN_POINT('',(0.0218439561173659,-0.00185484136177859,-0.038862));
#7680=CARTESIAN_POINT('',(0.0218439561173659,-0.00185484136177859,-0.0381));
#7681=CARTESIAN_POINT('',(0.0213265213510323,-0.0021515757336292,-0.038862));
#7682=CARTESIAN_POINT('',(0.0213265213510323,-0.0021515757336292,-0.0381));
#7683=CARTESIAN_POINT('',(0.0231180298885657,-0.00170647417585329,-0.038862));
#7684=CARTESIAN_POINT('',(0.0231180298885657,-0.00170647417585329,-0.038862));
#7685=CARTESIAN_POINT('',(0.0231180298885657,-0.00170647417585329,-0.038862));
#7686=CARTESIAN_POINT('',(0.0221026735005327,-0.00170647417585328,-0.038862));
#7687=CARTESIAN_POINT('',(0.0213265213510323,-0.0021515757336292,-0.038862));
#7688=CARTESIAN_POINT('',(0.0216787672550318,-0.00537225389885135,-0.038862));
#7689=CARTESIAN_POINT('',(0.0216787672550318,-0.00537225389885135,-0.0381));
#7690=CARTESIAN_POINT('',(0.0216787672550318,-0.00467381789435943,-0.038862));
#7691=CARTESIAN_POINT('',(0.0216787672550318,-0.00467381789435943,-0.0381));
#7692=CARTESIAN_POINT('',(0.0217934910881396,-0.00414595368865239,-0.038862));
#7693=CARTESIAN_POINT('',(0.0217934910881396,-0.00414595368865239,-0.0381));
#7694=CARTESIAN_POINT('',(0.0220229387543552,-0.00378866128173022,-0.038862));
#7695=CARTESIAN_POINT('',(0.0220229387543552,-0.00378866128173022,-0.0381));
#7696=CARTESIAN_POINT('',(0.0216787672550318,-0.00537225389885135,-0.0381));
#7697=CARTESIAN_POINT('',(0.0216787672550318,-0.00432459989211347,-0.0381));
#7698=CARTESIAN_POINT('',(0.0220229387543552,-0.00378866128173022,-0.0381));
#7699=CARTESIAN_POINT('',(0.0216787672550318,-0.00537225389885135,-0.0381));
#7700=CARTESIAN_POINT('',(0.0220229387543552,-0.00378866128173022,-0.0381));
#7701=CARTESIAN_POINT('',(0.0216787672550318,-0.00537225389885135,-0.038862));
#7702=CARTESIAN_POINT('',(0.0216787672550318,-0.00537225389885135,-0.038862));
#7703=CARTESIAN_POINT('',(0.0216787672550318,-0.00537225389885135,-0.038862));
#7704=CARTESIAN_POINT('',(0.0216787672550318,-0.00432459989211347,-0.038862));
#7705=CARTESIAN_POINT('',(0.0220229387543552,-0.00378866128173022,-0.038862));
#7706=CARTESIAN_POINT('',(0.0220229387543552,-0.00378866128173022,-0.038862));
#7707=CARTESIAN_POINT('',(0.0220229387543552,-0.00378866128173022,-0.038862));
#7708=CARTESIAN_POINT('',(0.0220199108526016,-0.00694676281071176,-0.038862));
#7709=CARTESIAN_POINT('',(0.0220199108526016,-0.00694676281071176,-0.0381));
#7710=CARTESIAN_POINT('',(0.0217924817875551,-0.00659956340963485,-0.038862));
#7711=CARTESIAN_POINT('',(0.0217924817875551,-0.00659956340963485,-0.0381));
#7712=CARTESIAN_POINT('',(0.0216787672550318,-0.00607472710568138,-0.038862));
#7713=CARTESIAN_POINT('',(0.0216787672550318,-0.00607472710568138,-0.0381));
#7714=CARTESIAN_POINT('',(0.0216787672550318,-0.00537225389885135,-0.038862));
#7715=CARTESIAN_POINT('',(0.0216787672550318,-0.00537225389885135,-0.0381));
#7716=CARTESIAN_POINT('',(0.0220199108526016,-0.00694676281071176,-0.0381));
#7717=CARTESIAN_POINT('',(0.0216787672550318,-0.00642596370909639,-0.0381));
#7718=CARTESIAN_POINT('',(0.0216787672550318,-0.00537225389885135,-0.0381));
#7719=CARTESIAN_POINT('',(0.0220199108526016,-0.00694676281071176,-0.0381));
#7720=CARTESIAN_POINT('',(0.0220199108526016,-0.00694676281071176,-0.038862));
#7721=CARTESIAN_POINT('',(0.0220199108526016,-0.00694676281071176,-0.038862));
#7722=CARTESIAN_POINT('',(0.0220199108526016,-0.00694676281071176,-0.038862));
#7723=CARTESIAN_POINT('',(0.0216787672550318,-0.00642596370909639,-0.038862));
#7724=CARTESIAN_POINT('',(0.0216787672550318,-0.00537225389885135,-0.038862));
#7725=CARTESIAN_POINT('',(0.02313014149558,-0.00746756191232712,-0.038862));
#7726=CARTESIAN_POINT('',(0.02313014149558,-0.00746756191232712,-0.0381));
#7727=CARTESIAN_POINT('',(0.0226174167986409,-0.00746756191232712,-0.038862));
#7728=CARTESIAN_POINT('',(0.0226174167986409,-0.00746756191232712,-0.0381));
#7729=CARTESIAN_POINT('',(0.0222473399176481,-0.00729396221178867,-0.038862));
#7730=CARTESIAN_POINT('',(0.0222473399176481,-0.00729396221178867,-0.0381));
#7731=CARTESIAN_POINT('',(0.0220199108526016,-0.00694676281071176,-0.038862));
#7732=CARTESIAN_POINT('',(0.0220199108526016,-0.00694676281071176,-0.0381));
#7733=CARTESIAN_POINT('',(0.02313014149558,-0.00746756191232712,-0.0381));
#7734=CARTESIAN_POINT('',(0.0223610544501713,-0.00746756191232712,-0.0381));
#7735=CARTESIAN_POINT('',(0.0220199108526016,-0.00694676281071176,-0.0381));
#7736=CARTESIAN_POINT('',(0.02313014149558,-0.00746756191232712,-0.0381));
#7737=CARTESIAN_POINT('',(0.02313014149558,-0.00746756191232712,-0.038862));
#7738=CARTESIAN_POINT('',(0.02313014149558,-0.00746756191232712,-0.038862));
#7739=CARTESIAN_POINT('',(0.02313014149558,-0.00746756191232712,-0.038862));
#7740=CARTESIAN_POINT('',(0.0223610544501713,-0.00746756191232712,-0.038862));
#7741=CARTESIAN_POINT('',(0.0220199108526016,-0.00694676281071176,-0.038862));
#7742=CARTESIAN_POINT('',(0.0242474372426503,-0.00694373490895818,-0.038862));
#7743=CARTESIAN_POINT('',(0.0242474372426503,-0.00694373490895818,-0.0381));
#7744=CARTESIAN_POINT('',(0.0240206810446601,-0.00729295291120415,-0.038862));
#7745=CARTESIAN_POINT('',(0.0240206810446601,-0.00729295291120415,-0.0381));
#7746=CARTESIAN_POINT('',(0.02364824912897,-0.00746756191232713,-0.038862));
#7747=CARTESIAN_POINT('',(0.02364824912897,-0.00746756191232713,-0.0381));
#7748=CARTESIAN_POINT('',(0.02313014149558,-0.00746756191232712,-0.038862));
#7749=CARTESIAN_POINT('',(0.02313014149558,-0.00746756191232712,-0.0381));
#7750=CARTESIAN_POINT('',(0.0242474372426503,-0.00694373490895818,-0.0381));
#7751=CARTESIAN_POINT('',(0.023907302945665,-0.00746756191232713,-0.0381));
#7752=CARTESIAN_POINT('',(0.02313014149558,-0.00746756191232712,-0.0381));
#7753=CARTESIAN_POINT('',(0.0242474372426503,-0.00694373490895818,-0.0381));
#7754=CARTESIAN_POINT('',(0.0242474372426503,-0.00694373490895818,-0.038862));
#7755=CARTESIAN_POINT('',(0.0242474372426503,-0.00694373490895818,-0.038862));
#7756=CARTESIAN_POINT('',(0.0242474372426503,-0.00694373490895818,-0.038862));
#7757=CARTESIAN_POINT('',(0.023907302945665,-0.00746756191232713,-0.038862));
#7758=CARTESIAN_POINT('',(0.02313014149558,-0.00746756191232712,-0.038862));
#7759=CARTESIAN_POINT('',(0.0245875715396354,-0.00537225389885136,-0.038862));
#7760=CARTESIAN_POINT('',(0.0245875715396354,-0.00537225389885136,-0.0381));
#7761=CARTESIAN_POINT('',(0.0245875715396354,-0.00607068990334328,-0.038862));
#7762=CARTESIAN_POINT('',(0.0245875715396354,-0.00607068990334328,-0.0381));
#7763=CARTESIAN_POINT('',(0.0244741934406404,-0.00659451690671222,-0.038862));
#7764=CARTESIAN_POINT('',(0.0244741934406404,-0.00659451690671222,-0.0381));
#7765=CARTESIAN_POINT('',(0.0242474372426503,-0.00694373490895818,-0.038862));
#7766=CARTESIAN_POINT('',(0.0242474372426503,-0.00694373490895818,-0.0381));
#7767=CARTESIAN_POINT('',(0.0245875715396354,-0.00537225389885136,-0.0381));
#7768=CARTESIAN_POINT('',(0.0245875715396354,-0.00641990790558924,-0.0381));
#7769=CARTESIAN_POINT('',(0.0242474372426503,-0.00694373490895818,-0.0381));
#7770=CARTESIAN_POINT('',(0.0245875715396354,-0.00537225389885136,-0.0381));
#7771=CARTESIAN_POINT('',(0.0245875715396354,-0.00537225389885136,-0.038862));
#7772=CARTESIAN_POINT('',(0.0245875715396354,-0.00537225389885136,-0.038862));
#7773=CARTESIAN_POINT('',(0.0245875715396354,-0.00537225389885136,-0.038862));
#7774=CARTESIAN_POINT('',(0.0245875715396354,-0.00641990790558924,-0.038862));
#7775=CARTESIAN_POINT('',(0.0242474372426503,-0.00694373490895818,-0.038862));
#7776=CARTESIAN_POINT('',(0.0242504651444038,-0.00378563337997664,-0.038862));
#7777=CARTESIAN_POINT('',(0.0242504651444038,-0.00378563337997664,-0.0381));
#7778=CARTESIAN_POINT('',(0.0244752027412249,-0.00414090718572976,-0.038862));
#7779=CARTESIAN_POINT('',(0.0244752027412249,-0.00414090718572976,-0.0381));
#7780=CARTESIAN_POINT('',(0.0245875715396354,-0.00466978069202133,-0.038862));
#7781=CARTESIAN_POINT('',(0.0245875715396354,-0.00466978069202133,-0.0381));
#7782=CARTESIAN_POINT('',(0.0245875715396354,-0.00537225389885136,-0.038862));
#7783=CARTESIAN_POINT('',(0.0245875715396354,-0.00537225389885136,-0.0381));
#7784=CARTESIAN_POINT('',(0.0242504651444038,-0.00378563337997664,-0.0381));
#7785=CARTESIAN_POINT('',(0.0245875715396354,-0.00431854408860632,-0.0381));
#7786=CARTESIAN_POINT('',(0.0245875715396354,-0.00537225389885136,-0.0381));
#7787=CARTESIAN_POINT('',(0.0242504651444038,-0.00378563337997664,-0.0381));
#7788=CARTESIAN_POINT('',(0.0242504651444038,-0.00378563337997664,-0.038862));
#7789=CARTESIAN_POINT('',(0.0242504651444038,-0.00378563337997664,-0.038862));
#7790=CARTESIAN_POINT('',(0.0242504651444038,-0.00378563337997664,-0.038862));
#7791=CARTESIAN_POINT('',(0.0245875715396354,-0.00431854408860632,-0.038862));
#7792=CARTESIAN_POINT('',(0.0245875715396354,-0.00537225389885136,-0.038862));
#7793=CARTESIAN_POINT('',(0.0231422531025944,-0.00325272267134696,-0.038862));
#7794=CARTESIAN_POINT('',(0.0231422531025944,-0.00325272267134696,-0.0381));
#7795=CARTESIAN_POINT('',(0.0236563235336462,-0.00325272267134696,-0.038862));
#7796=CARTESIAN_POINT('',(0.0236563235336462,-0.00325272267134696,-0.0381));
#7797=CARTESIAN_POINT('',(0.0240257275475827,-0.00343035957422352,-0.038862));
#7798=CARTESIAN_POINT('',(0.0240257275475827,-0.00343035957422352,-0.0381));
#7799=CARTESIAN_POINT('',(0.0242504651444038,-0.00378563337997664,-0.038862));
#7800=CARTESIAN_POINT('',(0.0242504651444038,-0.00378563337997664,-0.0381));
#7801=CARTESIAN_POINT('',(0.0231422531025944,-0.00325272267134696,-0.0381));
#7802=CARTESIAN_POINT('',(0.0239133587491722,-0.00325272267134696,-0.0381));
#7803=CARTESIAN_POINT('',(0.0242504651444038,-0.00378563337997664,-0.0381));
#7804=CARTESIAN_POINT('',(0.0231422531025944,-0.00325272267134696,-0.0381));
#7805=CARTESIAN_POINT('',(0.0231422531025944,-0.00325272267134696,-0.038862));
#7806=CARTESIAN_POINT('',(0.0231422531025944,-0.00325272267134696,-0.038862));
#7807=CARTESIAN_POINT('',(0.0231422531025944,-0.00325272267134696,-0.038862));
#7808=CARTESIAN_POINT('',(0.0239133587491722,-0.00325272267134696,-0.038862));
#7809=CARTESIAN_POINT('',(0.0242504651444038,-0.00378563337997664,-0.038862));
#7810=CARTESIAN_POINT('',(0.0220229387543552,-0.00378866128173022,-0.038862));
#7811=CARTESIAN_POINT('',(0.0220229387543552,-0.00378866128173022,-0.0381));
#7812=CARTESIAN_POINT('',(0.0222523864205707,-0.00343136887480804,-0.038862));
#7813=CARTESIAN_POINT('',(0.0222523864205707,-0.00343136887480804,-0.0381));
#7814=CARTESIAN_POINT('',(0.0226254912033171,-0.00325272267134696,-0.038862));
#7815=CARTESIAN_POINT('',(0.0226254912033171,-0.00325272267134696,-0.0381));
#7816=CARTESIAN_POINT('',(0.0231422531025944,-0.00325272267134696,-0.038862));
#7817=CARTESIAN_POINT('',(0.0231422531025944,-0.00325272267134696,-0.0381));
#7818=CARTESIAN_POINT('',(0.0220229387543552,-0.00378866128173022,-0.0381));
#7819=CARTESIAN_POINT('',(0.0223671102536785,-0.00325272267134696,-0.0381));
#7820=CARTESIAN_POINT('',(0.0231422531025944,-0.00325272267134696,-0.0381));
#7821=CARTESIAN_POINT('',(0.0220229387543552,-0.00378866128173022,-0.038862));
#7822=CARTESIAN_POINT('',(0.0223671102536785,-0.00325272267134696,-0.038862));
#7823=CARTESIAN_POINT('',(0.0231422531025944,-0.00325272267134696,-0.038862));
#7824=CARTESIAN_POINT('',(0.0256473371533876,-0.00267843063875173,-0.038862));
#7825=CARTESIAN_POINT('',(0.0256473371533876,-0.00267843063875173,-0.0381));
#7826=CARTESIAN_POINT('',(0.0250417568026721,-0.0020304596634861,-0.038862));
#7827=CARTESIAN_POINT('',(0.0250417568026721,-0.0020304596634861,-0.0381));
#7828=CARTESIAN_POINT('',(0.0241986543810648,-0.00170647417585329,-0.038862));
#7829=CARTESIAN_POINT('',(0.0241986543810648,-0.00170647417585329,-0.0381));
#7830=CARTESIAN_POINT('',(0.0231180298885657,-0.00170647417585329,-0.038862));
#7831=CARTESIAN_POINT('',(0.0231180298885657,-0.00170647417585329,-0.0381));
#7832=CARTESIAN_POINT('',(0.0256473371533876,-0.00267843063875173,-0.038862));
#7833=CARTESIAN_POINT('',(0.0247389666273143,-0.00170647417585329,-0.038862));
#7834=CARTESIAN_POINT('',(0.0231180298885657,-0.00170647417585329,-0.038862));
#7835=CARTESIAN_POINT('',(-6.93889390390723E-18,-0.00635,-0.038862));
#7836=CARTESIAN_POINT('',(-6.93889390390723E-18,-0.0127,-0.0381));
#7837=CARTESIAN_POINT('',(0.0153978897175272,-0.00183364604950354,-0.038862));
#7838=CARTESIAN_POINT('',(0.0163759019839327,-0.00183364604950354,-0.038862));
#7839=CARTESIAN_POINT('',(0.0163759019839327,-0.00183364604950354,-0.038862));
#7840=CARTESIAN_POINT('',(0.0153978897175272,-0.00183364604950354,-0.038862));
#7841=CARTESIAN_POINT('',(0.0144198774511215,-0.00183364604950353,-0.038862));
#7842=CARTESIAN_POINT('',(0.0144198774511215,-0.00183364604950353,-0.038862));
#7843=CARTESIAN_POINT('',(0.0163759019839327,-0.0056316441490745,-0.038862));
#7844=CARTESIAN_POINT('',(0.0163759019839327,-0.00942964224864547,-0.038862));
#7845=CARTESIAN_POINT('',(0.0163759019839327,-0.00942964224864547,-0.038862));
#7846=CARTESIAN_POINT('',(0.0163759019839327,-0.0056316441490745,-0.038862));
#7847=CARTESIAN_POINT('',(0.0176274347087448,-0.00942964224864547,-0.038862));
#7848=CARTESIAN_POINT('',(0.018878967433557,-0.00942964224864547,-0.038862));
#7849=CARTESIAN_POINT('',(0.018878967433557,-0.00942964224864547,-0.038862));
#7850=CARTESIAN_POINT('',(0.0176274347087448,-0.00942964224864547,-0.038862));
#7851=CARTESIAN_POINT('',(0.018878967433557,-0.0102431385197733,-0.038862));
#7852=CARTESIAN_POINT('',(0.018878967433557,-0.0110566347909012,-0.038862));
#7853=CARTESIAN_POINT('',(0.018878967433557,-0.0110566347909012,-0.038862));
#7854=CARTESIAN_POINT('',(0.018878967433557,-0.0102431385197733,-0.038862));
#7855=CARTESIAN_POINT('',(0.0153968804169426,-0.0110566347909012,-0.038862));
#7856=CARTESIAN_POINT('',(0.0119147934003282,-0.0110566347909012,-0.038862));
#7857=CARTESIAN_POINT('',(0.0119147934003282,-0.0110566347909012,-0.038862));
#7858=CARTESIAN_POINT('',(0.0153968804169426,-0.0110566347909012,-0.038862));
#7859=CARTESIAN_POINT('',(0.0119147934003282,-0.0102431385197733,-0.038862));
#7860=CARTESIAN_POINT('',(0.0119147934003282,-0.00942964224864546,-0.038862));
#7861=CARTESIAN_POINT('',(0.0119147934003282,-0.00942964224864546,-0.038862));
#7862=CARTESIAN_POINT('',(0.0119147934003282,-0.0102431385197733,-0.038862));
#7863=CARTESIAN_POINT('',(0.0131673354257249,-0.00942964224864546,-0.038862));
#7864=CARTESIAN_POINT('',(0.0144198774511215,-0.00942964224864547,-0.038862));
#7865=CARTESIAN_POINT('',(0.0144198774511215,-0.00942964224864547,-0.038862));
#7866=CARTESIAN_POINT('',(0.0131673354257249,-0.00942964224864546,-0.038862));
#7867=CARTESIAN_POINT('',(0.0144198774511215,-0.0056316441490745,-0.038862));
#7868=CARTESIAN_POINT('',(0.0144198774511215,-0.0056316441490745,-0.038862));
#7869=CARTESIAN_POINT('',(-6.93889390390723E-18,-0.00635,-0.038862));
#7870=CARTESIAN_POINT('',(0.00552995790261741,-0.00170647417585327,-0.038862));
#7871=CARTESIAN_POINT('',(0.00552995790261741,-0.00170647417585327,-0.0381));
#7872=CARTESIAN_POINT('',(0.00333506556480175,-0.00170647417585326,-0.038862));
#7873=CARTESIAN_POINT('',(0.00333506556480175,-0.00170647417585326,-0.0381));
#7874=CARTESIAN_POINT('',(0.00223761939589392,-0.00291157907377719,-0.038862));
#7875=CARTESIAN_POINT('',(0.00223761939589392,-0.00291157907377719,-0.0381));
#7876=CARTESIAN_POINT('',(0.00223761939589392,-0.00532178886962504,-0.038862));
#7877=CARTESIAN_POINT('',(0.00223761939589392,-0.00532178886962504,-0.0381));
#7878=CARTESIAN_POINT('',(0.00552995790261741,-0.00170647417585327,-0.038862));
#7879=CARTESIAN_POINT('',(0.00552995790261741,-0.00170647417585327,-0.038862));
#7880=CARTESIAN_POINT('',(0.00552995790261741,-0.00170647417585327,-0.038862));
#7881=CARTESIAN_POINT('',(0.00223761939589393,-0.00170647417585326,-0.038862));
#7882=CARTESIAN_POINT('',(0.00223761939589392,-0.00532178886962504,-0.038862));
#7883=CARTESIAN_POINT('',(0.00223761939589392,-0.00532178886962504,-0.038862));
#7884=CARTESIAN_POINT('',(0.00223761939589392,-0.00532178886962504,-0.038862));
#7885=CARTESIAN_POINT('',(0.00673102559820323,-0.00182052514190469,-0.038862));
#7886=CARTESIAN_POINT('',(0.00673102559820323,-0.00182052514190469,-0.0381));
#7887=CARTESIAN_POINT('',(0.00641343234760575,-0.00174449116453707,-0.038862));
#7888=CARTESIAN_POINT('',(0.00641343234760575,-0.00174449116453707,-0.0381));
#7889=CARTESIAN_POINT('',(0.00601307644907714,-0.00170647417585326,-0.038862));
#7890=CARTESIAN_POINT('',(0.00601307644907714,-0.00170647417585326,-0.0381));
#7891=CARTESIAN_POINT('',(0.00552995790261741,-0.00170647417585327,-0.038862));
#7892=CARTESIAN_POINT('',(0.00552995790261741,-0.00170647417585327,-0.0381));
#7893=CARTESIAN_POINT('',(0.00673102559820323,-0.00182052514190469,-0.038862));
#7894=CARTESIAN_POINT('',(0.00673102559820323,-0.00182052514190469,-0.038862));
#7895=CARTESIAN_POINT('',(0.00673102559820323,-0.00182052514190469,-0.038862));
#7896=CARTESIAN_POINT('',(0.00625463572230701,-0.00170647417585327,-0.038862));
#7897=CARTESIAN_POINT('',(0.00552995790261741,-0.00170647417585327,-0.038862));
#7898=CARTESIAN_POINT('',(0.00597416654569367,-0.00483091813917918,-0.038862));
#7899=CARTESIAN_POINT('',(0.00767371234415042,-0.00223131047980673,-0.038862));
#7900=CARTESIAN_POINT('',(0.0076734602752176,-0.00223169604183692,-0.03886199975));
#7901=CARTESIAN_POINT('',(0.00597416654569367,-0.00483091813917918,-0.038862));
#7902=CARTESIAN_POINT('',(0.00767371234415042,-0.00305489975677987,-0.038862));
#7903=CARTESIAN_POINT('',(0.00767371234415042,-0.003878489033753,-0.038862));
#7904=CARTESIAN_POINT('',(0.0076734575148125,-0.00387885953566604,-0.038862));
#7905=CARTESIAN_POINT('',(0.00767371234415042,-0.00305489975677987,-0.038862));
#7906=CARTESIAN_POINT('',(0.00558620451286531,-0.00691356204092088,-0.0388620000000001));
#7907=CARTESIAN_POINT('',(0.00672799769644965,-0.00341320146428657,-0.038862));
#7908=CARTESIAN_POINT('',(0.00672813462250707,-0.0034127807543945,-0.038862));
#7909=CARTESIAN_POINT('',(0.00558620451286531,-0.00691356204092088,-0.038862));
#7910=CARTESIAN_POINT('',(0.00573519718123023,-0.0066918707260642,-0.038862));
#7911=CARTESIAN_POINT('',(0.00569952040081776,-0.00326483427836125,-0.038862));
#7912=CARTESIAN_POINT('',(0.00569952040081776,-0.00326483427836125,-0.038862));
#7913=CARTESIAN_POINT('',(0.00573519718123023,-0.0066918707260642,-0.038862));
#7914=CARTESIAN_POINT('',(0.00419768113104322,-0.00533390047663935,-0.038862));
#7915=CARTESIAN_POINT('',(0.00419768113104322,-0.00533390047663935,-0.0381));
#7916=CARTESIAN_POINT('',(0.00419768113104322,-0.00395452301112062,-0.038862));
#7917=CARTESIAN_POINT('',(0.00419768113104322,-0.00395452301112062,-0.0381));
#7918=CARTESIAN_POINT('',(0.00469829422096807,-0.00326483427836125,-0.038862));
#7919=CARTESIAN_POINT('',(0.00469829422096807,-0.00326483427836125,-0.0381));
#7920=CARTESIAN_POINT('',(0.00569952040081776,-0.00326483427836125,-0.038862));
#7921=CARTESIAN_POINT('',(0.00569952040081776,-0.00326483427836125,-0.0381));
#7922=CARTESIAN_POINT('',(0.00419768113104322,-0.00533390047663935,-0.038862));
#7923=CARTESIAN_POINT('',(0.00419768113104322,-0.00533390047663935,-0.038862));
#7924=CARTESIAN_POINT('',(0.00419768113104322,-0.00533390047663935,-0.038862));
#7925=CARTESIAN_POINT('',(0.00419768113104322,-0.00326483427836125,-0.038862));
#7926=CARTESIAN_POINT('',(0.00569952040081776,-0.00326483427836125,-0.038862));
#7927=CARTESIAN_POINT('',(0.00569952040081775,-0.00746756191232711,-0.038862));
#7928=CARTESIAN_POINT('',(0.00569952040081775,-0.00746756191232711,-0.0381));
#7929=CARTESIAN_POINT('',(0.00469829422096806,-0.0074675619123271,-0.038862));
#7930=CARTESIAN_POINT('',(0.00469829422096806,-0.0074675619123271,-0.0381));
#7931=CARTESIAN_POINT('',(0.00419768113104322,-0.00675634143376452,-0.038862));
#7932=CARTESIAN_POINT('',(0.00419768113104322,-0.00675634143376452,-0.0381));
#7933=CARTESIAN_POINT('',(0.00419768113104322,-0.00533390047663935,-0.038862));
#7934=CARTESIAN_POINT('',(0.00419768113104322,-0.00533390047663935,-0.0381));
#7935=CARTESIAN_POINT('',(0.00569952040081775,-0.00746756191232711,-0.038862));
#7936=CARTESIAN_POINT('',(0.00569952040081775,-0.00746756191232711,-0.038862));
#7937=CARTESIAN_POINT('',(0.00569952040081775,-0.00746756191232711,-0.038862));
#7938=CARTESIAN_POINT('',(0.00419768113104322,-0.0074675619123271,-0.038862));
#7939=CARTESIAN_POINT('',(0.00419768113104322,-0.00533390047663935,-0.038862));
#7940=CARTESIAN_POINT('',(0.00569214806130704,-0.00475614160531204,-0.0388620000000001));
#7941=CARTESIAN_POINT('',(0.00648172835382533,-0.0073504830445221,-0.038862));
#7942=CARTESIAN_POINT('',(0.00648174419749838,-0.00735053418823778,-0.038862));
#7943=CARTESIAN_POINT('',(0.00569214806130704,-0.00475614160531204,-0.038862));
#7944=CARTESIAN_POINT('',(0.00363918069608464,0.00194941463695345,-0.0388620000000007));
#7945=CARTESIAN_POINT('',(0.00732640194021602,-0.00704942097349359,-0.038862));
#7946=CARTESIAN_POINT('',(0.00732640194021602,-0.00704942097349359,-0.038862));
#7947=CARTESIAN_POINT('',(0.00363918069608464,0.00194941463695345,-0.038862));
#7948=CARTESIAN_POINT('',(0.00761113570790981,-0.0077945753017135,-0.038862));
#7949=CARTESIAN_POINT('',(0.00789575847274611,-0.00853943913309361,-0.038862));
#7950=CARTESIAN_POINT('',(0.00789575847274611,-0.00853943913309361,-0.038862));
#7951=CARTESIAN_POINT('',(0.00761113570790981,-0.0077945753017135,-0.038862));
#7952=CARTESIAN_POINT('',(0.00569952040081775,-0.00901784761015889,-0.038862));
#7953=CARTESIAN_POINT('',(0.00569952040081775,-0.00901784761015889,-0.0381));
#7954=CARTESIAN_POINT('',(0.00651503527311468,-0.00901784761015889,-0.038862));
#7955=CARTESIAN_POINT('',(0.00651503527311468,-0.00901784761015889,-0.0381));
#7956=CARTESIAN_POINT('',(0.00724711463042414,-0.0088583781178038,-0.038862));
#7957=CARTESIAN_POINT('',(0.00724711463042414,-0.0088583781178038,-0.0381));
#7958=CARTESIAN_POINT('',(0.00789575847274612,-0.00853943913309362,-0.038862));
#7959=CARTESIAN_POINT('',(0.00789575847274612,-0.00853943913309362,-0.0381));
#7960=CARTESIAN_POINT('',(0.00569952040081775,-0.00901784761015889,-0.038862));
#7961=CARTESIAN_POINT('',(0.00569952040081775,-0.00901784761015889,-0.038862));
#7962=CARTESIAN_POINT('',(0.00569952040081775,-0.00901784761015889,-0.038862));
#7963=CARTESIAN_POINT('',(0.00692279270926315,-0.00901784761015889,-0.038862));
#7964=CARTESIAN_POINT('',(0.00789575847274612,-0.00853943913309362,-0.038862));
#7965=CARTESIAN_POINT('',(0.00313286901436839,-0.00806910506070454,-0.038862));
#7966=CARTESIAN_POINT('',(0.00313286901436839,-0.00806910506070454,-0.0381));
#7967=CARTESIAN_POINT('',(0.00372970209335137,-0.00870160009367411,-0.038862));
#7968=CARTESIAN_POINT('',(0.00372970209335137,-0.00870160009367411,-0.0381));
#7969=CARTESIAN_POINT('',(0.00458525255550116,-0.00901784761015889,-0.038862));
#7970=CARTESIAN_POINT('',(0.00458525255550116,-0.00901784761015889,-0.0381));
#7971=CARTESIAN_POINT('',(0.00569952040081775,-0.00901784761015889,-0.038862));
#7972=CARTESIAN_POINT('',(0.00569952040081775,-0.00901784761015889,-0.0381));
#7973=CARTESIAN_POINT('',(0.00313286901436839,-0.00806910506070454,-0.038862));
#7974=CARTESIAN_POINT('',(0.00313286901436839,-0.00806910506070454,-0.038862));
#7975=CARTESIAN_POINT('',(0.00313286901436839,-0.00806910506070454,-0.038862));
#7976=CARTESIAN_POINT('',(0.00402811863284286,-0.00901784761015889,-0.038862));
#7977=CARTESIAN_POINT('',(0.00569952040081775,-0.00901784761015889,-0.038862));
#7978=CARTESIAN_POINT('',(0.00223761939589392,-0.00532178886962504,-0.038862));
#7979=CARTESIAN_POINT('',(0.00223761939589392,-0.00532178886962504,-0.0381));
#7980=CARTESIAN_POINT('',(0.00223761939589392,-0.00652083796404181,-0.038862));
#7981=CARTESIAN_POINT('',(0.00223761939589392,-0.00652083796404181,-0.0381));
#7982=CARTESIAN_POINT('',(0.00253603593538541,-0.00743661002773497,-0.038862));
#7983=CARTESIAN_POINT('',(0.00253603593538541,-0.00743661002773497,-0.0381));
#7984=CARTESIAN_POINT('',(0.00313286901436839,-0.00806910506070454,-0.038862));
#7985=CARTESIAN_POINT('',(0.00313286901436839,-0.00806910506070454,-0.0381));
#7986=CARTESIAN_POINT('',(0.00223761939589392,-0.00532178886962504,-0.038862));
#7987=CARTESIAN_POINT('',(0.00223761939589392,-0.00712036251125019,-0.038862));
#7988=CARTESIAN_POINT('',(0.00313286901436839,-0.00806910506070454,-0.038862));
#7989=CARTESIAN_POINT('',(-6.93889390390723E-18,-0.00635,-0.038862));
#7990=CARTESIAN_POINT('',(-0.00159873212588902,-0.00508864043459955,-0.038862));
#7991=CARTESIAN_POINT('',(-0.00159873212588902,-0.00508864043459955,-0.0381));
#7992=CARTESIAN_POINT('',(-0.00122630021019897,-0.00510176134219839,-0.0381));
#7993=CARTESIAN_POINT('',(-0.00197116404157908,-0.00507551952700071,-0.0381));
#7994=CARTESIAN_POINT('',(-0.00122630021019897,-0.00510176134219839,-0.038862));
#7995=CARTESIAN_POINT('',(-0.00122630021019897,-0.00510176134219839,-0.038862));
#7996=CARTESIAN_POINT('',(-0.00159873212588902,-0.00508864043459955,-0.038862));
#7997=CARTESIAN_POINT('',(-0.00197116404157908,-0.00507551952700071,-0.038862));
#7998=CARTESIAN_POINT('',(-0.00197116404157908,-0.00507551952700071,-0.038862));
#7999=CARTESIAN_POINT('',(-0.00122630021019897,-0.00481108277385493,-0.038862));
#8000=CARTESIAN_POINT('',(-0.00122630021019897,-0.00481108277385493,-0.0381));
#8001=CARTESIAN_POINT('',(-0.00122630021019897,-0.00452040420551147,-0.0381));
#8002=CARTESIAN_POINT('',(-0.00122630021019897,-0.00452040420551147,-0.038862));
#8003=CARTESIAN_POINT('',(-0.00122630021019897,-0.00452040420551147,-0.038862));
#8004=CARTESIAN_POINT('',(-0.00122630021019897,-0.00481108277385493,-0.038862));
#8005=CARTESIAN_POINT('',(-0.00162699254225576,-0.00349899201397126,-0.038862));
#8006=CARTESIAN_POINT('',(-0.00162699254225576,-0.00349899201397126,-0.0381));
#8007=CARTESIAN_POINT('',(-0.00135986432088457,-0.00375602722949719,-0.038862));
#8008=CARTESIAN_POINT('',(-0.00135986432088457,-0.00375602722949719,-0.0381));
#8009=CARTESIAN_POINT('',(-0.00122630021019897,-0.00409649796001059,-0.038862));
#8010=CARTESIAN_POINT('',(-0.00122630021019897,-0.00409649796001059,-0.0381));
#8011=CARTESIAN_POINT('',(-0.00122630021019897,-0.00452040420551147,-0.038862));
#8012=CARTESIAN_POINT('',(-0.00122630021019897,-0.00452040420551147,-0.0381));
#8013=CARTESIAN_POINT('',(-0.00162699254225576,-0.00349899201397126,-0.0381));
#8014=CARTESIAN_POINT('',(-0.00122630021019897,-0.00388454483726015,-0.0381));
#8015=CARTESIAN_POINT('',(-0.00122630021019897,-0.00452040420551147,-0.0381));
#8016=CARTESIAN_POINT('',(-0.00162699254225576,-0.00349899201397126,-0.0381));
#8017=CARTESIAN_POINT('',(-0.00162699254225576,-0.00349899201397126,-0.038862));
#8018=CARTESIAN_POINT('',(-0.00162699254225576,-0.00349899201397126,-0.038862));
#8019=CARTESIAN_POINT('',(-0.00162699254225576,-0.00349899201397126,-0.038862));
#8020=CARTESIAN_POINT('',(-0.00122630021019897,-0.00388454483726015,-0.038862));
#8021=CARTESIAN_POINT('',(-0.00122630021019897,-0.00452040420551147,-0.038862));
#8022=CARTESIAN_POINT('',(-0.00269786046243773,-0.00311343919068236,-0.038862));
#8023=CARTESIAN_POINT('',(-0.00269786046243773,-0.00311343919068236,-0.0381));
#8024=CARTESIAN_POINT('',(-0.00225107673702093,-0.00311343919068236,-0.038862));
#8025=CARTESIAN_POINT('',(-0.00225107673702093,-0.00311343919068236,-0.0381));
#8026=CARTESIAN_POINT('',(-0.00189412076362694,-0.00324195679844532,-0.038862));
#8027=CARTESIAN_POINT('',(-0.00189412076362694,-0.00324195679844532,-0.0381));
#8028=CARTESIAN_POINT('',(-0.00162699254225576,-0.00349899201397126,-0.038862));
#8029=CARTESIAN_POINT('',(-0.00162699254225576,-0.00349899201397126,-0.0381));
#8030=CARTESIAN_POINT('',(-0.00269786046243773,-0.00311343919068236,-0.0381));
#8031=CARTESIAN_POINT('',(-0.00202768487431254,-0.00311343919068236,-0.0381));
#8032=CARTESIAN_POINT('',(-0.00162699254225576,-0.00349899201397126,-0.0381));
#8033=CARTESIAN_POINT('',(-0.00269786046243773,-0.00311343919068236,-0.0381));
#8034=CARTESIAN_POINT('',(-0.00269786046243773,-0.00311343919068236,-0.038862));
#8035=CARTESIAN_POINT('',(-0.00269786046243773,-0.00311343919068236,-0.038862));
#8036=CARTESIAN_POINT('',(-0.00269786046243773,-0.00311343919068236,-0.038862));
#8037=CARTESIAN_POINT('',(-0.00202768487431254,-0.00311343919068236,-0.038862));
#8038=CARTESIAN_POINT('',(-0.00162699254225576,-0.00349899201397126,-0.038862));
#8039=CARTESIAN_POINT('',(-0.00363045420253967,-0.00392895406297929,-0.038862));
#8040=CARTESIAN_POINT('',(-0.00363045420253967,-0.00392895406297929,-0.0381));
#8041=CARTESIAN_POINT('',(-0.00363045420253967,-0.003385277481448,-0.038862));
#8042=CARTESIAN_POINT('',(-0.00363045420253967,-0.003385277481448,-0.0381));
#8043=CARTESIAN_POINT('',(-0.00331958962250569,-0.00311343919068236,-0.038862));
#8044=CARTESIAN_POINT('',(-0.00331958962250569,-0.00311343919068236,-0.0381));
#8045=CARTESIAN_POINT('',(-0.00269786046243773,-0.00311343919068236,-0.038862));
#8046=CARTESIAN_POINT('',(-0.00269786046243773,-0.00311343919068236,-0.0381));
#8047=CARTESIAN_POINT('',(-0.00363045420253967,-0.00392895406297929,-0.0381));
#8048=CARTESIAN_POINT('',(-0.00363045420253967,-0.00311343919068236,-0.0381));
#8049=CARTESIAN_POINT('',(-0.00269786046243773,-0.00311343919068236,-0.0381));
#8050=CARTESIAN_POINT('',(-0.00363045420253967,-0.00392895406297929,-0.0381));
#8051=CARTESIAN_POINT('',(-0.00363045420253967,-0.00392895406297929,-0.038862));
#8052=CARTESIAN_POINT('',(-0.00363045420253967,-0.00392895406297929,-0.038862));
#8053=CARTESIAN_POINT('',(-0.00363045420253967,-0.00392895406297929,-0.038862));
#8054=CARTESIAN_POINT('',(-0.00363045420253967,-0.00311343919068236,-0.038862));
#8055=CARTESIAN_POINT('',(-0.00269786046243773,-0.00311343919068236,-0.038862));
#8056=CARTESIAN_POINT('',(-0.00322067816522215,-0.00477373865222747,-0.038862));
#8057=CARTESIAN_POINT('',(-0.00322067816522215,-0.00477373865222747,-0.0381));
#8058=CARTESIAN_POINT('',(-0.00349386219010049,-0.00458870021173105,-0.038862));
#8059=CARTESIAN_POINT('',(-0.00349386219010049,-0.00458870021173105,-0.0381));
#8060=CARTESIAN_POINT('',(-0.00363045420253967,-0.00430710534864833,-0.038862));
#8061=CARTESIAN_POINT('',(-0.00363045420253967,-0.00430710534864833,-0.0381));
#8062=CARTESIAN_POINT('',(-0.00363045420253967,-0.00392895406297929,-0.038862));
#8063=CARTESIAN_POINT('',(-0.00363045420253967,-0.00392895406297929,-0.0381));
#8064=CARTESIAN_POINT('',(-0.00322067816522215,-0.00477373865222747,-0.0381));
#8065=CARTESIAN_POINT('',(-0.00363045420253967,-0.00449618099148285,-0.0381));
#8066=CARTESIAN_POINT('',(-0.00363045420253967,-0.00392895406297929,-0.0381));
#8067=CARTESIAN_POINT('',(-0.00322067816522215,-0.00477373865222747,-0.0381));
#8068=CARTESIAN_POINT('',(-0.00322067816522215,-0.00477373865222747,-0.038862));
#8069=CARTESIAN_POINT('',(-0.00322067816522215,-0.00477373865222747,-0.038862));
#8070=CARTESIAN_POINT('',(-0.00322067816522215,-0.00477373865222747,-0.038862));
#8071=CARTESIAN_POINT('',(-0.00363045420253967,-0.00449618099148285,-0.038862));
#8072=CARTESIAN_POINT('',(-0.00363045420253967,-0.00392895406297929,-0.038862));
#8073=CARTESIAN_POINT('',(-0.000845793889832705,-0.00231306382715332,-0.038862));
#8074=CARTESIAN_POINT('',(-0.000659073281695413,-0.00183364604950352,-0.038862));
#8075=CARTESIAN_POINT('',(-0.000659073281695413,-0.00183364604950352,-0.038862));
#8076=CARTESIAN_POINT('',(-0.000845793889832705,-0.00231306382715332,-0.038862));
#8077=CARTESIAN_POINT('',(-0.00103251449797,-0.00279248160480312,-0.038862));
#8078=CARTESIAN_POINT('',(-0.00103251449797,-0.00279248160480312,-0.038862));
#8079=CARTESIAN_POINT('',(1.21116070143125E-5,-0.00183364604950352,-0.038862));
#8080=CARTESIAN_POINT('',(0.000683296495724038,-0.00183364604950352,-0.038862));
#8081=CARTESIAN_POINT('',(0.000683296495724038,-0.00183364604950352,-0.038862));
#8082=CARTESIAN_POINT('',(1.21116070143125E-5,-0.00183364604950352,-0.038862));
#8083=CARTESIAN_POINT('',(0.000683296495724038,-0.00418329781027982,-0.038862));
#8084=CARTESIAN_POINT('',(0.000683296495724036,-0.00653294957105612,-0.038862));
#8085=CARTESIAN_POINT('',(0.000683296495724036,-0.00653294957105612,-0.038862));
#8086=CARTESIAN_POINT('',(0.000683296495724038,-0.00418329781027982,-0.038862));
#8087=CARTESIAN_POINT('',(-7.36789426703938E-5,-0.00841327656002787,-0.038862));
#8088=CARTESIAN_POINT('',(-7.36789426703938E-5,-0.00841327656002787,-0.0381));
#8089=CARTESIAN_POINT('',(0.000430971349592556,-0.00800080905448495,-0.038862));
#8090=CARTESIAN_POINT('',(0.000430971349592556,-0.00800080905448495,-0.0381));
#8091=CARTESIAN_POINT('',(0.000683296495724031,-0.00737403339149437,-0.038862));
#8092=CARTESIAN_POINT('',(0.000683296495724031,-0.00737403339149437,-0.0381));
#8093=CARTESIAN_POINT('',(0.000683296495724031,-0.00653294957105612,-0.038862));
#8094=CARTESIAN_POINT('',(0.000683296495724031,-0.00653294957105612,-0.0381));
#8095=CARTESIAN_POINT('',(-7.36789426703938E-5,-0.00841327656002787,-0.038862));
#8096=CARTESIAN_POINT('',(-7.36789426703938E-5,-0.00841327656002787,-0.038862));
#8097=CARTESIAN_POINT('',(-7.36789426703938E-5,-0.00841327656002787,-0.038862));
#8098=CARTESIAN_POINT('',(0.000683296495724031,-0.00779457530171349,-0.038862));
#8099=CARTESIAN_POINT('',(0.000683296495724031,-0.00653294957105612,-0.038862));
#8100=CARTESIAN_POINT('',(-0.00224973100290824,-0.00903197781834224,-0.038862));
#8101=CARTESIAN_POINT('',(-0.00224973100290824,-0.00903197781834224,-0.0381));
#8102=CARTESIAN_POINT('',(-0.0013036799216793,-0.00903197781834224,-0.038862));
#8103=CARTESIAN_POINT('',(-0.0013036799216793,-0.00903197781834224,-0.0381));
#8104=CARTESIAN_POINT('',(-0.000578329234933349,-0.00882574406557078,-0.038862));
#8105=CARTESIAN_POINT('',(-0.000578329234933349,-0.00882574406557078,-0.0381));
#8106=CARTESIAN_POINT('',(-7.36789426703938E-5,-0.00841327656002787,-0.038862));
#8107=CARTESIAN_POINT('',(-7.36789426703938E-5,-0.00841327656002787,-0.0381));
#8108=CARTESIAN_POINT('',(-0.00224973100290824,-0.00903197781834224,-0.038862));
#8109=CARTESIAN_POINT('',(-0.00224973100290824,-0.00903197781834224,-0.038862));
#8110=CARTESIAN_POINT('',(-0.00224973100290824,-0.00903197781834224,-0.038862));
#8111=CARTESIAN_POINT('',(-0.000830654381064826,-0.00903197781834224,-0.038862));
#8112=CARTESIAN_POINT('',(-7.36789426703938E-5,-0.00841327656002787,-0.038862));
#8113=CARTESIAN_POINT('',(-0.0049486007659305,-0.00839409984892187,-0.038862));
#8114=CARTESIAN_POINT('',(-0.0049486007659305,-0.00839409984892187,-0.0381));
#8115=CARTESIAN_POINT('',(-0.00413712309597167,-0.00881935182853545,-0.038862));
#8116=CARTESIAN_POINT('',(-0.00413712309597167,-0.00881935182853545,-0.0381));
#8117=CARTESIAN_POINT('',(-0.00323749984163092,-0.00903197781834224,-0.038862));
#8118=CARTESIAN_POINT('',(-0.00323749984163092,-0.00903197781834224,-0.0381));
#8119=CARTESIAN_POINT('',(-0.00224973100290824,-0.00903197781834224,-0.038862));
#8120=CARTESIAN_POINT('',(-0.00224973100290824,-0.00903197781834224,-0.0381));
#8121=CARTESIAN_POINT('',(-0.0049486007659305,-0.00839409984892187,-0.038862));
#8122=CARTESIAN_POINT('',(-0.0049486007659305,-0.00839409984892187,-0.038862));
#8123=CARTESIAN_POINT('',(-0.0049486007659305,-0.00839409984892187,-0.038862));
#8124=CARTESIAN_POINT('',(-0.00373138426099226,-0.00903197781834224,-0.038862));
#8125=CARTESIAN_POINT('',(-0.00224973100290824,-0.00903197781834224,-0.038862));
#8126=CARTESIAN_POINT('',(-0.00463067108180484,-0.00774411027248719,-0.038862));
#8127=CARTESIAN_POINT('',(-0.00431274139767918,-0.00709412069605251,-0.038862));
#8128=CARTESIAN_POINT('',(-0.00431274139767918,-0.00709412069605251,-0.038862));
#8129=CARTESIAN_POINT('',(-0.00463067108180484,-0.00774411027248719,-0.038862));
#8130=CARTESIAN_POINT('',(-0.00232441924616315,-0.00760482679182262,-0.038862));
#8131=CARTESIAN_POINT('',(-0.00232441924616315,-0.00760482679182262,-0.0381));
#8132=CARTESIAN_POINT('',(-0.00288828183938496,-0.00760482679182262,-0.038862));
#8133=CARTESIAN_POINT('',(-0.00288828183938496,-0.00760482679182262,-0.0381));
#8134=CARTESIAN_POINT('',(-0.0035510558898903,-0.00743459142656592,-0.038862));
#8135=CARTESIAN_POINT('',(-0.0035510558898903,-0.00743459142656592,-0.0381));
#8136=CARTESIAN_POINT('',(-0.00431274139767918,-0.00709412069605251,-0.038862));
#8137=CARTESIAN_POINT('',(-0.00431274139767918,-0.00709412069605251,-0.0381));
#8138=CARTESIAN_POINT('',(-0.00232441924616315,-0.00760482679182262,-0.038862));
#8139=CARTESIAN_POINT('',(-0.00232441924616315,-0.00760482679182262,-0.038862));
#8140=CARTESIAN_POINT('',(-0.00232441924616315,-0.00760482679182262,-0.038862));
#8141=CARTESIAN_POINT('',(-0.00317021313599586,-0.00760482679182262,-0.038862));
#8142=CARTESIAN_POINT('',(-0.00431274139767918,-0.00709412069605251,-0.038862));
#8143=CARTESIAN_POINT('',(-0.00122630021019898,-0.00653294957105611,-0.038862));
#8144=CARTESIAN_POINT('',(-0.00122630021019898,-0.00653294957105611,-0.0381));
#8145=CARTESIAN_POINT('',(-0.00122630021019898,-0.00724753438490045,-0.038862));
#8146=CARTESIAN_POINT('',(-0.00122630021019898,-0.00724753438490045,-0.0381));
#8147=CARTESIAN_POINT('',(-0.0015923398888537,-0.00760482679182262,-0.038862));
#8148=CARTESIAN_POINT('',(-0.0015923398888537,-0.00760482679182262,-0.0381));
#8149=CARTESIAN_POINT('',(-0.00232441924616315,-0.00760482679182262,-0.038862));
#8150=CARTESIAN_POINT('',(-0.00232441924616315,-0.00760482679182262,-0.0381));
#8151=CARTESIAN_POINT('',(-0.00122630021019898,-0.00653294957105611,-0.038862));
#8152=CARTESIAN_POINT('',(-0.00122630021019898,-0.00653294957105611,-0.038862));
#8153=CARTESIAN_POINT('',(-0.00122630021019898,-0.00653294957105611,-0.038862));
#8154=CARTESIAN_POINT('',(-0.00122630021019898,-0.00760482679182262,-0.038862));
#8155=CARTESIAN_POINT('',(-0.00232441924616315,-0.00760482679182262,-0.038862));
#8156=CARTESIAN_POINT('',(-0.00122630021019898,-0.00637852658162365,-0.038862));
#8157=CARTESIAN_POINT('',(-0.00122630021019898,-0.00622410359219119,-0.038862));
#8158=CARTESIAN_POINT('',(-0.00122630021019898,-0.00622410359219119,-0.038862));
#8159=CARTESIAN_POINT('',(-0.00122630021019898,-0.00637852658162365,-0.038862));
#8160=CARTESIAN_POINT('',(-0.0018389456650062,-0.0062049268810852,-0.038862));
#8161=CARTESIAN_POINT('',(-0.00245159111981342,-0.0061857501699792,-0.038862));
#8162=CARTESIAN_POINT('',(-0.00245159111981342,-0.0061857501699792,-0.038862));
#8163=CARTESIAN_POINT('',(-0.0018389456650062,-0.0062049268810852,-0.038862));
#8164=CARTESIAN_POINT('',(-0.00481941029111118,-0.00559631862861607,-0.038862));
#8165=CARTESIAN_POINT('',(-0.00481941029111118,-0.00559631862861607,-0.0381));
#8166=CARTESIAN_POINT('',(-0.00429591972127041,-0.00595159243436919,-0.038862));
#8167=CARTESIAN_POINT('',(-0.00429591972127041,-0.00595159243436919,-0.0381));
#8168=CARTESIAN_POINT('',(-0.00350664666417116,-0.00614806961482357,-0.038862));
#8169=CARTESIAN_POINT('',(-0.00350664666417116,-0.00614806961482357,-0.0381));
#8170=CARTESIAN_POINT('',(-0.00245159111981342,-0.0061857501699792,-0.038862));
#8171=CARTESIAN_POINT('',(-0.00245159111981342,-0.0061857501699792,-0.0381));
#8172=CARTESIAN_POINT('',(-0.00481941029111118,-0.00559631862861607,-0.038862));
#8173=CARTESIAN_POINT('',(-0.00481941029111118,-0.00559631862861607,-0.038862));
#8174=CARTESIAN_POINT('',(-0.00481941029111118,-0.00559631862861607,-0.038862));
#8175=CARTESIAN_POINT('',(-0.00403417443635002,-0.00612922933724575,-0.038862));
#8176=CARTESIAN_POINT('',(-0.00245159111981342,-0.0061857501699792,-0.038862));
#8177=CARTESIAN_POINT('',(-0.00560464614587233,-0.00394106566999359,-0.038862));
#8178=CARTESIAN_POINT('',(-0.00560464614587233,-0.00394106566999359,-0.0381));
#8179=CARTESIAN_POINT('',(-0.00560464614587233,-0.00468929383665546,-0.038862));
#8180=CARTESIAN_POINT('',(-0.00560464614587233,-0.00468929383665546,-0.0381));
#8181=CARTESIAN_POINT('',(-0.00534290086095195,-0.00524104482286296,-0.038862));
#8182=CARTESIAN_POINT('',(-0.00534290086095195,-0.00524104482286296,-0.0381));
#8183=CARTESIAN_POINT('',(-0.00481941029111118,-0.00559631862861607,-0.038862));
#8184=CARTESIAN_POINT('',(-0.00481941029111118,-0.00559631862861607,-0.0381));
#8185=CARTESIAN_POINT('',(-0.00560464614587233,-0.00394106566999359,-0.038862));
#8186=CARTESIAN_POINT('',(-0.00560464614587233,-0.00394106566999359,-0.038862));
#8187=CARTESIAN_POINT('',(-0.00560464614587233,-0.00394106566999359,-0.038862));
#8188=CARTESIAN_POINT('',(-0.00560464614587233,-0.0050634079199864,-0.038862));
#8189=CARTESIAN_POINT('',(-0.00481941029111118,-0.00559631862861607,-0.038862));
#8190=CARTESIAN_POINT('',(-0.00502127040801636,-0.00228783131254017,-0.038862));
#8191=CARTESIAN_POINT('',(-0.00502127040801636,-0.00228783131254017,-0.0381));
#8192=CARTESIAN_POINT('',(-0.00541018756658701,-0.00267540273699812,-0.038862));
#8193=CARTESIAN_POINT('',(-0.00541018756658701,-0.00267540273699812,-0.0381));
#8194=CARTESIAN_POINT('',(-0.00560464614587233,-0.00322648085614926,-0.038862));
#8195=CARTESIAN_POINT('',(-0.00560464614587233,-0.00322648085614926,-0.0381));
#8196=CARTESIAN_POINT('',(-0.00560464614587233,-0.00394106566999359,-0.038862));
#8197=CARTESIAN_POINT('',(-0.00560464614587233,-0.00394106566999359,-0.0381));
#8198=CARTESIAN_POINT('',(-0.00502127040801636,-0.00228783131254017,-0.038862));
#8199=CARTESIAN_POINT('',(-0.00502127040801636,-0.00228783131254017,-0.038862));
#8200=CARTESIAN_POINT('',(-0.00502127040801636,-0.00228783131254017,-0.038862));
#8201=CARTESIAN_POINT('',(-0.00560464614587233,-0.00286918844922709,-0.038862));
#8202=CARTESIAN_POINT('',(-0.00560464614587233,-0.00394106566999359,-0.038862));
#8203=CARTESIAN_POINT('',(-0.00342253828212733,-0.00170647417585326,-0.038862));
#8204=CARTESIAN_POINT('',(-0.00342253828212733,-0.00170647417585326,-0.0381));
#8205=CARTESIAN_POINT('',(-0.00409944254081603,-0.00170647417585326,-0.038862));
#8206=CARTESIAN_POINT('',(-0.00409944254081603,-0.00170647417585326,-0.0381));
#8207=CARTESIAN_POINT('',(-0.00463235324944571,-0.00190025988808223,-0.038862));
#8208=CARTESIAN_POINT('',(-0.00463235324944571,-0.00190025988808223,-0.0381));
#8209=CARTESIAN_POINT('',(-0.00502127040801636,-0.00228783131254017,-0.038862));
#8210=CARTESIAN_POINT('',(-0.00502127040801636,-0.00228783131254017,-0.0381));
#8211=CARTESIAN_POINT('',(-0.00342253828212733,-0.00170647417585326,-0.038862));
#8212=CARTESIAN_POINT('',(-0.00342253828212733,-0.00170647417585326,-0.038862));
#8213=CARTESIAN_POINT('',(-0.00342253828212733,-0.00170647417585326,-0.038862));
#8214=CARTESIAN_POINT('',(-0.00443789467016039,-0.00170647417585326,-0.038862));
#8215=CARTESIAN_POINT('',(-0.00502127040801636,-0.00228783131254017,-0.038862));
#8216=CARTESIAN_POINT('',(-0.00208218710587693,-0.00194365981321684,-0.038862));
#8217=CARTESIAN_POINT('',(-0.00208218710587693,-0.00194365981321684,-0.0381));
#8218=CARTESIAN_POINT('',(-0.00242534930461574,-0.00178553605497445,-0.038862));
#8219=CARTESIAN_POINT('',(-0.00242534930461574,-0.00178553605497445,-0.0381));
#8220=CARTESIAN_POINT('',(-0.00287213303003254,-0.00170647417585326,-0.038862));
#8221=CARTESIAN_POINT('',(-0.00287213303003254,-0.00170647417585326,-0.0381));
#8222=CARTESIAN_POINT('',(-0.00342253828212733,-0.00170647417585326,-0.038862));
#8223=CARTESIAN_POINT('',(-0.00342253828212733,-0.00170647417585326,-0.0381));
#8224=CARTESIAN_POINT('',(-0.00208218710587693,-0.00194365981321684,-0.038862));
#8225=CARTESIAN_POINT('',(-0.00208218710587693,-0.00194365981321684,-0.038862));
#8226=CARTESIAN_POINT('',(-0.00208218710587693,-0.00194365981321684,-0.038862));
#8227=CARTESIAN_POINT('',(-0.00259693040398514,-0.00170647417585326,-0.038862));
#8228=CARTESIAN_POINT('',(-0.00342253828212733,-0.00170647417585326,-0.038862));
#8229=CARTESIAN_POINT('',(-0.00108297952719629,-0.00279248160480312,-0.038862));
#8230=CARTESIAN_POINT('',(-0.00108297952719629,-0.00279248160480312,-0.0381));
#8231=CARTESIAN_POINT('',(-0.00140595571424458,-0.00238472416865466,-0.038862));
#8232=CARTESIAN_POINT('',(-0.00140595571424458,-0.00238472416865466,-0.0381));
#8233=CARTESIAN_POINT('',(-0.00173902490713812,-0.00210178357145923,-0.038862));
#8234=CARTESIAN_POINT('',(-0.00173902490713812,-0.00210178357145923,-0.0381));
#8235=CARTESIAN_POINT('',(-0.00208218710587693,-0.00194365981321684,-0.038862));
#8236=CARTESIAN_POINT('',(-0.00208218710587693,-0.00194365981321684,-0.0381));
#8237=CARTESIAN_POINT('',(-0.00108297952719629,-0.00279248160480312,-0.038862));
#8238=CARTESIAN_POINT('',(-0.00108297952719629,-0.00279248160480312,-0.038862));
#8239=CARTESIAN_POINT('',(-0.00108297952719629,-0.00279248160480312,-0.038862));
#8240=CARTESIAN_POINT('',(-0.00156744380776872,-0.00218084545058043,-0.038862));
#8241=CARTESIAN_POINT('',(-0.00208218710587693,-0.00194365981321684,-0.038862));
#8242=CARTESIAN_POINT('',(-0.00105774701258314,-0.00279248160480312,-0.038862));
#8243=CARTESIAN_POINT('',(-0.00105774701258314,-0.00279248160480312,-0.038862));
#8244=CARTESIAN_POINT('',(-0.00197116404157908,-0.00507551952700071,-0.038862));
#8245=CARTESIAN_POINT('',(-0.00197116404157908,-0.00507551952700071,-0.0381));
#8246=CARTESIAN_POINT('',(-0.00253098943246278,-0.0050593707176483,-0.038862));
#8247=CARTESIAN_POINT('',(-0.00253098943246278,-0.0050593707176483,-0.0381));
#8248=CARTESIAN_POINT('',(-0.0029474941403438,-0.00495877709272388,-0.038862));
#8249=CARTESIAN_POINT('',(-0.0029474941403438,-0.00495877709272388,-0.0381));
#8250=CARTESIAN_POINT('',(-0.00322067816522215,-0.00477373865222747,-0.038862));
#8251=CARTESIAN_POINT('',(-0.00322067816522215,-0.00477373865222747,-0.0381));
#8252=CARTESIAN_POINT('',(-0.00197116404157908,-0.00507551952700071,-0.0381));
#8253=CARTESIAN_POINT('',(-0.00281090212790463,-0.00505129631297209,-0.0381));
#8254=CARTESIAN_POINT('',(-0.00322067816522215,-0.00477373865222747,-0.0381));
#8255=CARTESIAN_POINT('',(-0.00197116404157908,-0.00507551952700071,-0.038862));
#8256=CARTESIAN_POINT('',(-0.00281090212790463,-0.00505129631297209,-0.038862));
#8257=CARTESIAN_POINT('',(-0.00322067816522215,-0.00477373865222747,-0.038862));
#8258=CARTESIAN_POINT('',(-6.93889390390723E-18,-0.00635,-0.038862));
#8259=CARTESIAN_POINT('',(-0.00988710852601572,-0.00183364604950351,-0.038862));
#8260=CARTESIAN_POINT('',(-0.00890909625961013,-0.00183364604950351,-0.038862));
#8261=CARTESIAN_POINT('',(-0.00890909625961013,-0.00183364604950351,-0.038862));
#8262=CARTESIAN_POINT('',(-0.00988710852601572,-0.00183364604950351,-0.038862));
#8263=CARTESIAN_POINT('',(-0.0108651207924213,-0.00183364604950351,-0.038862));
#8264=CARTESIAN_POINT('',(-0.0108651207924213,-0.00183364604950351,-0.038862));
#8265=CARTESIAN_POINT('',(-0.00890909625961013,-0.00563164414907448,-0.038862));
#8266=CARTESIAN_POINT('',(-0.00890909625961013,-0.00942964224864544,-0.038862));
#8267=CARTESIAN_POINT('',(-0.00890909625961013,-0.00942964224864544,-0.038862));
#8268=CARTESIAN_POINT('',(-0.00890909625961013,-0.00563164414907448,-0.038862));
#8269=CARTESIAN_POINT('',(-0.00765756353479802,-0.00942964224864544,-0.038862));
#8270=CARTESIAN_POINT('',(-0.0064060308099859,-0.00942964224864544,-0.038862));
#8271=CARTESIAN_POINT('',(-0.0064060308099859,-0.00942964224864544,-0.038862));
#8272=CARTESIAN_POINT('',(-0.00765756353479802,-0.00942964224864544,-0.038862));
#8273=CARTESIAN_POINT('',(-0.0064060308099859,-0.0102431385197733,-0.038862));
#8274=CARTESIAN_POINT('',(-0.0064060308099859,-0.0110566347909012,-0.038862));
#8275=CARTESIAN_POINT('',(-0.0064060308099859,-0.0110566347909012,-0.038862));
#8276=CARTESIAN_POINT('',(-0.0064060308099859,-0.0102431385197733,-0.038862));
#8277=CARTESIAN_POINT('',(-0.00988811782660026,-0.0110566347909012,-0.038862));
#8278=CARTESIAN_POINT('',(-0.0133702048432146,-0.0110566347909012,-0.038862));
#8279=CARTESIAN_POINT('',(-0.0133702048432146,-0.0110566347909012,-0.038862));
#8280=CARTESIAN_POINT('',(-0.00988811782660026,-0.0110566347909012,-0.038862));
#8281=CARTESIAN_POINT('',(-0.0133702048432146,-0.0102431385197733,-0.038862));
#8282=CARTESIAN_POINT('',(-0.0133702048432146,-0.00942964224864544,-0.038862));
#8283=CARTESIAN_POINT('',(-0.0133702048432146,-0.00942964224864544,-0.038862));
#8284=CARTESIAN_POINT('',(-0.0133702048432146,-0.0102431385197733,-0.038862));
#8285=CARTESIAN_POINT('',(-0.012117662817818,-0.00942964224864544,-0.038862));
#8286=CARTESIAN_POINT('',(-0.0108651207924213,-0.00942964224864544,-0.038862));
#8287=CARTESIAN_POINT('',(-0.0108651207924213,-0.00942964224864544,-0.038862));
#8288=CARTESIAN_POINT('',(-0.012117662817818,-0.00942964224864544,-0.038862));
#8289=CARTESIAN_POINT('',(-0.0108651207924213,-0.00563164414907448,-0.038862));
#8290=CARTESIAN_POINT('',(-0.0108651207924213,-0.00563164414907448,-0.038862));
#8291=CARTESIAN_POINT('',(-6.93889390390723E-18,-0.00635,-0.038862));
#8292=CARTESIAN_POINT('',(-0.0197550403409254,-0.00170647417585324,-0.038862));
#8293=CARTESIAN_POINT('',(-0.0197550403409254,-0.00170647417585324,-0.0381));
#8294=CARTESIAN_POINT('',(-0.0219499326787411,-0.00170647417585324,-0.038862));
#8295=CARTESIAN_POINT('',(-0.0219499326787411,-0.00170647417585324,-0.0381));
#8296=CARTESIAN_POINT('',(-0.0230473788476489,-0.00291157907377716,-0.038862));
#8297=CARTESIAN_POINT('',(-0.0230473788476489,-0.00291157907377716,-0.0381));
#8298=CARTESIAN_POINT('',(-0.023047378847649,-0.00532178886962501,-0.038862));
#8299=CARTESIAN_POINT('',(-0.023047378847649,-0.00532178886962501,-0.0381));
#8300=CARTESIAN_POINT('',(-0.0197550403409254,-0.00170647417585324,-0.038862));
#8301=CARTESIAN_POINT('',(-0.0197550403409254,-0.00170647417585324,-0.038862));
#8302=CARTESIAN_POINT('',(-0.0197550403409254,-0.00170647417585324,-0.038862));
#8303=CARTESIAN_POINT('',(-0.023047378847649,-0.00170647417585324,-0.038862));
#8304=CARTESIAN_POINT('',(-0.023047378847649,-0.00532178886962501,-0.038862));
#8305=CARTESIAN_POINT('',(-0.023047378847649,-0.00532178886962501,-0.038862));
#8306=CARTESIAN_POINT('',(-0.023047378847649,-0.00532178886962501,-0.038862));
#8307=CARTESIAN_POINT('',(-0.0185539726453396,-0.00182052514190467,-0.038862));
#8308=CARTESIAN_POINT('',(-0.0185539726453396,-0.00182052514190467,-0.0381));
#8309=CARTESIAN_POINT('',(-0.0188715658959371,-0.00174449116453705,-0.038862));
#8310=CARTESIAN_POINT('',(-0.0188715658959371,-0.00174449116453705,-0.0381));
#8311=CARTESIAN_POINT('',(-0.0192719217944657,-0.00170647417585324,-0.038862));
#8312=CARTESIAN_POINT('',(-0.0192719217944657,-0.00170647417585324,-0.0381));
#8313=CARTESIAN_POINT('',(-0.0197550403409254,-0.00170647417585324,-0.038862));
#8314=CARTESIAN_POINT('',(-0.0197550403409254,-0.00170647417585324,-0.0381));
#8315=CARTESIAN_POINT('',(-0.0185539726453396,-0.00182052514190467,-0.038862));
#8316=CARTESIAN_POINT('',(-0.0185539726453396,-0.00182052514190467,-0.038862));
#8317=CARTESIAN_POINT('',(-0.0185539726453396,-0.00182052514190467,-0.038862));
#8318=CARTESIAN_POINT('',(-0.0190303625212359,-0.00170647417585324,-0.038862));
#8319=CARTESIAN_POINT('',(-0.0197550403409254,-0.00170647417585324,-0.038862));
#8320=CARTESIAN_POINT('',(-0.0193108316978491,-0.00483091813917885,-0.038862));
#8321=CARTESIAN_POINT('',(-0.0176112858993925,-0.00223131047980671,-0.038862));
#8322=CARTESIAN_POINT('',(-0.0176115379683253,-0.0022316960418369,-0.03886199975));
#8323=CARTESIAN_POINT('',(-0.0193108316978491,-0.00483091813917885,-0.038862));
#8324=CARTESIAN_POINT('',(-0.0176112858993925,-0.00305489975677984,-0.038862));
#8325=CARTESIAN_POINT('',(-0.0176112858993925,-0.00387848903375298,-0.038862));
#8326=CARTESIAN_POINT('',(-0.0176115407287303,-0.00387885953566596,-0.038862));
#8327=CARTESIAN_POINT('',(-0.0176112858993925,-0.00305489975677984,-0.038862));
#8328=CARTESIAN_POINT('',(-0.01969879373068,-0.00691356204092718,-0.0388620000000001));
#8329=CARTESIAN_POINT('',(-0.0185570005470932,-0.00341320146428654,-0.038862));
#8330=CARTESIAN_POINT('',(-0.0185568636210358,-0.0034127807543945,-0.038862));
#8331=CARTESIAN_POINT('',(-0.01969879373068,-0.00691356204092718,-0.038862));
#8332=CARTESIAN_POINT('',(-0.0195498010623126,-0.00669187072606437,-0.038862));
#8333=CARTESIAN_POINT('',(-0.0195854778427251,-0.00326483427836123,-0.038862));
#8334=CARTESIAN_POINT('',(-0.0195854778427251,-0.00326483427836123,-0.038862));
#8335=CARTESIAN_POINT('',(-0.0195498010623126,-0.00669187072606437,-0.038862));
#8336=CARTESIAN_POINT('',(-0.0210873171124996,-0.00533390047663932,-0.038862));
#8337=CARTESIAN_POINT('',(-0.0210873171124996,-0.00533390047663932,-0.0381));
#8338=CARTESIAN_POINT('',(-0.0210873171124997,-0.00395452301112059,-0.038862));
#8339=CARTESIAN_POINT('',(-0.0210873171124997,-0.00395452301112059,-0.0381));
#8340=CARTESIAN_POINT('',(-0.0205867040225748,-0.00326483427836123,-0.038862));
#8341=CARTESIAN_POINT('',(-0.0205867040225748,-0.00326483427836123,-0.0381));
#8342=CARTESIAN_POINT('',(-0.0195854778427251,-0.00326483427836123,-0.038862));
#8343=CARTESIAN_POINT('',(-0.0195854778427251,-0.00326483427836123,-0.0381));
#8344=CARTESIAN_POINT('',(-0.0210873171124996,-0.00533390047663932,-0.038862));
#8345=CARTESIAN_POINT('',(-0.0210873171124996,-0.00533390047663932,-0.038862));
#8346=CARTESIAN_POINT('',(-0.0210873171124996,-0.00533390047663932,-0.038862));
#8347=CARTESIAN_POINT('',(-0.0210873171124996,-0.00326483427836123,-0.038862));
#8348=CARTESIAN_POINT('',(-0.0195854778427251,-0.00326483427836123,-0.038862));
#8349=CARTESIAN_POINT('',(-0.0195854778427251,-0.00746756191232708,-0.038862));
#8350=CARTESIAN_POINT('',(-0.0195854778427251,-0.00746756191232708,-0.0381));
#8351=CARTESIAN_POINT('',(-0.0205867040225748,-0.00746756191232708,-0.038862));
#8352=CARTESIAN_POINT('',(-0.0205867040225748,-0.00746756191232708,-0.0381));
#8353=CARTESIAN_POINT('',(-0.0210873171124997,-0.00675634143376449,-0.038862));
#8354=CARTESIAN_POINT('',(-0.0210873171124997,-0.00675634143376449,-0.0381));
#8355=CARTESIAN_POINT('',(-0.0210873171124996,-0.00533390047663932,-0.038862));
#8356=CARTESIAN_POINT('',(-0.0210873171124996,-0.00533390047663932,-0.0381));
#8357=CARTESIAN_POINT('',(-0.0195854778427251,-0.00746756191232708,-0.038862));
#8358=CARTESIAN_POINT('',(-0.0195854778427251,-0.00746756191232708,-0.038862));
#8359=CARTESIAN_POINT('',(-0.0195854778427251,-0.00746756191232708,-0.038862));
#8360=CARTESIAN_POINT('',(-0.0210873171124996,-0.00746756191232708,-0.038862));
#8361=CARTESIAN_POINT('',(-0.0210873171124996,-0.00533390047663932,-0.038862));
#8362=CARTESIAN_POINT('',(-0.0195928501822358,-0.00475614160531201,-0.0388620000000001));
#8363=CARTESIAN_POINT('',(-0.0188032698897176,-0.00735048304452208,-0.038862));
#8364=CARTESIAN_POINT('',(-0.0188032540460445,-0.00735053418823776,-0.038862));
#8365=CARTESIAN_POINT('',(-0.0195928501822358,-0.00475614160531201,-0.038862));
#8366=CARTESIAN_POINT('',(-0.0216458175474584,0.00194941463695414,-0.0388620000000007));
#8367=CARTESIAN_POINT('',(-0.0179585963033268,-0.00704942097349357,-0.038862));
#8368=CARTESIAN_POINT('',(-0.0179585963033268,-0.00704942097349357,-0.038862));
#8369=CARTESIAN_POINT('',(-0.0216458175474584,0.00194941463695414,-0.038862));
#8370=CARTESIAN_POINT('',(-0.0176738625356331,-0.00779457530171347,-0.038862));
#8371=CARTESIAN_POINT('',(-0.0173892397707968,-0.00853943913309359,-0.038862));
#8372=CARTESIAN_POINT('',(-0.0173892397707968,-0.00853943913309359,-0.038862));
#8373=CARTESIAN_POINT('',(-0.0176738625356331,-0.00779457530171347,-0.038862));
#8374=CARTESIAN_POINT('',(-0.0195854778427251,-0.00901784761015886,-0.038862));
#8375=CARTESIAN_POINT('',(-0.0195854778427251,-0.00901784761015886,-0.0381));
#8376=CARTESIAN_POINT('',(-0.0187699629704282,-0.00901784761015886,-0.038862));
#8377=CARTESIAN_POINT('',(-0.0187699629704282,-0.00901784761015886,-0.0381));
#8378=CARTESIAN_POINT('',(-0.0180378836131187,-0.00885837811780377,-0.038862));
#8379=CARTESIAN_POINT('',(-0.0180378836131187,-0.00885837811780377,-0.0381));
#8380=CARTESIAN_POINT('',(-0.0173892397707968,-0.00853943913309359,-0.038862));
#8381=CARTESIAN_POINT('',(-0.0173892397707968,-0.00853943913309359,-0.0381));
#8382=CARTESIAN_POINT('',(-0.0195854778427251,-0.00901784761015886,-0.038862));
#8383=CARTESIAN_POINT('',(-0.0195854778427251,-0.00901784761015886,-0.038862));
#8384=CARTESIAN_POINT('',(-0.0195854778427251,-0.00901784761015886,-0.038862));
#8385=CARTESIAN_POINT('',(-0.0183622055342797,-0.00901784761015886,-0.038862));
#8386=CARTESIAN_POINT('',(-0.0173892397707968,-0.00853943913309359,-0.038862));
#8387=CARTESIAN_POINT('',(-0.0221521292291745,-0.00806910506070451,-0.038862));
#8388=CARTESIAN_POINT('',(-0.0221521292291745,-0.00806910506070451,-0.0381));
#8389=CARTESIAN_POINT('',(-0.0215552961501915,-0.00870160009367408,-0.038862));
#8390=CARTESIAN_POINT('',(-0.0215552961501915,-0.00870160009367408,-0.0381));
#8391=CARTESIAN_POINT('',(-0.0206997456880417,-0.00901784761015886,-0.038862));
#8392=CARTESIAN_POINT('',(-0.0206997456880417,-0.00901784761015886,-0.0381));
#8393=CARTESIAN_POINT('',(-0.0195854778427251,-0.00901784761015886,-0.038862));
#8394=CARTESIAN_POINT('',(-0.0195854778427251,-0.00901784761015886,-0.0381));
#8395=CARTESIAN_POINT('',(-0.0221521292291745,-0.00806910506070451,-0.038862));
#8396=CARTESIAN_POINT('',(-0.0221521292291745,-0.00806910506070451,-0.038862));
#8397=CARTESIAN_POINT('',(-0.0221521292291745,-0.00806910506070451,-0.038862));
#8398=CARTESIAN_POINT('',(-0.0212568796107,-0.00901784761015886,-0.038862));
#8399=CARTESIAN_POINT('',(-0.0195854778427251,-0.00901784761015886,-0.038862));
#8400=CARTESIAN_POINT('',(-0.023047378847649,-0.00532178886962501,-0.038862));
#8401=CARTESIAN_POINT('',(-0.023047378847649,-0.00532178886962501,-0.0381));
#8402=CARTESIAN_POINT('',(-0.0230473788476489,-0.00652083796404178,-0.038862));
#8403=CARTESIAN_POINT('',(-0.0230473788476489,-0.00652083796404178,-0.0381));
#8404=CARTESIAN_POINT('',(-0.0227489623081575,-0.00743661002773495,-0.038862));
#8405=CARTESIAN_POINT('',(-0.0227489623081575,-0.00743661002773495,-0.0381));
#8406=CARTESIAN_POINT('',(-0.0221521292291745,-0.00806910506070451,-0.038862));
#8407=CARTESIAN_POINT('',(-0.0221521292291745,-0.00806910506070451,-0.0381));
#8408=CARTESIAN_POINT('',(-0.023047378847649,-0.00532178886962501,-0.038862));
#8409=CARTESIAN_POINT('',(-0.023047378847649,-0.00712036251125017,-0.038862));
#8410=CARTESIAN_POINT('',(-0.0221521292291745,-0.00806910506070451,-0.038862));
#8411=CARTESIAN_POINT('',(-6.93889390390723E-18,-0.00635,-0.038862));
#8412=CARTESIAN_POINT('',(-0.0255999000259149,-0.0018336460495035,-0.038862));
#8413=CARTESIAN_POINT('',(-0.0246380365688617,-0.0018336460495035,-0.038862));
#8414=CARTESIAN_POINT('',(-0.0246380365688617,-0.0018336460495035,-0.038862));
#8415=CARTESIAN_POINT('',(-0.0255999000259149,-0.0018336460495035,-0.038862));
#8416=CARTESIAN_POINT('',(-0.0265617634829682,-0.0018336460495035,-0.038862));
#8417=CARTESIAN_POINT('',(-0.0265617634829682,-0.0018336460495035,-0.038862));
#8418=CARTESIAN_POINT('',(-0.0246380365688617,-0.00536014229183699,-0.038862));
#8419=CARTESIAN_POINT('',(-0.0246380365688617,-0.00888663853417049,-0.038862));
#8420=CARTESIAN_POINT('',(-0.0246380365688617,-0.00888663853417049,-0.038862));
#8421=CARTESIAN_POINT('',(-0.0246380365688617,-0.00536014229183699,-0.038862));
#8422=CARTESIAN_POINT('',(-0.0255999000259149,-0.00888663853417049,-0.038862));
#8423=CARTESIAN_POINT('',(-0.0265617634829682,-0.00888663853417049,-0.038862));
#8424=CARTESIAN_POINT('',(-0.0265617634829682,-0.00888663853417049,-0.038862));
#8425=CARTESIAN_POINT('',(-0.0255999000259149,-0.00888663853417049,-0.038862));
#8426=CARTESIAN_POINT('',(-0.0265617634829682,-0.00536014229183699,-0.038862));
#8427=CARTESIAN_POINT('',(-0.0265617634829682,-0.00536014229183699,-0.038862));
#8428=CARTESIAN_POINT('',(-6.93889390390723E-18,-0.00635,-0.038862));
#8429=CARTESIAN_POINT('',(-0.0266445261308992,-0.0107094353898243,-0.038862));
#8430=CARTESIAN_POINT('',(-0.0266445261308992,-0.0107094353898243,-0.0381));
#8431=CARTESIAN_POINT('',(-0.0266445261308992,-0.011336547486343,-0.038862));
#8432=CARTESIAN_POINT('',(-0.0266445261308992,-0.011336547486343,-0.0381));
#8433=CARTESIAN_POINT('',(-0.0262953081286533,-0.0116501035346024,-0.038862));
#8434=CARTESIAN_POINT('',(-0.0262953081286533,-0.0116501035346024,-0.0381));
#8435=CARTESIAN_POINT('',(-0.0255968721241614,-0.0116501035346024,-0.038862));
#8436=CARTESIAN_POINT('',(-0.0255968721241614,-0.0116501035346024,-0.0381));
#8437=CARTESIAN_POINT('',(-0.0266445261308992,-0.0107094353898243,-0.038862));
#8438=CARTESIAN_POINT('',(-0.0266445261308992,-0.0107094353898243,-0.038862));
#8439=CARTESIAN_POINT('',(-0.0266445261308992,-0.0107094353898243,-0.038862));
#8440=CARTESIAN_POINT('',(-0.0266445261308992,-0.0116501035346024,-0.038862));
#8441=CARTESIAN_POINT('',(-0.0255968721241614,-0.0116501035346024,-0.038862));
#8442=CARTESIAN_POINT('',(-0.0255968721241614,-0.0116501035346024,-0.038862));
#8443=CARTESIAN_POINT('',(-0.0255968721241614,-0.0116501035346024,-0.038862));
#8444=CARTESIAN_POINT('',(-0.0255968721241614,-0.00976271144153897,-0.038862));
#8445=CARTESIAN_POINT('',(-0.0255968721241614,-0.00976271144153897,-0.0381));
#8446=CARTESIAN_POINT('',(-0.0262953081286533,-0.00976271144153897,-0.038862));
#8447=CARTESIAN_POINT('',(-0.0262953081286533,-0.00976271144153897,-0.0381));
#8448=CARTESIAN_POINT('',(-0.0266445261308992,-0.0100782860909674,-0.038862));
#8449=CARTESIAN_POINT('',(-0.0266445261308992,-0.0100782860909674,-0.0381));
#8450=CARTESIAN_POINT('',(-0.0266445261308992,-0.0107094353898243,-0.038862));
#8451=CARTESIAN_POINT('',(-0.0266445261308992,-0.0107094353898243,-0.0381));
#8452=CARTESIAN_POINT('',(-0.0255968721241614,-0.00976271144153897,-0.038862));
#8453=CARTESIAN_POINT('',(-0.0255968721241614,-0.00976271144153897,-0.038862));
#8454=CARTESIAN_POINT('',(-0.0255968721241614,-0.00976271144153897,-0.038862));
#8455=CARTESIAN_POINT('',(-0.0266445261308992,-0.00976271144153897,-0.038862));
#8456=CARTESIAN_POINT('',(-0.0266445261308992,-0.0107094353898243,-0.038862));
#8457=CARTESIAN_POINT('',(-0.0248106269688157,-0.0100120086859169,-0.038862));
#8458=CARTESIAN_POINT('',(-0.0248106269688157,-0.0100120086859169,-0.0381));
#8459=CARTESIAN_POINT('',(-0.0249848995364105,-0.00984581052299827,-0.038862));
#8460=CARTESIAN_POINT('',(-0.0249848995364105,-0.00984581052299827,-0.0381));
#8461=CARTESIAN_POINT('',(-0.0252469812548591,-0.00976271144153897,-0.038862));
#8462=CARTESIAN_POINT('',(-0.0252469812548591,-0.00976271144153897,-0.0381));
#8463=CARTESIAN_POINT('',(-0.0255968721241614,-0.00976271144153897,-0.038862));
#8464=CARTESIAN_POINT('',(-0.0255968721241614,-0.00976271144153897,-0.0381));
#8465=CARTESIAN_POINT('',(-0.0248106269688157,-0.0100120086859169,-0.038862));
#8466=CARTESIAN_POINT('',(-0.0248106269688157,-0.0100120086859169,-0.038862));
#8467=CARTESIAN_POINT('',(-0.0248106269688157,-0.0100120086859169,-0.038862));
#8468=CARTESIAN_POINT('',(-0.0250720358202079,-0.00976271144153897,-0.038862));
#8469=CARTESIAN_POINT('',(-0.0255968721241614,-0.00976271144153897,-0.038862));
#8470=CARTESIAN_POINT('',(-0.0245492181174235,-0.0107094353898243,-0.038862));
#8471=CARTESIAN_POINT('',(-0.0245492181174235,-0.0107094353898243,-0.0381));
#8472=CARTESIAN_POINT('',(-0.0245492181174235,-0.0104106824168046,-0.038862));
#8473=CARTESIAN_POINT('',(-0.0245492181174235,-0.0104106824168046,-0.0381));
#8474=CARTESIAN_POINT('',(-0.0246363544012209,-0.0101782068488355,-0.038862));
#8475=CARTESIAN_POINT('',(-0.0246363544012209,-0.0101782068488355,-0.0381));
#8476=CARTESIAN_POINT('',(-0.0248106269688157,-0.0100120086859169,-0.038862));
#8477=CARTESIAN_POINT('',(-0.0248106269688157,-0.0100120086859169,-0.0381));
#8478=CARTESIAN_POINT('',(-0.0245492181174235,-0.0107094353898243,-0.038862));
#8479=CARTESIAN_POINT('',(-0.0245492181174235,-0.0107094353898243,-0.038862));
#8480=CARTESIAN_POINT('',(-0.0245492181174235,-0.0107094353898243,-0.038862));
#8481=CARTESIAN_POINT('',(-0.0245492181174235,-0.0102613059302948,-0.038862));
#8482=CARTESIAN_POINT('',(-0.0248106269688157,-0.0100120086859169,-0.038862));
#8483=CARTESIAN_POINT('',(-0.0255968721241614,-0.0116501035346024,-0.038862));
#8484=CARTESIAN_POINT('',(-0.0255968721241614,-0.0116501035346024,-0.0381));
#8485=CARTESIAN_POINT('',(-0.0248984361196695,-0.0116501035346024,-0.038862));
#8486=CARTESIAN_POINT('',(-0.0248984361196695,-0.0116501035346024,-0.0381));
#8487=CARTESIAN_POINT('',(-0.0245492181174235,-0.011336547486343,-0.038862));
#8488=CARTESIAN_POINT('',(-0.0245492181174235,-0.011336547486343,-0.0381));
#8489=CARTESIAN_POINT('',(-0.0245492181174235,-0.0107094353898243,-0.038862));
#8490=CARTESIAN_POINT('',(-0.0245492181174235,-0.0107094353898243,-0.0381));
#8491=CARTESIAN_POINT('',(-0.0255968721241614,-0.0116501035346024,-0.038862));
#8492=CARTESIAN_POINT('',(-0.0245492181174235,-0.0116501035346024,-0.038862));
#8493=CARTESIAN_POINT('',(-0.0245492181174235,-0.0107094353898243,-0.038862));
#8494=CARTESIAN_POINT('',(-6.93889390390723E-18,-0.00635,-0.038862));
#8495=CARTESIAN_POINT('',(-0.0313105227331625,-0.00183364604950349,-0.038862));
#8496=CARTESIAN_POINT('',(-0.0303325104667569,-0.00183364604950349,-0.038862));
#8497=CARTESIAN_POINT('',(-0.0303325104667569,-0.00183364604950349,-0.038862));
#8498=CARTESIAN_POINT('',(-0.0313105227331625,-0.00183364604950349,-0.038862));
#8499=CARTESIAN_POINT('',(-0.0322885349995681,-0.00183364604950349,-0.038862));
#8500=CARTESIAN_POINT('',(-0.0322885349995681,-0.00183364604950349,-0.038862));
#8501=CARTESIAN_POINT('',(-0.0303325104667569,-0.00563164414907445,-0.038862));
#8502=CARTESIAN_POINT('',(-0.0303325104667569,-0.00942964224864542,-0.038862));
#8503=CARTESIAN_POINT('',(-0.0303325104667569,-0.00942964224864542,-0.038862));
#8504=CARTESIAN_POINT('',(-0.0303325104667569,-0.00563164414907445,-0.038862));
#8505=CARTESIAN_POINT('',(-0.0290809777419448,-0.00942964224864542,-0.038862));
#8506=CARTESIAN_POINT('',(-0.0278294450171327,-0.00942964224864542,-0.038862));
#8507=CARTESIAN_POINT('',(-0.0278294450171327,-0.00942964224864542,-0.038862));
#8508=CARTESIAN_POINT('',(-0.0290809777419448,-0.00942964224864542,-0.038862));
#8509=CARTESIAN_POINT('',(-0.0278294450171327,-0.0102431385197733,-0.038862));
#8510=CARTESIAN_POINT('',(-0.0278294450171327,-0.0110566347909012,-0.038862));
#8511=CARTESIAN_POINT('',(-0.0278294450171327,-0.0110566347909012,-0.038862));
#8512=CARTESIAN_POINT('',(-0.0278294450171327,-0.0102431385197733,-0.038862));
#8513=CARTESIAN_POINT('',(-0.031311532033747,-0.0110566347909012,-0.038862));
#8514=CARTESIAN_POINT('',(-0.0347936190503614,-0.0110566347909012,-0.038862));
#8515=CARTESIAN_POINT('',(-0.0347936190503614,-0.0110566347909012,-0.038862));
#8516=CARTESIAN_POINT('',(-0.031311532033747,-0.0110566347909012,-0.038862));
#8517=CARTESIAN_POINT('',(-0.0347936190503614,-0.0102431385197733,-0.038862));
#8518=CARTESIAN_POINT('',(-0.0347936190503614,-0.00942964224864541,-0.038862));
#8519=CARTESIAN_POINT('',(-0.0347936190503614,-0.00942964224864541,-0.038862));
#8520=CARTESIAN_POINT('',(-0.0347936190503614,-0.0102431385197733,-0.038862));
#8521=CARTESIAN_POINT('',(-0.0335410770249648,-0.00942964224864542,-0.038862));
#8522=CARTESIAN_POINT('',(-0.0322885349995681,-0.00942964224864542,-0.038862));
#8523=CARTESIAN_POINT('',(-0.0322885349995681,-0.00942964224864542,-0.038862));
#8524=CARTESIAN_POINT('',(-0.0335410770249648,-0.00942964224864542,-0.038862));
#8525=CARTESIAN_POINT('',(-0.0322885349995681,-0.00563164414907445,-0.038862));
#8526=CARTESIAN_POINT('',(-0.0322885349995681,-0.00563164414907445,-0.038862));
#8527=CARTESIAN_POINT('',(-6.93889390390723E-18,-0.00635,-0.038862));
#8528=CARTESIAN_POINT('',(-6.93889390390723E-18,-0.0127,-0.0381));
#8529=CARTESIAN_POINT('',(-0.035052,-0.0107,0.035052));
#8530=CARTESIAN_POINT('',(-0.035052,-0.0107,0.035052));
#8531=CARTESIAN_POINT('',(-0.033052,-0.0107,0.035052));
#8532=CARTESIAN_POINT('',(0.,-0.0107,0.));
#8533=CARTESIAN_POINT('',(0.035052,-0.0107,0.035052));
#8534=CARTESIAN_POINT('',(0.035052,-0.0107,0.035052));
#8535=CARTESIAN_POINT('',(0.037052,-0.0107,0.035052));
#8536=CARTESIAN_POINT('',(0.,-0.0107,0.));
#8537=CARTESIAN_POINT('',(0.035052,-0.0107,-0.035052));
#8538=CARTESIAN_POINT('',(0.035052,-0.0107,-0.035052));
#8539=CARTESIAN_POINT('',(0.037052,-0.0107,-0.035052));
#8540=CARTESIAN_POINT('',(0.,-0.0107,0.));
#8541=CARTESIAN_POINT('',(-0.035052,-0.0107,-0.035052));
#8542=CARTESIAN_POINT('',(-0.035052,-0.0107,-0.035052));
#8543=CARTESIAN_POINT('',(-0.033052,-0.0107,-0.035052));
#8544=CARTESIAN_POINT('',(0.,-0.0107,0.));
#8545=MECHANICAL_DESIGN_GEOMETRIC_PRESENTATION_REPRESENTATION('',(#4433,
#136,#137,#138,#139,#140,#141,#142,#143,#144,#145,#146,#147,#148,#149,#150,
#151,#152,#153,#154,#155,#156,#157,#158,#159,#160,#161,#162,#163,#164,#165,
#166,#167,#168,#169,#170,#171,#172,#173,#174,#175,#176,#177,#178,#179,#180,
#181,#182,#183,#184,#185,#186,#187,#188,#189,#190,#191,#192,#193,#194,#195,
#196,#197,#198,#199,#200,#201,#202,#203,#204,#205,#206,#207,#208,#209,#210,
#211,#212,#213,#214,#215,#216,#217,#218,#219,#220,#221,#222,#223,#224,#225,
#226,#227,#228,#229,#230,#231,#232,#233,#234,#235,#236,#237,#238,#239,#240,
#241,#242,#243,#244,#245,#246,#247,#248,#249,#250,#251,#252,#253,#254,#255,
#256,#257,#258,#259,#260,#261,#262,#263,#264,#265,#266,#267,#268,#269,#270,
#271,#272,#273,#274,#275,#276,#277,#278,#279,#280),#8546);
#8546=(
GEOMETRIC_REPRESENTATION_CONTEXT(3)
GLOBAL_UNCERTAINTY_ASSIGNED_CONTEXT((#8547))
GLOBAL_UNIT_ASSIGNED_CONTEXT((#8550,#8549,#8548))
REPRESENTATION_CONTEXT('Part 1','TOP_LEVEL_ASSEMBLY_PART')
);
#8547=UNCERTAINTY_MEASURE_WITH_UNIT(LENGTH_MEASURE(2.E-5),#8550,
'DISTANCE_ACCURACY_VALUE','Maximum Tolerance applied to model');
#8548=(
NAMED_UNIT(*)
SI_UNIT($,.STERADIAN.)
SOLID_ANGLE_UNIT()
);
#8549=(
NAMED_UNIT(*)
PLANE_ANGLE_UNIT()
SI_UNIT($,.RADIAN.)
);
#8550=(
LENGTH_UNIT()
NAMED_UNIT(*)
SI_UNIT($,.METRE.)
);
#8551=PRODUCT_DEFINITION_SHAPE('','',#8552);
#8552=PRODUCT_DEFINITION('','',#8554,#8553);
#8553=PRODUCT_DEFINITION_CONTEXT('',#8560,'design');
#8554=PRODUCT_DEFINITION_FORMATION_WITH_SPECIFIED_SOURCE('','',#8556,
 .NOT_KNOWN.);
#8555=PRODUCT_RELATED_PRODUCT_CATEGORY('','',(#8556));
#8556=PRODUCT('Part 1','Part 1','Part 1',(#8558));
#8557=PRODUCT_CATEGORY('','');
#8558=PRODUCT_CONTEXT('',#8560,'mechanical');
#8559=APPLICATION_PROTOCOL_DEFINITION('international standard',
'ap242_managed_model_based_3d_engineering',2020,#8560);
#8560=APPLICATION_CONTEXT('managed model based 3d engineering');
ENDSEC;
END-ISO-10303-21;
